[{"reward": 940, "eps": 0.3704, "len": 297, "time": 7684.85, "timesteps": 279965, "cpu_memory": 6.59, "cpu_percent": 22.4, "learning_rate": 0.00025, "loss_mean": 0.41, "n_updates": 0}, {"reward": 730, "eps": 0.3699, "len": 280164, "time": 7691.09, "timesteps": 280164, "cpu_memory": 6.58, "cpu_percent": 22.3, "learning_rate": 0.00025, "loss_mean": 0.39, "n_updates": 0}, {"reward": 560, "eps": 0.3694, "len": 172, "time": 7696.04, "timesteps": 280336, "cpu_memory": 6.58, "cpu_percent": 22.3, "learning_rate": 0.00025, "loss_mean": 0.39, "n_updates": 0}, {"reward": 500, "eps": 0.369, "len": 177, "time": 7701.07, "timesteps": 280513, "cpu_memory": 6.58, "cpu_percent": 22.3, "learning_rate": 0.00025, "loss_mean": 0.38, "n_updates": 0}, {"reward": 1290, "eps": 0.3686, "len": 260, "time": 7708.71, "timesteps": 280773, "cpu_memory": 6.59, "cpu_percent": 22.4, "learning_rate": 0.00025, "loss_mean": 0.37, "n_updates": 0}, {"reward": 520, "eps": 0.3681, "len": 176, "time": 7713.74, "timesteps": 280949, "cpu_memory": 6.59, "cpu_percent": 22.4, "learning_rate": 0.00025, "loss_mean": 0.38, "n_updates": 0}, {"reward": 810, "eps": 0.3676, "len": 210, "time": 7719.7, "timesteps": 281159, "cpu_memory": 6.59, "cpu_percent": 22.4, "learning_rate": 0.00025, "loss_mean": 0.38, "n_updates": 0}, {"reward": 810, "eps": 0.3671, "len": 241, "time": 7726.48, "timesteps": 281400, "cpu_memory": 6.59, "cpu_percent": 22.4, "learning_rate": 0.00025, "loss_mean": 0.38, "n_updates": 0}, {"reward": 530, "eps": 0.3666, "len": 224, "time": 7732.79, "timesteps": 281624, "cpu_memory": 6.59, "cpu_percent": 22.4, "learning_rate": 0.00025, "loss_mean": 0.35, "n_updates": 0}, {"reward": 610, "eps": 0.3662, "len": 173, "time": 7737.87, "timesteps": 281797, "cpu_memory": 6.59, "cpu_percent": 22.4, "learning_rate": 0.00025, "loss_mean": 0.36, "n_updates": 0}, {"reward": 400, "eps": 0.3658, "len": 137, "time": 7741.75, "timesteps": 281934, "cpu_memory": 6.59, "cpu_percent": 22.4, "learning_rate": 0.00025, "loss_mean": 0.36, "n_updates": 0}, {"reward": 320, "eps": 0.3655, "len": 155, "time": 7746.18, "timesteps": 282089, "cpu_memory": 6.59, "cpu_percent": 22.4, "learning_rate": 0.00025, "loss_mean": 0.38, "n_updates": 0}, {"reward": 900, "eps": 0.365, "len": 237, "time": 7752.87, "timesteps": 282326, "cpu_memory": 6.6, "cpu_percent": 22.4, "learning_rate": 0.00025, "loss_mean": 0.37, "n_updates": 0}, {"reward": 390, "eps": 0.3646, "len": 138, "time": 7756.84, "timesteps": 282464, "cpu_memory": 6.6, "cpu_percent": 22.4, "learning_rate": 0.00025, "loss_mean": 0.36, "n_updates": 0}, {"reward": 570, "eps": 0.3643, "len": 167, "time": 7761.54, "timesteps": 282631, "cpu_memory": 6.6, "cpu_percent": 22.4, "learning_rate": 0.00025, "loss_mean": 0.37, "n_updates": 0}, {"reward": 1150, "eps": 0.3638, "len": 216, "time": 7767.79, "timesteps": 282847, "cpu_memory": 6.6, "cpu_percent": 22.4, "learning_rate": 0.00025, "loss_mean": 0.36, "n_updates": 0}, {"reward": 520, "eps": 0.3634, "len": 171, "time": 7772.85, "timesteps": 283018, "cpu_memory": 6.6, "cpu_percent": 22.4, "learning_rate": 0.00025, "loss_mean": 0.38, "n_updates": 0}, {"reward": 330, "eps": 0.3631, "len": 114, "time": 7776.16, "timesteps": 283132, "cpu_memory": 6.6, "cpu_percent": 22.4, "learning_rate": 0.00025, "loss_mean": 0.36, "n_updates": 0}, {"reward": 710, "eps": 0.3628, "len": 176, "time": 7781.11, "timesteps": 283308, "cpu_memory": 6.6, "cpu_percent": 22.4, "learning_rate": 0.00025, "loss_mean": 0.36, "n_updates": 0}, {"reward": 370, "eps": 0.3624, "len": 145, "time": 7785.25, "timesteps": 283453, "cpu_memory": 6.6, "cpu_percent": 22.4, "learning_rate": 0.00025, "loss_mean": 0.35, "n_updates": 0}, {"reward": 450, "eps": 0.3621, "len": 129, "time": 7788.93, "timesteps": 283582, "cpu_memory": 6.61, "cpu_percent": 22.4, "learning_rate": 0.00025, "loss_mean": 0.37, "n_updates": 0}, {"reward": 520, "eps": 0.3617, "len": 175, "time": 7793.95, "timesteps": 283757, "cpu_memory": 6.61, "cpu_percent": 22.4, "learning_rate": 0.00025, "loss_mean": 0.35, "n_updates": 0}, {"reward": 1130, "eps": 0.3612, "len": 313, "time": 7803.05, "timesteps": 284070, "cpu_memory": 6.61, "cpu_percent": 22.4, "learning_rate": 0.00025, "loss_mean": 0.36, "n_updates": 0}, {"reward": 340, "eps": 0.3607, "len": 129, "time": 7806.77, "timesteps": 284199, "cpu_memory": 6.61, "cpu_percent": 22.4, "learning_rate": 0.00025, "loss_mean": 0.39, "n_updates": 0}, {"reward": 620, "eps": 0.3603, "len": 221, "time": 7813.1, "timesteps": 284420, "cpu_memory": 6.61, "cpu_percent": 22.4, "learning_rate": 0.00025, "loss_mean": 0.37, "n_updates": 0}, {"reward": 630, "eps": 0.3599, "len": 150, "time": 7817.32, "timesteps": 284570, "cpu_memory": 6.61, "cpu_percent": 22.4, "learning_rate": 0.00025, "loss_mean": 0.37, "n_updates": 0}, {"reward": 630, "eps": 0.3595, "len": 186, "time": 7822.6, "timesteps": 284756, "cpu_memory": 6.61, "cpu_percent": 22.4, "learning_rate": 0.00025, "loss_mean": 0.37, "n_updates": 0}, {"reward": 810, "eps": 0.3591, "len": 214, "time": 7828.7, "timesteps": 284970, "cpu_memory": 6.62, "cpu_percent": 22.4, "learning_rate": 0.00025, "loss_mean": 0.37, "n_updates": 0}, {"reward": 400, "eps": 0.3587, "len": 129, "time": 7832.53, "timesteps": 285099, "cpu_memory": 6.62, "cpu_percent": 22.5, "learning_rate": 0.00025, "loss_mean": 0.36, "n_updates": 0}, {"reward": 580, "eps": 0.3583, "len": 180, "time": 7837.65, "timesteps": 285279, "cpu_memory": 6.62, "cpu_percent": 22.5, "learning_rate": 0.00025, "loss_mean": 0.38, "n_updates": 0}, {"reward": 1320, "eps": 0.3578, "len": 313, "time": 7846.43, "timesteps": 285592, "cpu_memory": 6.62, "cpu_percent": 22.5, "learning_rate": 0.00025, "loss_mean": 0.38, "n_updates": 0}, {"reward": 320, "eps": 0.3573, "len": 112, "time": 7849.61, "timesteps": 285704, "cpu_memory": 6.62, "cpu_percent": 22.5, "learning_rate": 0.00025, "loss_mean": 0.35, "n_updates": 0}, {"reward": 530, "eps": 0.357, "len": 157, "time": 7854.17, "timesteps": 285861, "cpu_memory": 6.62, "cpu_percent": 22.5, "learning_rate": 0.00025, "loss_mean": 0.38, "n_updates": 0}, {"reward": 900, "eps": 0.3565, "len": 249, "time": 7861.26, "timesteps": 286110, "cpu_memory": 6.62, "cpu_percent": 22.5, "learning_rate": 0.00025, "loss_mean": 0.39, "n_updates": 0}, {"reward": 770, "eps": 0.356, "len": 205, "time": 7867.31, "timesteps": 286315, "cpu_memory": 6.63, "cpu_percent": 22.5, "learning_rate": 0.00025, "loss_mean": 0.36, "n_updates": 0}, {"reward": 540, "eps": 0.3556, "len": 162, "time": 7871.97, "timesteps": 286477, "cpu_memory": 6.63, "cpu_percent": 22.5, "learning_rate": 0.00025, "loss_mean": 0.38, "n_updates": 0}, {"reward": 990, "eps": 0.3551, "len": 279, "time": 7880.12, "timesteps": 286756, "cpu_memory": 6.63, "cpu_percent": 22.5, "learning_rate": 0.00025, "loss_mean": 0.36, "n_updates": 0}, {"reward": 680, "eps": 0.3546, "len": 179, "time": 7885.29, "timesteps": 286935, "cpu_memory": 6.63, "cpu_percent": 22.5, "learning_rate": 0.00025, "loss_mean": 0.36, "n_updates": 0}, {"reward": 500, "eps": 0.3543, "len": 124, "time": 7888.92, "timesteps": 287059, "cpu_memory": 6.63, "cpu_percent": 22.5, "learning_rate": 0.00025, "loss_mean": 0.35, "n_updates": 0}, {"reward": 410, "eps": 0.354, "len": 131, "time": 7892.74, "timesteps": 287190, "cpu_memory": 6.63, "cpu_percent": 22.5, "learning_rate": 0.00025, "loss_mean": 0.37, "n_updates": 0}, {"reward": 560, "eps": 0.3536, "len": 197, "time": 7898.47, "timesteps": 287387, "cpu_memory": 6.63, "cpu_percent": 22.5, "learning_rate": 0.00025, "loss_mean": 0.37, "n_updates": 0}, {"reward": 520, "eps": 0.3532, "len": 135, "time": 7902.34, "timesteps": 287522, "cpu_memory": 6.63, "cpu_percent": 22.5, "learning_rate": 0.00025, "loss_mean": 0.38, "n_updates": 0}, {"reward": 650, "eps": 0.3529, "len": 156, "time": 7906.88, "timesteps": 287678, "cpu_memory": 6.64, "cpu_percent": 22.5, "learning_rate": 0.00025, "loss_mean": 0.37, "n_updates": 0}, {"reward": 520, "eps": 0.3525, "len": 187, "time": 7912.16, "timesteps": 287865, "cpu_memory": 6.64, "cpu_percent": 22.5, "learning_rate": 0.00025, "loss_mean": 0.38, "n_updates": 0}, {"reward": 840, "eps": 0.352, "len": 227, "time": 7918.66, "timesteps": 288092, "cpu_memory": 6.64, "cpu_percent": 22.5, "learning_rate": 0.00025, "loss_mean": 0.38, "n_updates": 0}, {"reward": 860, "eps": 0.3515, "len": 228, "time": 7925.45, "timesteps": 288320, "cpu_memory": 6.64, "cpu_percent": 22.5, "learning_rate": 0.00025, "loss_mean": 0.36, "n_updates": 0}, {"reward": 1310, "eps": 0.3509, "len": 298, "time": 7933.87, "timesteps": 288618, "cpu_memory": 6.64, "cpu_percent": 22.5, "learning_rate": 0.00025, "loss_mean": 0.38, "n_updates": 0}, {"reward": 750, "eps": 0.3504, "len": 209, "time": 7939.84, "timesteps": 288827, "cpu_memory": 6.64, "cpu_percent": 22.5, "learning_rate": 0.00025, "loss_mean": 0.38, "n_updates": 0}, {"reward": 950, "eps": 0.3498, "len": 261, "time": 7947.23, "timesteps": 289088, "cpu_memory": 6.65, "cpu_percent": 22.6, "learning_rate": 0.00025, "loss_mean": 0.38, "n_updates": 0}, {"reward": 460, "eps": 0.3494, "len": 132, "time": 7951.05, "timesteps": 289220, "cpu_memory": 6.65, "cpu_percent": 22.6, "learning_rate": 0.00025, "loss_mean": 0.38, "n_updates": 0}, {"reward": 920, "eps": 0.349, "len": 241, "time": 7958.12, "timesteps": 289461, "cpu_memory": 6.65, "cpu_percent": 22.6, "learning_rate": 0.00025, "loss_mean": 0.38, "n_updates": 0}, {"reward": 610, "eps": 0.3485, "len": 154, "time": 7962.65, "timesteps": 289615, "cpu_memory": 6.65, "cpu_percent": 22.6, "learning_rate": 0.00025, "loss_mean": 0.38, "n_updates": 0}]