[{"reward": 590, "eps": 0.5278, "len": 188, "time": 5692.71, "timesteps": 209957, "cpu_memory": 6.08, "cpu_percent": 20.8, "learning_rate": 0.00025, "loss_mean": 0.36, "n_updates": 0}, {"reward": 370, "eps": 0.5275, "len": 210084, "time": 5696.93, "timesteps": 210084, "cpu_memory": 6.08, "cpu_percent": 20.8, "learning_rate": 0.00025, "loss_mean": 0.36, "n_updates": 0}, {"reward": 400, "eps": 0.5272, "len": 132, "time": 5700.76, "timesteps": 210216, "cpu_memory": 6.09, "cpu_percent": 20.8, "learning_rate": 0.00025, "loss_mean": 0.38, "n_updates": 0}, {"reward": 670, "eps": 0.5268, "len": 210, "time": 5706.68, "timesteps": 210426, "cpu_memory": 6.09, "cpu_percent": 20.8, "learning_rate": 0.00025, "loss_mean": 0.36, "n_updates": 0}, {"reward": 580, "eps": 0.5263, "len": 217, "time": 5712.73, "timesteps": 210643, "cpu_memory": 6.09, "cpu_percent": 20.8, "learning_rate": 0.00025, "loss_mean": 0.34, "n_updates": 0}, {"reward": 770, "eps": 0.5258, "len": 201, "time": 5718.46, "timesteps": 210844, "cpu_memory": 6.09, "cpu_percent": 20.8, "learning_rate": 0.00025, "loss_mean": 0.35, "n_updates": 0}, {"reward": 820, "eps": 0.5254, "len": 191, "time": 5723.78, "timesteps": 211035, "cpu_memory": 6.09, "cpu_percent": 20.8, "learning_rate": 0.00025, "loss_mean": 0.36, "n_updates": 0}, {"reward": 540, "eps": 0.525, "len": 158, "time": 5728.18, "timesteps": 211193, "cpu_memory": 6.09, "cpu_percent": 20.8, "learning_rate": 0.00025, "loss_mean": 0.34, "n_updates": 0}, {"reward": 910, "eps": 0.5245, "len": 268, "time": 5735.76, "timesteps": 211461, "cpu_memory": 6.09, "cpu_percent": 20.8, "learning_rate": 0.00025, "loss_mean": 0.36, "n_updates": 0}, {"reward": 810, "eps": 0.524, "len": 226, "time": 5742.02, "timesteps": 211687, "cpu_memory": 6.1, "cpu_percent": 20.8, "learning_rate": 0.00025, "loss_mean": 0.35, "n_updates": 0}, {"reward": 600, "eps": 0.5235, "len": 201, "time": 5747.56, "timesteps": 211888, "cpu_memory": 6.1, "cpu_percent": 20.8, "learning_rate": 0.00025, "loss_mean": 0.33, "n_updates": 0}, {"reward": 320, "eps": 0.5231, "len": 150, "time": 5751.64, "timesteps": 212038, "cpu_memory": 6.1, "cpu_percent": 20.8, "learning_rate": 0.00025, "loss_mean": 0.32, "n_updates": 0}, {"reward": 890, "eps": 0.5226, "len": 241, "time": 5758.37, "timesteps": 212279, "cpu_memory": 6.1, "cpu_percent": 20.8, "learning_rate": 0.00025, "loss_mean": 0.32, "n_updates": 0}, {"reward": 420, "eps": 0.5222, "len": 120, "time": 5761.85, "timesteps": 212399, "cpu_memory": 6.1, "cpu_percent": 20.8, "learning_rate": 0.00025, "loss_mean": 0.34, "n_updates": 0}, {"reward": 860, "eps": 0.5218, "len": 241, "time": 5768.53, "timesteps": 212640, "cpu_memory": 6.1, "cpu_percent": 20.8, "learning_rate": 0.00025, "loss_mean": 0.37, "n_updates": 0}, {"reward": 700, "eps": 0.5213, "len": 194, "time": 5773.99, "timesteps": 212834, "cpu_memory": 6.1, "cpu_percent": 20.8, "learning_rate": 0.00025, "loss_mean": 0.34, "n_updates": 0}, {"reward": 640, "eps": 0.5209, "len": 160, "time": 5778.5, "timesteps": 212994, "cpu_memory": 6.11, "cpu_percent": 20.8, "learning_rate": 0.00025, "loss_mean": 0.36, "n_updates": 0}, {"reward": 520, "eps": 0.5206, "len": 181, "time": 5783.55, "timesteps": 213175, "cpu_memory": 6.11, "cpu_percent": 20.8, "learning_rate": 0.00025, "loss_mean": 0.38, "n_updates": 0}, {"reward": 670, "eps": 0.5201, "len": 193, "time": 5788.93, "timesteps": 213368, "cpu_memory": 6.11, "cpu_percent": 20.8, "learning_rate": 0.00025, "loss_mean": 0.33, "n_updates": 0}, {"reward": 500, "eps": 0.5198, "len": 145, "time": 5793.03, "timesteps": 213513, "cpu_memory": 6.11, "cpu_percent": 20.8, "learning_rate": 0.00025, "loss_mean": 0.33, "n_updates": 0}, {"reward": 610, "eps": 0.5194, "len": 158, "time": 5797.63, "timesteps": 213671, "cpu_memory": 6.11, "cpu_percent": 20.8, "learning_rate": 0.00025, "loss_mean": 0.33, "n_updates": 0}, {"reward": 650, "eps": 0.519, "len": 177, "time": 5802.52, "timesteps": 213848, "cpu_memory": 6.11, "cpu_percent": 20.8, "learning_rate": 0.00025, "loss_mean": 0.33, "n_updates": 0}, {"reward": 570, "eps": 0.5187, "len": 152, "time": 5806.82, "timesteps": 214000, "cpu_memory": 6.11, "cpu_percent": 20.8, "learning_rate": 0.00025, "loss_mean": 0.37, "n_updates": 0}, {"reward": 670, "eps": 0.5183, "len": 178, "time": 5811.81, "timesteps": 214178, "cpu_memory": 6.11, "cpu_percent": 20.8, "learning_rate": 0.00025, "loss_mean": 0.37, "n_updates": 0}, {"reward": 1200, "eps": 0.5178, "len": 293, "time": 5819.9, "timesteps": 214471, "cpu_memory": 6.12, "cpu_percent": 20.8, "learning_rate": 0.00025, "loss_mean": 0.38, "n_updates": 0}, {"reward": 440, "eps": 0.5172, "len": 173, "time": 5824.74, "timesteps": 214644, "cpu_memory": 6.12, "cpu_percent": 20.9, "learning_rate": 0.00025, "loss_mean": 0.4, "n_updates": 0}, {"reward": 360, "eps": 0.5169, "len": 134, "time": 5828.54, "timesteps": 214778, "cpu_memory": 6.12, "cpu_percent": 20.9, "learning_rate": 0.00025, "loss_mean": 0.38, "n_updates": 0}, {"reward": 410, "eps": 0.5166, "len": 123, "time": 5831.98, "timesteps": 214901, "cpu_memory": 6.12, "cpu_percent": 20.9, "learning_rate": 0.00025, "loss_mean": 0.37, "n_updates": 0}, {"reward": 580, "eps": 0.5162, "len": 197, "time": 5837.4, "timesteps": 215098, "cpu_memory": 6.12, "cpu_percent": 20.9, "learning_rate": 0.00025, "loss_mean": 0.39, "n_updates": 0}, {"reward": 490, "eps": 0.5159, "len": 142, "time": 5841.28, "timesteps": 215240, "cpu_memory": 6.12, "cpu_percent": 20.9, "learning_rate": 0.00025, "loss_mean": 0.37, "n_updates": 0}, {"reward": 880, "eps": 0.5155, "len": 211, "time": 5847.15, "timesteps": 215451, "cpu_memory": 6.12, "cpu_percent": 20.9, "learning_rate": 0.00025, "loss_mean": 0.37, "n_updates": 0}, {"reward": 750, "eps": 0.515, "len": 173, "time": 5852.02, "timesteps": 215624, "cpu_memory": 6.12, "cpu_percent": 20.9, "learning_rate": 0.00025, "loss_mean": 0.38, "n_updates": 0}, {"reward": 660, "eps": 0.5146, "len": 206, "time": 5857.9, "timesteps": 215830, "cpu_memory": 6.13, "cpu_percent": 20.9, "learning_rate": 0.00025, "loss_mean": 0.35, "n_updates": 0}, {"reward": 480, "eps": 0.5142, "len": 133, "time": 5861.63, "timesteps": 215963, "cpu_memory": 6.13, "cpu_percent": 20.9, "learning_rate": 0.00025, "loss_mean": 0.37, "n_updates": 0}, {"reward": 450, "eps": 0.5139, "len": 133, "time": 5865.39, "timesteps": 216096, "cpu_memory": 6.13, "cpu_percent": 21.0, "learning_rate": 0.00025, "loss_mean": 0.39, "n_updates": 0}, {"reward": 550, "eps": 0.5136, "len": 183, "time": 5870.38, "timesteps": 216279, "cpu_memory": 6.13, "cpu_percent": 21.0, "learning_rate": 0.00025, "loss_mean": 0.37, "n_updates": 0}, {"reward": 730, "eps": 0.5131, "len": 212, "time": 5876.27, "timesteps": 216491, "cpu_memory": 6.13, "cpu_percent": 21.0, "learning_rate": 0.00025, "loss_mean": 0.37, "n_updates": 0}, {"reward": 450, "eps": 0.5127, "len": 158, "time": 5880.59, "timesteps": 216649, "cpu_memory": 6.13, "cpu_percent": 21.0, "learning_rate": 0.00025, "loss_mean": 0.36, "n_updates": 0}, {"reward": 490, "eps": 0.5123, "len": 176, "time": 5885.48, "timesteps": 216825, "cpu_memory": 6.13, "cpu_percent": 21.0, "learning_rate": 0.00025, "loss_mean": 0.41, "n_updates": 0}, {"reward": 670, "eps": 0.5119, "len": 214, "time": 5891.58, "timesteps": 217039, "cpu_memory": 6.13, "cpu_percent": 21.0, "learning_rate": 0.00025, "loss_mean": 0.38, "n_updates": 0}, {"reward": 890, "eps": 0.5114, "len": 252, "time": 5898.62, "timesteps": 217291, "cpu_memory": 6.14, "cpu_percent": 21.0, "learning_rate": 0.00025, "loss_mean": 0.38, "n_updates": 0}, {"reward": 620, "eps": 0.5109, "len": 210, "time": 5904.52, "timesteps": 217501, "cpu_memory": 6.14, "cpu_percent": 21.0, "learning_rate": 0.00025, "loss_mean": 0.4, "n_updates": 0}, {"reward": 990, "eps": 0.5103, "len": 284, "time": 5912.36, "timesteps": 217785, "cpu_memory": 6.14, "cpu_percent": 21.0, "learning_rate": 0.00025, "loss_mean": 0.36, "n_updates": 0}, {"reward": 690, "eps": 0.5098, "len": 201, "time": 5917.94, "timesteps": 217986, "cpu_memory": 6.14, "cpu_percent": 21.0, "learning_rate": 0.00025, "loss_mean": 0.33, "n_updates": 0}, {"reward": 560, "eps": 0.5094, "len": 149, "time": 5922.17, "timesteps": 218135, "cpu_memory": 6.14, "cpu_percent": 21.0, "learning_rate": 0.00025, "loss_mean": 0.35, "n_updates": 0}, {"reward": 930, "eps": 0.5089, "len": 270, "time": 5929.65, "timesteps": 218405, "cpu_memory": 6.14, "cpu_percent": 21.0, "learning_rate": 0.00025, "loss_mean": 0.36, "n_updates": 0}, {"reward": 480, "eps": 0.5085, "len": 117, "time": 5933.09, "timesteps": 218522, "cpu_memory": 6.14, "cpu_percent": 21.0, "learning_rate": 0.00025, "loss_mean": 0.36, "n_updates": 0}, {"reward": 650, "eps": 0.5081, "len": 229, "time": 5939.66, "timesteps": 218751, "cpu_memory": 6.15, "cpu_percent": 21.0, "learning_rate": 0.00025, "loss_mean": 0.36, "n_updates": 0}, {"reward": 650, "eps": 0.5076, "len": 175, "time": 5944.57, "timesteps": 218926, "cpu_memory": 6.15, "cpu_percent": 21.0, "learning_rate": 0.00025, "loss_mean": 0.41, "n_updates": 0}, {"reward": 670, "eps": 0.5072, "len": 209, "time": 5950.39, "timesteps": 219135, "cpu_memory": 6.15, "cpu_percent": 21.0, "learning_rate": 0.00025, "loss_mean": 0.36, "n_updates": 0}, {"reward": 470, "eps": 0.5068, "len": 160, "time": 5954.83, "timesteps": 219295, "cpu_memory": 6.15, "cpu_percent": 21.0, "learning_rate": 0.00025, "loss_mean": 0.36, "n_updates": 0}, {"reward": 510, "eps": 0.5064, "len": 142, "time": 5958.75, "timesteps": 219437, "cpu_memory": 6.15, "cpu_percent": 21.0, "learning_rate": 0.00025, "loss_mean": 0.41, "n_updates": 0}]