[{"reward": 1000, "eps": 0.1, "len": 216, "time": 26287.69, "timesteps": 899267, "cpu_memory": 11.38, "cpu_percent": 37.8, "learning_rate": 0.00025, "loss_mean": 0.2, "n_updates": 0}, {"reward": 570, "eps": 0.1, "len": 133, "time": 26291.68, "timesteps": 899400, "cpu_memory": 11.39, "cpu_percent": 37.8, "learning_rate": 0.00025, "loss_mean": 0.2, "n_updates": 0}, {"reward": 1110, "eps": 0.1, "len": 303, "time": 26300.52, "timesteps": 899703, "cpu_memory": 11.39, "cpu_percent": 37.8, "learning_rate": 0.00025, "loss_mean": 0.21, "n_updates": 0}, {"reward": 1290, "eps": 0.1, "len": 321, "time": 26310.32, "timesteps": 900024, "cpu_memory": 11.42, "cpu_percent": 37.9, "learning_rate": 0.00025, "loss_mean": 0.21, "n_updates": 0}, {"reward": 1370, "eps": 0.1, "len": 263, "time": 26317.96, "timesteps": 900287, "cpu_memory": 11.42, "cpu_percent": 37.9, "learning_rate": 0.00025, "loss_mean": 0.2, "n_updates": 0}, {"reward": 440, "eps": 0.1, "len": 139, "time": 26322.01, "timesteps": 900426, "cpu_memory": 11.43, "cpu_percent": 37.9, "learning_rate": 0.00025, "loss_mean": 0.2, "n_updates": 0}, {"reward": 1110, "eps": 0.1, "len": 250, "time": 26329.31, "timesteps": 900676, "cpu_memory": 11.43, "cpu_percent": 37.9, "learning_rate": 0.00025, "loss_mean": 0.21, "n_updates": 0}, {"reward": 1250, "eps": 0.1, "len": 250, "time": 26336.5, "timesteps": 900926, "cpu_memory": 11.43, "cpu_percent": 37.9, "learning_rate": 0.00025, "loss_mean": 0.2, "n_updates": 0}, {"reward": 1380, "eps": 0.1, "len": 322, "time": 26345.86, "timesteps": 901248, "cpu_memory": 11.43, "cpu_percent": 37.9, "learning_rate": 0.00025, "loss_mean": 0.2, "n_updates": 0}, {"reward": 800, "eps": 0.1, "len": 188, "time": 26351.4, "timesteps": 901436, "cpu_memory": 11.43, "cpu_percent": 37.9, "learning_rate": 0.00025, "loss_mean": 0.2, "n_updates": 0}, {"reward": 1030, "eps": 0.1, "len": 228, "time": 26358.02, "timesteps": 901664, "cpu_memory": 11.43, "cpu_percent": 37.9, "learning_rate": 0.00025, "loss_mean": 0.2, "n_updates": 0}, {"reward": 580, "eps": 0.1, "len": 134, "time": 26361.98, "timesteps": 901798, "cpu_memory": 11.44, "cpu_percent": 37.9, "learning_rate": 0.00025, "loss_mean": 0.19, "n_updates": 0}, {"reward": 1270, "eps": 0.1, "len": 295, "time": 26370.56, "timesteps": 902093, "cpu_memory": 11.44, "cpu_percent": 37.9, "learning_rate": 0.00025, "loss_mean": 0.2, "n_updates": 0}, {"reward": 830, "eps": 0.1, "len": 186, "time": 26376.0, "timesteps": 902279, "cpu_memory": 11.44, "cpu_percent": 37.9, "learning_rate": 0.00025, "loss_mean": 0.21, "n_updates": 0}, {"reward": 910, "eps": 0.1, "len": 263, "time": 26383.73, "timesteps": 902542, "cpu_memory": 11.44, "cpu_percent": 38.0, "learning_rate": 0.00025, "loss_mean": 0.2, "n_updates": 0}, {"reward": 750, "eps": 0.1, "len": 147, "time": 26388.12, "timesteps": 902689, "cpu_memory": 11.44, "cpu_percent": 38.0, "learning_rate": 0.00025, "loss_mean": 0.21, "n_updates": 0}, {"reward": 920, "eps": 0.1, "len": 251, "time": 26395.43, "timesteps": 902940, "cpu_memory": 11.44, "cpu_percent": 38.0, "learning_rate": 0.00025, "loss_mean": 0.2, "n_updates": 0}, {"reward": 580, "eps": 0.1, "len": 185, "time": 26400.81, "timesteps": 903125, "cpu_memory": 11.45, "cpu_percent": 38.0, "learning_rate": 0.00025, "loss_mean": 0.2, "n_updates": 0}, {"reward": 1050, "eps": 0.1, "len": 212, "time": 26406.96, "timesteps": 903337, "cpu_memory": 11.45, "cpu_percent": 38.0, "learning_rate": 0.00025, "loss_mean": 0.2, "n_updates": 0}, {"reward": 480, "eps": 0.1, "len": 111, "time": 26410.22, "timesteps": 903448, "cpu_memory": 11.45, "cpu_percent": 38.0, "learning_rate": 0.00025, "loss_mean": 0.21, "n_updates": 0}, {"reward": 1030, "eps": 0.1, "len": 301, "time": 26419.08, "timesteps": 903749, "cpu_memory": 11.45, "cpu_percent": 38.0, "learning_rate": 0.00025, "loss_mean": 0.21, "n_updates": 0}, {"reward": 1330, "eps": 0.1, "len": 291, "time": 26427.72, "timesteps": 904040, "cpu_memory": 11.45, "cpu_percent": 38.0, "learning_rate": 0.00025, "loss_mean": 0.2, "n_updates": 0}, {"reward": 700, "eps": 0.1, "len": 178, "time": 26432.86, "timesteps": 904218, "cpu_memory": 11.45, "cpu_percent": 38.0, "learning_rate": 0.00025, "loss_mean": 0.2, "n_updates": 0}, {"reward": 690, "eps": 0.1, "len": 232, "time": 26439.58, "timesteps": 904450, "cpu_memory": 11.46, "cpu_percent": 38.0, "learning_rate": 0.00025, "loss_mean": 0.2, "n_updates": 0}, {"reward": 950, "eps": 0.1, "len": 197, "time": 26445.39, "timesteps": 904647, "cpu_memory": 11.46, "cpu_percent": 38.0, "learning_rate": 0.00025, "loss_mean": 0.2, "n_updates": 0}, {"reward": 880, "eps": 0.1, "len": 241, "time": 26452.44, "timesteps": 904888, "cpu_memory": 11.46, "cpu_percent": 38.0, "learning_rate": 0.00025, "loss_mean": 0.21, "n_updates": 0}, {"reward": 680, "eps": 0.1, "len": 174, "time": 26457.57, "timesteps": 905062, "cpu_memory": 11.46, "cpu_percent": 38.0, "learning_rate": 0.00025, "loss_mean": 0.21, "n_updates": 0}, {"reward": 1210, "eps": 0.1, "len": 269, "time": 26465.47, "timesteps": 905331, "cpu_memory": 11.46, "cpu_percent": 38.1, "learning_rate": 0.00025, "loss_mean": 0.21, "n_updates": 0}, {"reward": 890, "eps": 0.1, "len": 218, "time": 26471.73, "timesteps": 905549, "cpu_memory": 11.47, "cpu_percent": 38.1, "learning_rate": 0.00025, "loss_mean": 0.2, "n_updates": 0}, {"reward": 570, "eps": 0.1, "len": 139, "time": 26475.87, "timesteps": 905688, "cpu_memory": 11.47, "cpu_percent": 38.1, "learning_rate": 0.00025, "loss_mean": 0.21, "n_updates": 0}, {"reward": 980, "eps": 0.1, "len": 272, "time": 26483.75, "timesteps": 905960, "cpu_memory": 11.47, "cpu_percent": 38.1, "learning_rate": 0.00025, "loss_mean": 0.2, "n_updates": 0}, {"reward": 970, "eps": 0.1, "len": 269, "time": 26491.62, "timesteps": 906229, "cpu_memory": 11.47, "cpu_percent": 38.1, "learning_rate": 0.00025, "loss_mean": 0.2, "n_updates": 0}, {"reward": 780, "eps": 0.1, "len": 199, "time": 26497.39, "timesteps": 906428, "cpu_memory": 11.47, "cpu_percent": 38.1, "learning_rate": 0.00025, "loss_mean": 0.2, "n_updates": 0}, {"reward": 1260, "eps": 0.1, "len": 370, "time": 26508.21, "timesteps": 906798, "cpu_memory": 11.47, "cpu_percent": 38.1, "learning_rate": 0.00025, "loss_mean": 0.2, "n_updates": 0}, {"reward": 520, "eps": 0.1, "len": 141, "time": 26512.31, "timesteps": 906939, "cpu_memory": 11.48, "cpu_percent": 38.1, "learning_rate": 0.00025, "loss_mean": 0.19, "n_updates": 0}, {"reward": 930, "eps": 0.1, "len": 227, "time": 26518.95, "timesteps": 907166, "cpu_memory": 11.48, "cpu_percent": 38.1, "learning_rate": 0.00025, "loss_mean": 0.2, "n_updates": 0}, {"reward": 1320, "eps": 0.1, "len": 310, "time": 26528.11, "timesteps": 907476, "cpu_memory": 11.48, "cpu_percent": 38.1, "learning_rate": 0.00025, "loss_mean": 0.21, "n_updates": 0}, {"reward": 740, "eps": 0.1, "len": 169, "time": 26533.04, "timesteps": 907645, "cpu_memory": 11.48, "cpu_percent": 38.1, "learning_rate": 0.00025, "loss_mean": 0.21, "n_updates": 0}, {"reward": 740, "eps": 0.1, "len": 177, "time": 26538.34, "timesteps": 907822, "cpu_memory": 11.48, "cpu_percent": 38.1, "learning_rate": 0.00025, "loss_mean": 0.21, "n_updates": 0}, {"reward": 870, "eps": 0.1, "len": 160, "time": 26542.98, "timesteps": 907982, "cpu_memory": 11.48, "cpu_percent": 38.1, "learning_rate": 0.00025, "loss_mean": 0.21, "n_updates": 0}, {"reward": 690, "eps": 0.1, "len": 188, "time": 26548.41, "timesteps": 908170, "cpu_memory": 11.49, "cpu_percent": 38.1, "learning_rate": 0.00025, "loss_mean": 0.21, "n_updates": 0}, {"reward": 610, "eps": 0.1, "len": 164, "time": 26553.17, "timesteps": 908334, "cpu_memory": 11.49, "cpu_percent": 38.1, "learning_rate": 0.00025, "loss_mean": 0.2, "n_updates": 0}, {"reward": 1200, "eps": 0.1, "len": 279, "time": 26561.41, "timesteps": 908613, "cpu_memory": 11.49, "cpu_percent": 38.1, "learning_rate": 0.00025, "loss_mean": 0.2, "n_updates": 0}, {"reward": 1370, "eps": 0.1, "len": 344, "time": 26571.4, "timesteps": 908957, "cpu_memory": 11.49, "cpu_percent": 38.1, "learning_rate": 0.00025, "loss_mean": 0.2, "n_updates": 0}, {"reward": 670, "eps": 0.1, "len": 164, "time": 26576.24, "timesteps": 909121, "cpu_memory": 11.49, "cpu_percent": 38.1, "learning_rate": 0.00025, "loss_mean": 0.2, "n_updates": 0}, {"reward": 1020, "eps": 0.1, "len": 260, "time": 26583.79, "timesteps": 909381, "cpu_memory": 11.5, "cpu_percent": 38.1, "learning_rate": 0.00025, "loss_mean": 0.2, "n_updates": 0}, {"reward": 1220, "eps": 0.1, "len": 288, "time": 26592.08, "timesteps": 909669, "cpu_memory": 11.5, "cpu_percent": 38.1, "learning_rate": 0.00025, "loss_mean": 0.2, "n_updates": 0}]