[{"reward": 360, "eps": 0.8212, "len": 136, "time": 2102.78, "timesteps": 79524, "cpu_memory": 4.76, "cpu_percent": 16.5, "learning_rate": 0.00025, "loss_mean": 0.56, "n_updates": 0}, {"reward": 610, "eps": 0.8208, "len": 208, "time": 2108.61, "timesteps": 79732, "cpu_memory": 4.76, "cpu_percent": 16.5, "learning_rate": 0.00025, "loss_mean": 0.57, "n_updates": 0}, {"reward": 570, "eps": 0.8204, "len": 198, "time": 2113.94, "timesteps": 79930, "cpu_memory": 4.77, "cpu_percent": 16.5, "learning_rate": 0.00025, "loss_mean": 0.48, "n_updates": 0}, {"reward": 460, "eps": 0.82, "len": 148, "time": 2118.69, "timesteps": 80078, "cpu_memory": 4.78, "cpu_percent": 16.6, "learning_rate": 0.00025, "loss_mean": 0.48, "n_updates": 0}, {"reward": 540, "eps": 0.8196, "len": 192, "time": 2124.06, "timesteps": 80270, "cpu_memory": 4.78, "cpu_percent": 16.5, "learning_rate": 0.00025, "loss_mean": 0.5, "n_updates": 0}, {"reward": 770, "eps": 0.8191, "len": 228, "time": 2130.34, "timesteps": 80498, "cpu_memory": 4.78, "cpu_percent": 16.5, "learning_rate": 0.00025, "loss_mean": 0.44, "n_updates": 0}, {"reward": 420, "eps": 0.8187, "len": 189, "time": 2135.54, "timesteps": 80687, "cpu_memory": 4.78, "cpu_percent": 16.6, "learning_rate": 0.00025, "loss_mean": 0.51, "n_updates": 0}, {"reward": 540, "eps": 0.8182, "len": 184, "time": 2140.55, "timesteps": 80871, "cpu_memory": 4.78, "cpu_percent": 16.6, "learning_rate": 0.00025, "loss_mean": 0.45, "n_updates": 0}, {"reward": 450, "eps": 0.8178, "len": 194, "time": 2145.9, "timesteps": 81065, "cpu_memory": 4.78, "cpu_percent": 16.6, "learning_rate": 0.00025, "loss_mean": 0.48, "n_updates": 0}, {"reward": 430, "eps": 0.8174, "len": 157, "time": 2150.23, "timesteps": 81222, "cpu_memory": 4.78, "cpu_percent": 16.6, "learning_rate": 0.00025, "loss_mean": 0.43, "n_updates": 0}, {"reward": 390, "eps": 0.8171, "len": 127, "time": 2153.87, "timesteps": 81349, "cpu_memory": 4.79, "cpu_percent": 16.6, "learning_rate": 0.00025, "loss_mean": 0.46, "n_updates": 0}, {"reward": 580, "eps": 0.8168, "len": 172, "time": 2158.65, "timesteps": 81521, "cpu_memory": 4.79, "cpu_percent": 16.6, "learning_rate": 0.00025, "loss_mean": 0.47, "n_updates": 0}, {"reward": 560, "eps": 0.8164, "len": 193, "time": 2163.87, "timesteps": 81714, "cpu_memory": 4.79, "cpu_percent": 16.6, "learning_rate": 0.00025, "loss_mean": 0.48, "n_updates": 0}, {"reward": 420, "eps": 0.816, "len": 120, "time": 2167.09, "timesteps": 81834, "cpu_memory": 4.79, "cpu_percent": 16.6, "learning_rate": 0.00025, "loss_mean": 0.66, "n_updates": 0}, {"reward": 600, "eps": 0.8157, "len": 183, "time": 2171.87, "timesteps": 82017, "cpu_memory": 4.79, "cpu_percent": 16.6, "learning_rate": 0.00025, "loss_mean": 0.59, "n_updates": 0}, {"reward": 450, "eps": 0.8152, "len": 223, "time": 2177.72, "timesteps": 82240, "cpu_memory": 4.79, "cpu_percent": 16.6, "learning_rate": 0.00025, "loss_mean": 0.48, "n_updates": 0}, {"reward": 310, "eps": 0.8148, "len": 135, "time": 2181.4, "timesteps": 82375, "cpu_memory": 4.79, "cpu_percent": 16.6, "learning_rate": 0.00025, "loss_mean": 0.55, "n_updates": 0}, {"reward": 850, "eps": 0.8143, "len": 275, "time": 2188.75, "timesteps": 82650, "cpu_memory": 4.79, "cpu_percent": 16.6, "learning_rate": 0.00025, "loss_mean": 0.51, "n_updates": 0}, {"reward": 350, "eps": 0.8139, "len": 149, "time": 2192.75, "timesteps": 82799, "cpu_memory": 4.8, "cpu_percent": 16.6, "learning_rate": 0.00025, "loss_mean": 0.42, "n_updates": 0}, {"reward": 300, "eps": 0.8135, "len": 153, "time": 2196.89, "timesteps": 82952, "cpu_memory": 4.8, "cpu_percent": 16.6, "learning_rate": 0.00025, "loss_mean": 0.41, "n_updates": 0}, {"reward": 380, "eps": 0.8132, "len": 158, "time": 2201.11, "timesteps": 83110, "cpu_memory": 4.8, "cpu_percent": 16.6, "learning_rate": 0.00025, "loss_mean": 0.58, "n_updates": 0}, {"reward": 670, "eps": 0.8127, "len": 253, "time": 2207.9, "timesteps": 83363, "cpu_memory": 4.8, "cpu_percent": 16.6, "learning_rate": 0.00025, "loss_mean": 0.54, "n_updates": 0}, {"reward": 520, "eps": 0.8122, "len": 173, "time": 2212.58, "timesteps": 83536, "cpu_memory": 4.8, "cpu_percent": 16.6, "learning_rate": 0.00025, "loss_mean": 0.5, "n_updates": 0}, {"reward": 480, "eps": 0.8118, "len": 198, "time": 2217.84, "timesteps": 83734, "cpu_memory": 4.8, "cpu_percent": 16.6, "learning_rate": 0.00025, "loss_mean": 0.6, "n_updates": 0}, {"reward": 580, "eps": 0.8114, "len": 201, "time": 2223.27, "timesteps": 83935, "cpu_memory": 4.8, "cpu_percent": 16.6, "learning_rate": 0.00025, "loss_mean": 0.5, "n_updates": 0}, {"reward": 660, "eps": 0.8109, "len": 193, "time": 2228.41, "timesteps": 84128, "cpu_memory": 4.8, "cpu_percent": 16.6, "learning_rate": 0.00025, "loss_mean": 0.46, "n_updates": 0}, {"reward": 670, "eps": 0.8105, "len": 209, "time": 2233.92, "timesteps": 84337, "cpu_memory": 4.81, "cpu_percent": 16.6, "learning_rate": 0.00025, "loss_mean": 0.39, "n_updates": 0}, {"reward": 550, "eps": 0.8101, "len": 158, "time": 2238.08, "timesteps": 84495, "cpu_memory": 4.81, "cpu_percent": 16.6, "learning_rate": 0.00025, "loss_mean": 0.44, "n_updates": 0}, {"reward": 410, "eps": 0.8097, "len": 160, "time": 2242.43, "timesteps": 84655, "cpu_memory": 4.81, "cpu_percent": 16.6, "learning_rate": 0.00025, "loss_mean": 0.44, "n_updates": 0}, {"reward": 430, "eps": 0.8093, "len": 202, "time": 2247.71, "timesteps": 84857, "cpu_memory": 4.81, "cpu_percent": 16.6, "learning_rate": 0.00025, "loss_mean": 0.49, "n_updates": 0}, {"reward": 600, "eps": 0.8088, "len": 212, "time": 2253.39, "timesteps": 85069, "cpu_memory": 4.81, "cpu_percent": 16.6, "learning_rate": 0.00025, "loss_mean": 0.44, "n_updates": 0}, {"reward": 630, "eps": 0.8083, "len": 235, "time": 2259.65, "timesteps": 85304, "cpu_memory": 4.82, "cpu_percent": 16.7, "learning_rate": 0.00025, "loss_mean": 0.45, "n_updates": 0}, {"reward": 430, "eps": 0.8079, "len": 173, "time": 2264.26, "timesteps": 85477, "cpu_memory": 4.83, "cpu_percent": 16.7, "learning_rate": 0.00025, "loss_mean": 0.4, "n_updates": 0}, {"reward": 700, "eps": 0.8074, "len": 231, "time": 2270.47, "timesteps": 85708, "cpu_memory": 5.08, "cpu_percent": 17.5, "learning_rate": 0.00025, "loss_mean": 0.45, "n_updates": 0}, {"reward": 630, "eps": 0.807, "len": 168, "time": 2274.96, "timesteps": 85876, "cpu_memory": 5.09, "cpu_percent": 17.5, "learning_rate": 0.00025, "loss_mean": 0.57, "n_updates": 0}, {"reward": 380, "eps": 0.8066, "len": 161, "time": 2279.22, "timesteps": 86037, "cpu_memory": 5.09, "cpu_percent": 17.5, "learning_rate": 0.00025, "loss_mean": 0.41, "n_updates": 0}, {"reward": 440, "eps": 0.8062, "len": 176, "time": 2284.03, "timesteps": 86213, "cpu_memory": 5.09, "cpu_percent": 17.5, "learning_rate": 0.00025, "loss_mean": 0.51, "n_updates": 0}, {"reward": 400, "eps": 0.8059, "len": 124, "time": 2287.47, "timesteps": 86337, "cpu_memory": 5.1, "cpu_percent": 17.5, "learning_rate": 0.00025, "loss_mean": 0.49, "n_updates": 0}, {"reward": 300, "eps": 0.8056, "len": 122, "time": 2290.7, "timesteps": 86459, "cpu_memory": 5.1, "cpu_percent": 17.5, "learning_rate": 0.00025, "loss_mean": 0.5, "n_updates": 0}, {"reward": 300, "eps": 0.8053, "len": 118, "time": 2293.82, "timesteps": 86577, "cpu_memory": 5.1, "cpu_percent": 17.5, "learning_rate": 0.00025, "loss_mean": 0.55, "n_updates": 0}, {"reward": 540, "eps": 0.805, "len": 187, "time": 2298.75, "timesteps": 86764, "cpu_memory": 5.1, "cpu_percent": 17.5, "learning_rate": 0.00025, "loss_mean": 0.58, "n_updates": 0}, {"reward": 530, "eps": 0.8046, "len": 175, "time": 2303.31, "timesteps": 86939, "cpu_memory": 5.1, "cpu_percent": 17.6, "learning_rate": 0.00025, "loss_mean": 0.51, "n_updates": 0}, {"reward": 390, "eps": 0.8043, "len": 112, "time": 2306.34, "timesteps": 87051, "cpu_memory": 5.1, "cpu_percent": 17.6, "learning_rate": 0.00025, "loss_mean": 0.42, "n_updates": 0}, {"reward": 650, "eps": 0.8039, "len": 182, "time": 2311.16, "timesteps": 87233, "cpu_memory": 5.1, "cpu_percent": 17.6, "learning_rate": 0.00025, "loss_mean": 0.42, "n_updates": 0}, {"reward": 480, "eps": 0.8035, "len": 156, "time": 2315.42, "timesteps": 87389, "cpu_memory": 5.11, "cpu_percent": 17.6, "learning_rate": 0.00025, "loss_mean": 0.52, "n_updates": 0}, {"reward": 410, "eps": 0.8032, "len": 164, "time": 2319.75, "timesteps": 87553, "cpu_memory": 5.11, "cpu_percent": 17.6, "learning_rate": 0.00025, "loss_mean": 0.46, "n_updates": 0}, {"reward": 770, "eps": 0.8027, "len": 239, "time": 2326.02, "timesteps": 87792, "cpu_memory": 5.12, "cpu_percent": 17.6, "learning_rate": 0.00025, "loss_mean": 0.44, "n_updates": 0}, {"reward": 720, "eps": 0.8022, "len": 199, "time": 2331.3, "timesteps": 87991, "cpu_memory": 5.12, "cpu_percent": 17.6, "learning_rate": 0.00025, "loss_mean": 0.35, "n_updates": 0}, {"reward": 900, "eps": 0.8017, "len": 294, "time": 2339.11, "timesteps": 88285, "cpu_memory": 5.12, "cpu_percent": 17.6, "learning_rate": 0.00025, "loss_mean": 0.44, "n_updates": 0}, {"reward": 620, "eps": 0.8012, "len": 179, "time": 2344.01, "timesteps": 88464, "cpu_memory": 5.13, "cpu_percent": 17.7, "learning_rate": 0.00025, "loss_mean": 0.42, "n_updates": 0}, {"reward": 370, "eps": 0.8008, "len": 153, "time": 2348.06, "timesteps": 88617, "cpu_memory": 5.13, "cpu_percent": 17.7, "learning_rate": 0.00025, "loss_mean": 0.4, "n_updates": 0}, {"reward": 470, "eps": 0.8004, "len": 186, "time": 2352.96, "timesteps": 88803, "cpu_memory": 5.13, "cpu_percent": 17.7, "learning_rate": 0.00025, "loss_mean": 0.42, "n_updates": 0}, {"reward": 370, "eps": 0.8, "len": 133, "time": 2356.53, "timesteps": 88936, "cpu_memory": 5.13, "cpu_percent": 17.7, "learning_rate": 0.00025, "loss_mean": 0.42, "n_updates": 0}, {"reward": 410, "eps": 0.7997, "len": 161, "time": 2360.8, "timesteps": 89097, "cpu_memory": 5.14, "cpu_percent": 17.7, "learning_rate": 0.00025, "loss_mean": 0.41, "n_updates": 0}, {"reward": 580, "eps": 0.7993, "len": 192, "time": 2365.88, "timesteps": 89289, "cpu_memory": 5.14, "cpu_percent": 17.7, "learning_rate": 0.00025, "loss_mean": 0.42, "n_updates": 0}, {"reward": 660, "eps": 0.7989, "len": 153, "time": 2370.09, "timesteps": 89442, "cpu_memory": 5.14, "cpu_percent": 17.7, "learning_rate": 0.00025, "loss_mean": 0.51, "n_updates": 0}]