[{"reward": 710, "eps": 0.124, "len": 204, "time": 10938.17, "timesteps": 389450, "cpu_memory": 7.41, "cpu_percent": 25.0, "learning_rate": 0.00025, "loss_mean": 0.36, "n_updates": 0}, {"reward": 820, "eps": 0.1235, "len": 219, "time": 10944.85, "timesteps": 389669, "cpu_memory": 7.41, "cpu_percent": 25.0, "learning_rate": 0.00025, "loss_mean": 0.36, "n_updates": 0}, {"reward": 660, "eps": 0.1231, "len": 156, "time": 10949.61, "timesteps": 389825, "cpu_memory": 7.41, "cpu_percent": 25.0, "learning_rate": 0.00025, "loss_mean": 0.36, "n_updates": 0}, {"reward": 580, "eps": 0.1227, "len": 207, "time": 10956.66, "timesteps": 390032, "cpu_memory": 7.42, "cpu_percent": 25.0, "learning_rate": 0.00025, "loss_mean": 0.37, "n_updates": 0}, {"reward": 580, "eps": 0.1223, "len": 152, "time": 10961.47, "timesteps": 390184, "cpu_memory": 7.42, "cpu_percent": 25.0, "learning_rate": 0.00025, "loss_mean": 0.37, "n_updates": 0}, {"reward": 700, "eps": 0.1219, "len": 201, "time": 10967.83, "timesteps": 390385, "cpu_memory": 7.42, "cpu_percent": 25.0, "learning_rate": 0.00025, "loss_mean": 0.37, "n_updates": 0}, {"reward": 760, "eps": 0.1214, "len": 196, "time": 10973.98, "timesteps": 390581, "cpu_memory": 7.42, "cpu_percent": 25.0, "learning_rate": 0.00025, "loss_mean": 0.37, "n_updates": 0}, {"reward": 720, "eps": 0.121, "len": 154, "time": 10978.75, "timesteps": 390735, "cpu_memory": 7.42, "cpu_percent": 25.0, "learning_rate": 0.00025, "loss_mean": 0.35, "n_updates": 0}, {"reward": 820, "eps": 0.1206, "len": 218, "time": 10985.5, "timesteps": 390953, "cpu_memory": 7.42, "cpu_percent": 25.1, "learning_rate": 0.00025, "loss_mean": 0.36, "n_updates": 0}, {"reward": 870, "eps": 0.1201, "len": 217, "time": 10992.19, "timesteps": 391170, "cpu_memory": 7.42, "cpu_percent": 25.1, "learning_rate": 0.00025, "loss_mean": 0.35, "n_updates": 0}, {"reward": 710, "eps": 0.1196, "len": 225, "time": 10999.34, "timesteps": 391395, "cpu_memory": 7.43, "cpu_percent": 25.1, "learning_rate": 0.00025, "loss_mean": 0.35, "n_updates": 0}, {"reward": 1300, "eps": 0.119, "len": 285, "time": 11007.95, "timesteps": 391680, "cpu_memory": 7.43, "cpu_percent": 25.1, "learning_rate": 0.00025, "loss_mean": 0.37, "n_updates": 0}, {"reward": 710, "eps": 0.1185, "len": 220, "time": 11014.55, "timesteps": 391900, "cpu_memory": 7.43, "cpu_percent": 25.1, "learning_rate": 0.00025, "loss_mean": 0.34, "n_updates": 0}, {"reward": 810, "eps": 0.118, "len": 204, "time": 11020.78, "timesteps": 392104, "cpu_memory": 7.43, "cpu_percent": 25.1, "learning_rate": 0.00025, "loss_mean": 0.34, "n_updates": 0}, {"reward": 690, "eps": 0.1175, "len": 211, "time": 11027.36, "timesteps": 392315, "cpu_memory": 7.43, "cpu_percent": 25.1, "learning_rate": 0.00025, "loss_mean": 0.35, "n_updates": 0}, {"reward": 850, "eps": 0.117, "len": 224, "time": 11034.54, "timesteps": 392539, "cpu_memory": 7.44, "cpu_percent": 25.1, "learning_rate": 0.00025, "loss_mean": 0.33, "n_updates": 0}, {"reward": 1060, "eps": 0.1165, "len": 270, "time": 11042.99, "timesteps": 392809, "cpu_memory": 7.44, "cpu_percent": 25.1, "learning_rate": 0.00025, "loss_mean": 0.34, "n_updates": 0}, {"reward": 850, "eps": 0.1159, "len": 217, "time": 11049.77, "timesteps": 393026, "cpu_memory": 7.44, "cpu_percent": 25.1, "learning_rate": 0.00025, "loss_mean": 0.32, "n_updates": 0}, {"reward": 790, "eps": 0.1155, "len": 176, "time": 11055.16, "timesteps": 393202, "cpu_memory": 7.44, "cpu_percent": 25.1, "learning_rate": 0.00025, "loss_mean": 0.34, "n_updates": 0}, {"reward": 970, "eps": 0.115, "len": 268, "time": 11063.49, "timesteps": 393470, "cpu_memory": 7.44, "cpu_percent": 25.2, "learning_rate": 0.00025, "loss_mean": 0.33, "n_updates": 0}, {"reward": 1320, "eps": 0.1143, "len": 310, "time": 11073.19, "timesteps": 393780, "cpu_memory": 7.44, "cpu_percent": 25.2, "learning_rate": 0.00025, "loss_mean": 0.32, "n_updates": 0}, {"reward": 560, "eps": 0.1138, "len": 162, "time": 11078.31, "timesteps": 393942, "cpu_memory": 7.45, "cpu_percent": 25.2, "learning_rate": 0.00025, "loss_mean": 0.34, "n_updates": 0}, {"reward": 750, "eps": 0.1134, "len": 172, "time": 11083.64, "timesteps": 394114, "cpu_memory": 7.45, "cpu_percent": 25.2, "learning_rate": 0.00025, "loss_mean": 0.35, "n_updates": 0}, {"reward": 1110, "eps": 0.1129, "len": 284, "time": 11092.54, "timesteps": 394398, "cpu_memory": 7.45, "cpu_percent": 25.2, "learning_rate": 0.00025, "loss_mean": 0.35, "n_updates": 0}, {"reward": 780, "eps": 0.1124, "len": 216, "time": 11099.08, "timesteps": 394614, "cpu_memory": 7.45, "cpu_percent": 25.2, "learning_rate": 0.00025, "loss_mean": 0.35, "n_updates": 0}, {"reward": 990, "eps": 0.1117, "len": 333, "time": 11109.15, "timesteps": 394947, "cpu_memory": 7.45, "cpu_percent": 25.1, "learning_rate": 0.00025, "loss_mean": 0.34, "n_updates": 0}, {"reward": 800, "eps": 0.1111, "len": 211, "time": 11115.54, "timesteps": 395158, "cpu_memory": 7.46, "cpu_percent": 25.1, "learning_rate": 0.00025, "loss_mean": 0.34, "n_updates": 0}, {"reward": 720, "eps": 0.1107, "len": 182, "time": 11121.07, "timesteps": 395340, "cpu_memory": 7.46, "cpu_percent": 25.1, "learning_rate": 0.00025, "loss_mean": 0.34, "n_updates": 0}, {"reward": 640, "eps": 0.1103, "len": 152, "time": 11125.83, "timesteps": 395492, "cpu_memory": 7.46, "cpu_percent": 25.2, "learning_rate": 0.00025, "loss_mean": 0.35, "n_updates": 0}, {"reward": 660, "eps": 0.1099, "len": 195, "time": 11131.74, "timesteps": 395687, "cpu_memory": 7.46, "cpu_percent": 25.2, "learning_rate": 0.00025, "loss_mean": 0.37, "n_updates": 0}, {"reward": 960, "eps": 0.1094, "len": 281, "time": 11140.19, "timesteps": 395968, "cpu_memory": 7.46, "cpu_percent": 25.2, "learning_rate": 0.00025, "loss_mean": 0.34, "n_updates": 0}, {"reward": 390, "eps": 0.1089, "len": 111, "time": 11143.57, "timesteps": 396079, "cpu_memory": 7.46, "cpu_percent": 25.2, "learning_rate": 0.00025, "loss_mean": 0.33, "n_updates": 0}, {"reward": 850, "eps": 0.1086, "len": 201, "time": 11149.67, "timesteps": 396280, "cpu_memory": 7.46, "cpu_percent": 25.2, "learning_rate": 0.00025, "loss_mean": 0.35, "n_updates": 0}, {"reward": 660, "eps": 0.1082, "len": 188, "time": 11155.54, "timesteps": 396468, "cpu_memory": 7.47, "cpu_percent": 25.2, "learning_rate": 0.00025, "loss_mean": 0.35, "n_updates": 0}, {"reward": 870, "eps": 0.1077, "len": 229, "time": 11162.54, "timesteps": 396697, "cpu_memory": 7.47, "cpu_percent": 25.2, "learning_rate": 0.00025, "loss_mean": 0.33, "n_updates": 0}, {"reward": 900, "eps": 0.1072, "len": 237, "time": 11169.83, "timesteps": 396934, "cpu_memory": 7.47, "cpu_percent": 25.2, "learning_rate": 0.00025, "loss_mean": 0.34, "n_updates": 0}, {"reward": 870, "eps": 0.1066, "len": 231, "time": 11176.78, "timesteps": 397165, "cpu_memory": 7.47, "cpu_percent": 25.2, "learning_rate": 0.00025, "loss_mean": 0.36, "n_updates": 0}, {"reward": 960, "eps": 0.1061, "len": 283, "time": 11185.5, "timesteps": 397448, "cpu_memory": 7.47, "cpu_percent": 25.3, "learning_rate": 0.00025, "loss_mean": 0.34, "n_updates": 0}, {"reward": 1020, "eps": 0.1055, "len": 214, "time": 11192.0, "timesteps": 397662, "cpu_memory": 7.47, "cpu_percent": 25.3, "learning_rate": 0.00025, "loss_mean": 0.35, "n_updates": 0}, {"reward": 850, "eps": 0.105, "len": 222, "time": 11198.71, "timesteps": 397884, "cpu_memory": 7.48, "cpu_percent": 25.3, "learning_rate": 0.00025, "loss_mean": 0.33, "n_updates": 0}, {"reward": 490, "eps": 0.1046, "len": 137, "time": 11202.96, "timesteps": 398021, "cpu_memory": 7.48, "cpu_percent": 25.3, "learning_rate": 0.00025, "loss_mean": 0.33, "n_updates": 0}, {"reward": 860, "eps": 0.1042, "len": 206, "time": 11209.4, "timesteps": 398227, "cpu_memory": 7.48, "cpu_percent": 25.3, "learning_rate": 0.00025, "loss_mean": 0.34, "n_updates": 0}, {"reward": 930, "eps": 0.1038, "len": 183, "time": 11215.06, "timesteps": 398410, "cpu_memory": 7.48, "cpu_percent": 25.3, "learning_rate": 0.00025, "loss_mean": 0.34, "n_updates": 0}, {"reward": 370, "eps": 0.1034, "len": 122, "time": 11218.93, "timesteps": 398532, "cpu_memory": 7.48, "cpu_percent": 25.3, "learning_rate": 0.00025, "loss_mean": 0.34, "n_updates": 0}, {"reward": 560, "eps": 0.1031, "len": 144, "time": 11223.31, "timesteps": 398676, "cpu_memory": 7.48, "cpu_percent": 25.3, "learning_rate": 0.00025, "loss_mean": 0.33, "n_updates": 0}, {"reward": 1210, "eps": 0.1027, "len": 263, "time": 11231.22, "timesteps": 398939, "cpu_memory": 7.48, "cpu_percent": 25.3, "learning_rate": 0.00025, "loss_mean": 0.34, "n_updates": 0}, {"reward": 640, "eps": 0.1022, "len": 150, "time": 11235.72, "timesteps": 399089, "cpu_memory": 7.49, "cpu_percent": 25.3, "learning_rate": 0.00025, "loss_mean": 0.33, "n_updates": 0}, {"reward": 830, "eps": 0.1018, "len": 208, "time": 11241.86, "timesteps": 399297, "cpu_memory": 7.49, "cpu_percent": 25.3, "learning_rate": 0.00025, "loss_mean": 0.33, "n_updates": 0}]