[{"reward": 720, "eps": 0.1, "len": 161, "time": 21326.23, "timesteps": 729795, "cpu_memory": 10.06, "cpu_percent": 33.6, "learning_rate": 0.00025, "loss_mean": 0.21, "n_updates": 0}, {"reward": 900, "eps": 0.1, "len": 730048, "time": 21334.23, "timesteps": 730048, "cpu_memory": 10.06, "cpu_percent": 33.6, "learning_rate": 0.00025, "loss_mean": 0.21, "n_updates": 0}, {"reward": 1120, "eps": 0.1, "len": 310, "time": 21343.32, "timesteps": 730358, "cpu_memory": 10.07, "cpu_percent": 33.6, "learning_rate": 0.00025, "loss_mean": 0.2, "n_updates": 0}, {"reward": 1210, "eps": 0.1, "len": 249, "time": 21350.53, "timesteps": 730607, "cpu_memory": 10.07, "cpu_percent": 33.6, "learning_rate": 0.00025, "loss_mean": 0.2, "n_updates": 0}, {"reward": 990, "eps": 0.1, "len": 220, "time": 21356.93, "timesteps": 730827, "cpu_memory": 10.07, "cpu_percent": 33.6, "learning_rate": 0.00025, "loss_mean": 0.2, "n_updates": 0}, {"reward": 1050, "eps": 0.1, "len": 287, "time": 21365.55, "timesteps": 731114, "cpu_memory": 10.07, "cpu_percent": 33.6, "learning_rate": 0.00025, "loss_mean": 0.2, "n_updates": 0}, {"reward": 800, "eps": 0.1, "len": 175, "time": 21370.72, "timesteps": 731289, "cpu_memory": 10.07, "cpu_percent": 33.6, "learning_rate": 0.00025, "loss_mean": 0.2, "n_updates": 0}, {"reward": 450, "eps": 0.1, "len": 134, "time": 21374.64, "timesteps": 731423, "cpu_memory": 10.07, "cpu_percent": 33.6, "learning_rate": 0.00025, "loss_mean": 0.21, "n_updates": 0}, {"reward": 1120, "eps": 0.1, "len": 270, "time": 21382.37, "timesteps": 731693, "cpu_memory": 10.08, "cpu_percent": 33.6, "learning_rate": 0.00025, "loss_mean": 0.2, "n_updates": 0}, {"reward": 760, "eps": 0.1, "len": 168, "time": 21387.23, "timesteps": 731861, "cpu_memory": 10.08, "cpu_percent": 33.6, "learning_rate": 0.00025, "loss_mean": 0.22, "n_updates": 0}, {"reward": 1250, "eps": 0.1, "len": 319, "time": 21396.55, "timesteps": 732180, "cpu_memory": 10.08, "cpu_percent": 33.6, "learning_rate": 0.00025, "loss_mean": 0.21, "n_updates": 0}, {"reward": 1210, "eps": 0.1, "len": 271, "time": 21404.56, "timesteps": 732451, "cpu_memory": 10.08, "cpu_percent": 33.6, "learning_rate": 0.00025, "loss_mean": 0.21, "n_updates": 0}, {"reward": 880, "eps": 0.1, "len": 247, "time": 21411.7, "timesteps": 732698, "cpu_memory": 10.08, "cpu_percent": 33.6, "learning_rate": 0.00025, "loss_mean": 0.22, "n_updates": 0}, {"reward": 430, "eps": 0.1, "len": 127, "time": 21415.44, "timesteps": 732825, "cpu_memory": 10.09, "cpu_percent": 33.6, "learning_rate": 0.00025, "loss_mean": 0.21, "n_updates": 0}, {"reward": 720, "eps": 0.1, "len": 163, "time": 21420.17, "timesteps": 732988, "cpu_memory": 10.09, "cpu_percent": 33.6, "learning_rate": 0.00025, "loss_mean": 0.22, "n_updates": 0}, {"reward": 940, "eps": 0.1, "len": 202, "time": 21426.2, "timesteps": 733190, "cpu_memory": 10.09, "cpu_percent": 33.6, "learning_rate": 0.00025, "loss_mean": 0.21, "n_updates": 0}, {"reward": 640, "eps": 0.1, "len": 208, "time": 21432.35, "timesteps": 733398, "cpu_memory": 10.09, "cpu_percent": 33.6, "learning_rate": 0.00025, "loss_mean": 0.2, "n_updates": 0}, {"reward": 780, "eps": 0.1, "len": 170, "time": 21437.31, "timesteps": 733568, "cpu_memory": 10.09, "cpu_percent": 33.6, "learning_rate": 0.00025, "loss_mean": 0.2, "n_updates": 0}, {"reward": 790, "eps": 0.1, "len": 235, "time": 21444.08, "timesteps": 733803, "cpu_memory": 10.09, "cpu_percent": 33.6, "learning_rate": 0.00025, "loss_mean": 0.21, "n_updates": 0}, {"reward": 630, "eps": 0.1, "len": 196, "time": 21449.79, "timesteps": 733999, "cpu_memory": 10.09, "cpu_percent": 33.6, "learning_rate": 0.00025, "loss_mean": 0.2, "n_updates": 0}, {"reward": 1160, "eps": 0.1, "len": 335, "time": 21459.63, "timesteps": 734334, "cpu_memory": 10.1, "cpu_percent": 33.7, "learning_rate": 0.00025, "loss_mean": 0.21, "n_updates": 0}, {"reward": 1050, "eps": 0.1, "len": 314, "time": 21468.85, "timesteps": 734648, "cpu_memory": 10.1, "cpu_percent": 33.7, "learning_rate": 0.00025, "loss_mean": 0.21, "n_updates": 0}, {"reward": 1070, "eps": 0.1, "len": 260, "time": 21476.39, "timesteps": 734908, "cpu_memory": 10.1, "cpu_percent": 33.7, "learning_rate": 0.00025, "loss_mean": 0.2, "n_updates": 0}, {"reward": 1250, "eps": 0.1, "len": 324, "time": 21485.73, "timesteps": 735232, "cpu_memory": 10.1, "cpu_percent": 33.7, "learning_rate": 0.00025, "loss_mean": 0.2, "n_updates": 0}, {"reward": 1470, "eps": 0.1, "len": 384, "time": 21496.92, "timesteps": 735616, "cpu_memory": 10.11, "cpu_percent": 33.7, "learning_rate": 0.00025, "loss_mean": 0.21, "n_updates": 0}, {"reward": 720, "eps": 0.1, "len": 196, "time": 21502.69, "timesteps": 735812, "cpu_memory": 10.11, "cpu_percent": 33.7, "learning_rate": 0.00025, "loss_mean": 0.21, "n_updates": 0}, {"reward": 1100, "eps": 0.1, "len": 292, "time": 21511.18, "timesteps": 736104, "cpu_memory": 10.11, "cpu_percent": 33.8, "learning_rate": 0.00025, "loss_mean": 0.21, "n_updates": 0}, {"reward": 1030, "eps": 0.1, "len": 260, "time": 21518.64, "timesteps": 736364, "cpu_memory": 10.11, "cpu_percent": 33.8, "learning_rate": 0.00025, "loss_mean": 0.21, "n_updates": 0}, {"reward": 660, "eps": 0.1, "len": 199, "time": 21524.65, "timesteps": 736563, "cpu_memory": 10.11, "cpu_percent": 33.8, "learning_rate": 0.00025, "loss_mean": 0.22, "n_updates": 0}, {"reward": 1290, "eps": 0.1, "len": 281, "time": 21532.78, "timesteps": 736844, "cpu_memory": 10.12, "cpu_percent": 33.8, "learning_rate": 0.00025, "loss_mean": 0.21, "n_updates": 0}, {"reward": 770, "eps": 0.1, "len": 196, "time": 21538.4, "timesteps": 737040, "cpu_memory": 10.12, "cpu_percent": 33.8, "learning_rate": 0.00025, "loss_mean": 0.2, "n_updates": 0}, {"reward": 940, "eps": 0.1, "len": 226, "time": 21544.94, "timesteps": 737266, "cpu_memory": 10.12, "cpu_percent": 33.8, "learning_rate": 0.00025, "loss_mean": 0.21, "n_updates": 0}, {"reward": 1670, "eps": 0.1, "len": 359, "time": 21555.47, "timesteps": 737625, "cpu_memory": 10.12, "cpu_percent": 33.8, "learning_rate": 0.00025, "loss_mean": 0.21, "n_updates": 0}, {"reward": 710, "eps": 0.1, "len": 194, "time": 21561.1, "timesteps": 737819, "cpu_memory": 10.12, "cpu_percent": 33.8, "learning_rate": 0.00025, "loss_mean": 0.21, "n_updates": 0}, {"reward": 950, "eps": 0.1, "len": 226, "time": 21567.65, "timesteps": 738045, "cpu_memory": 10.13, "cpu_percent": 33.8, "learning_rate": 0.00025, "loss_mean": 0.2, "n_updates": 0}, {"reward": 1060, "eps": 0.1, "len": 257, "time": 21575.07, "timesteps": 738302, "cpu_memory": 10.13, "cpu_percent": 33.8, "learning_rate": 0.00025, "loss_mean": 0.21, "n_updates": 0}, {"reward": 950, "eps": 0.1, "len": 225, "time": 21581.62, "timesteps": 738527, "cpu_memory": 10.13, "cpu_percent": 33.8, "learning_rate": 0.00025, "loss_mean": 0.21, "n_updates": 0}, {"reward": 470, "eps": 0.1, "len": 129, "time": 21585.48, "timesteps": 738656, "cpu_memory": 10.13, "cpu_percent": 33.8, "learning_rate": 0.00025, "loss_mean": 0.2, "n_updates": 0}, {"reward": 1190, "eps": 0.1, "len": 299, "time": 21594.25, "timesteps": 738955, "cpu_memory": 10.13, "cpu_percent": 33.8, "learning_rate": 0.00025, "loss_mean": 0.21, "n_updates": 0}, {"reward": 550, "eps": 0.1, "len": 185, "time": 21599.52, "timesteps": 739140, "cpu_memory": 10.13, "cpu_percent": 33.8, "learning_rate": 0.00025, "loss_mean": 0.21, "n_updates": 0}, {"reward": 820, "eps": 0.1, "len": 194, "time": 21605.16, "timesteps": 739334, "cpu_memory": 10.14, "cpu_percent": 33.8, "learning_rate": 0.00025, "loss_mean": 0.22, "n_updates": 0}, {"reward": 1130, "eps": 0.1, "len": 246, "time": 21612.2, "timesteps": 739580, "cpu_memory": 10.14, "cpu_percent": 33.8, "learning_rate": 0.00025, "loss_mean": 0.21, "n_updates": 0}, {"reward": 550, "eps": 0.1, "len": 164, "time": 21617.13, "timesteps": 739744, "cpu_memory": 10.14, "cpu_percent": 33.8, "learning_rate": 0.00025, "loss_mean": 0.2, "n_updates": 0}]