[{"reward": 1230, "eps": 0.3257, "len": 347, "time": 8264.64, "timesteps": 299874, "cpu_memory": 6.74, "cpu_percent": 22.9, "learning_rate": 0.00025, "loss_mean": 0.36, "n_updates": 0}, {"reward": 650, "eps": 0.325, "len": 300131, "time": 8272.9, "timesteps": 300131, "cpu_memory": 6.74, "cpu_percent": 22.9, "learning_rate": 0.00025, "loss_mean": 0.36, "n_updates": 0}, {"reward": 970, "eps": 0.3244, "len": 240, "time": 8279.96, "timesteps": 300371, "cpu_memory": 6.74, "cpu_percent": 22.9, "learning_rate": 0.00025, "loss_mean": 0.34, "n_updates": 0}, {"reward": 620, "eps": 0.324, "len": 184, "time": 8285.37, "timesteps": 300555, "cpu_memory": 6.74, "cpu_percent": 22.9, "learning_rate": 0.00025, "loss_mean": 0.32, "n_updates": 0}, {"reward": 720, "eps": 0.3235, "len": 180, "time": 8290.52, "timesteps": 300735, "cpu_memory": 6.74, "cpu_percent": 22.9, "learning_rate": 0.00025, "loss_mean": 0.33, "n_updates": 0}, {"reward": 710, "eps": 0.3231, "len": 211, "time": 8296.7, "timesteps": 300946, "cpu_memory": 6.74, "cpu_percent": 22.9, "learning_rate": 0.00025, "loss_mean": 0.35, "n_updates": 0}, {"reward": 620, "eps": 0.3227, "len": 165, "time": 8301.51, "timesteps": 301111, "cpu_memory": 6.74, "cpu_percent": 22.9, "learning_rate": 0.00025, "loss_mean": 0.38, "n_updates": 0}, {"reward": 1070, "eps": 0.3221, "len": 358, "time": 8311.8, "timesteps": 301469, "cpu_memory": 6.75, "cpu_percent": 22.9, "learning_rate": 0.00025, "loss_mean": 0.37, "n_updates": 0}, {"reward": 890, "eps": 0.3214, "len": 235, "time": 8318.58, "timesteps": 301704, "cpu_memory": 6.75, "cpu_percent": 22.9, "learning_rate": 0.00025, "loss_mean": 0.37, "n_updates": 0}, {"reward": 1150, "eps": 0.3208, "len": 293, "time": 8326.97, "timesteps": 301997, "cpu_memory": 6.75, "cpu_percent": 22.9, "learning_rate": 0.00025, "loss_mean": 0.36, "n_updates": 0}, {"reward": 570, "eps": 0.3203, "len": 185, "time": 8332.4, "timesteps": 302182, "cpu_memory": 6.75, "cpu_percent": 22.9, "learning_rate": 0.00025, "loss_mean": 0.35, "n_updates": 0}, {"reward": 920, "eps": 0.3198, "len": 249, "time": 8339.6, "timesteps": 302431, "cpu_memory": 6.75, "cpu_percent": 22.9, "learning_rate": 0.00025, "loss_mean": 0.35, "n_updates": 0}, {"reward": 860, "eps": 0.3193, "len": 203, "time": 8345.3, "timesteps": 302634, "cpu_memory": 6.76, "cpu_percent": 22.9, "learning_rate": 0.00025, "loss_mean": 0.4, "n_updates": 0}, {"reward": 530, "eps": 0.3189, "len": 138, "time": 8349.34, "timesteps": 302772, "cpu_memory": 6.76, "cpu_percent": 22.9, "learning_rate": 0.00025, "loss_mean": 0.4, "n_updates": 0}, {"reward": 770, "eps": 0.3186, "len": 171, "time": 8354.24, "timesteps": 302943, "cpu_memory": 6.76, "cpu_percent": 22.9, "learning_rate": 0.00025, "loss_mean": 0.4, "n_updates": 0}, {"reward": 900, "eps": 0.3181, "len": 207, "time": 8360.27, "timesteps": 303150, "cpu_memory": 6.76, "cpu_percent": 22.9, "learning_rate": 0.00025, "loss_mean": 0.39, "n_updates": 0}, {"reward": 610, "eps": 0.3177, "len": 165, "time": 8365.25, "timesteps": 303315, "cpu_memory": 6.76, "cpu_percent": 22.9, "learning_rate": 0.00025, "loss_mean": 0.38, "n_updates": 0}, {"reward": 850, "eps": 0.3173, "len": 195, "time": 8370.95, "timesteps": 303510, "cpu_memory": 6.76, "cpu_percent": 22.9, "learning_rate": 0.00025, "loss_mean": 0.35, "n_updates": 0}, {"reward": 1020, "eps": 0.3168, "len": 308, "time": 8379.87, "timesteps": 303818, "cpu_memory": 6.76, "cpu_percent": 22.9, "learning_rate": 0.00025, "loss_mean": 0.36, "n_updates": 0}, {"reward": 850, "eps": 0.3162, "len": 179, "time": 8385.0, "timesteps": 303997, "cpu_memory": 6.77, "cpu_percent": 23.0, "learning_rate": 0.00025, "loss_mean": 0.37, "n_updates": 0}, {"reward": 850, "eps": 0.3157, "len": 263, "time": 8392.52, "timesteps": 304260, "cpu_memory": 6.77, "cpu_percent": 23.0, "learning_rate": 0.00025, "loss_mean": 0.38, "n_updates": 0}, {"reward": 760, "eps": 0.3151, "len": 241, "time": 8399.44, "timesteps": 304501, "cpu_memory": 6.77, "cpu_percent": 23.0, "learning_rate": 0.00025, "loss_mean": 0.4, "n_updates": 0}, {"reward": 760, "eps": 0.3147, "len": 194, "time": 8405.0, "timesteps": 304695, "cpu_memory": 6.77, "cpu_percent": 23.0, "learning_rate": 0.00025, "loss_mean": 0.39, "n_updates": 0}, {"reward": 810, "eps": 0.3142, "len": 244, "time": 8411.94, "timesteps": 304939, "cpu_memory": 6.77, "cpu_percent": 23.0, "learning_rate": 0.00025, "loss_mean": 0.35, "n_updates": 0}, {"reward": 590, "eps": 0.3137, "len": 176, "time": 8417.09, "timesteps": 305115, "cpu_memory": 6.77, "cpu_percent": 23.0, "learning_rate": 0.00025, "loss_mean": 0.38, "n_updates": 0}, {"reward": 1000, "eps": 0.3131, "len": 303, "time": 8425.94, "timesteps": 305418, "cpu_memory": 6.78, "cpu_percent": 23.0, "learning_rate": 0.00025, "loss_mean": 0.37, "n_updates": 0}, {"reward": 580, "eps": 0.3127, "len": 140, "time": 8430.11, "timesteps": 305558, "cpu_memory": 6.78, "cpu_percent": 23.0, "learning_rate": 0.00025, "loss_mean": 0.38, "n_updates": 0}, {"reward": 730, "eps": 0.3123, "len": 195, "time": 8435.8, "timesteps": 305753, "cpu_memory": 6.78, "cpu_percent": 23.0, "learning_rate": 0.00025, "loss_mean": 0.41, "n_updates": 0}, {"reward": 680, "eps": 0.3118, "len": 235, "time": 8442.5, "timesteps": 305988, "cpu_memory": 6.78, "cpu_percent": 23.0, "learning_rate": 0.00025, "loss_mean": 0.39, "n_updates": 0}, {"reward": 900, "eps": 0.3113, "len": 212, "time": 8448.74, "timesteps": 306200, "cpu_memory": 6.78, "cpu_percent": 23.0, "learning_rate": 0.00025, "loss_mean": 0.4, "n_updates": 0}, {"reward": 1230, "eps": 0.3108, "len": 262, "time": 8456.21, "timesteps": 306462, "cpu_memory": 6.78, "cpu_percent": 23.0, "learning_rate": 0.00025, "loss_mean": 0.36, "n_updates": 0}, {"reward": 640, "eps": 0.3102, "len": 235, "time": 8463.09, "timesteps": 306697, "cpu_memory": 6.79, "cpu_percent": 23.0, "learning_rate": 0.00025, "loss_mean": 0.4, "n_updates": 0}, {"reward": 830, "eps": 0.3097, "len": 210, "time": 8469.23, "timesteps": 306907, "cpu_memory": 6.79, "cpu_percent": 23.0, "learning_rate": 0.00025, "loss_mean": 0.39, "n_updates": 0}, {"reward": 760, "eps": 0.3092, "len": 251, "time": 8476.45, "timesteps": 307158, "cpu_memory": 6.79, "cpu_percent": 23.0, "learning_rate": 0.00025, "loss_mean": 0.38, "n_updates": 0}, {"reward": 580, "eps": 0.3087, "len": 167, "time": 8481.3, "timesteps": 307325, "cpu_memory": 6.79, "cpu_percent": 23.0, "learning_rate": 0.00025, "loss_mean": 0.37, "n_updates": 0}, {"reward": 530, "eps": 0.3083, "len": 188, "time": 8486.79, "timesteps": 307513, "cpu_memory": 6.79, "cpu_percent": 23.0, "learning_rate": 0.00025, "loss_mean": 0.35, "n_updates": 0}, {"reward": 970, "eps": 0.3079, "len": 198, "time": 8492.71, "timesteps": 307711, "cpu_memory": 6.79, "cpu_percent": 23.0, "learning_rate": 0.00025, "loss_mean": 0.36, "n_updates": 0}, {"reward": 710, "eps": 0.3075, "len": 162, "time": 8497.48, "timesteps": 307873, "cpu_memory": 6.79, "cpu_percent": 23.0, "learning_rate": 0.00025, "loss_mean": 0.35, "n_updates": 0}, {"reward": 840, "eps": 0.307, "len": 226, "time": 8504.09, "timesteps": 308099, "cpu_memory": 6.8, "cpu_percent": 23.0, "learning_rate": 0.00025, "loss_mean": 0.35, "n_updates": 0}, {"reward": 680, "eps": 0.3066, "len": 180, "time": 8509.3, "timesteps": 308279, "cpu_memory": 6.8, "cpu_percent": 23.0, "learning_rate": 0.00025, "loss_mean": 0.36, "n_updates": 0}, {"reward": 550, "eps": 0.3062, "len": 157, "time": 8513.9, "timesteps": 308436, "cpu_memory": 6.8, "cpu_percent": 23.1, "learning_rate": 0.00025, "loss_mean": 0.38, "n_updates": 0}, {"reward": 580, "eps": 0.3058, "len": 157, "time": 8518.41, "timesteps": 308593, "cpu_memory": 6.8, "cpu_percent": 23.1, "learning_rate": 0.00025, "loss_mean": 0.4, "n_updates": 0}, {"reward": 570, "eps": 0.3055, "len": 148, "time": 8522.77, "timesteps": 308741, "cpu_memory": 6.8, "cpu_percent": 23.1, "learning_rate": 0.00025, "loss_mean": 0.39, "n_updates": 0}, {"reward": 830, "eps": 0.3051, "len": 207, "time": 8528.89, "timesteps": 308948, "cpu_memory": 6.8, "cpu_percent": 23.1, "learning_rate": 0.00025, "loss_mean": 0.39, "n_updates": 0}, {"reward": 970, "eps": 0.3046, "len": 264, "time": 8536.48, "timesteps": 309212, "cpu_memory": 6.8, "cpu_percent": 23.1, "learning_rate": 0.00025, "loss_mean": 0.37, "n_updates": 0}]