[{"reward": 1410, "eps": 0.1, "len": 293, "time": 20437.89, "timesteps": 699589, "cpu_memory": 9.83, "cpu_percent": 32.8, "learning_rate": 0.00025, "loss_mean": 0.21, "n_updates": 0}, {"reward": 790, "eps": 0.1, "len": 158, "time": 20442.45, "timesteps": 699747, "cpu_memory": 9.83, "cpu_percent": 32.8, "learning_rate": 0.00025, "loss_mean": 0.2, "n_updates": 0}, {"reward": 1030, "eps": 0.1, "len": 262, "time": 20450.83, "timesteps": 700009, "cpu_memory": 9.84, "cpu_percent": 32.9, "learning_rate": 0.00025, "loss_mean": 0.22, "n_updates": 0}, {"reward": 860, "eps": 0.1, "len": 208, "time": 20456.89, "timesteps": 700217, "cpu_memory": 9.84, "cpu_percent": 32.9, "learning_rate": 0.00025, "loss_mean": 0.21, "n_updates": 0}, {"reward": 710, "eps": 0.1, "len": 195, "time": 20462.65, "timesteps": 700412, "cpu_memory": 9.84, "cpu_percent": 32.8, "learning_rate": 0.00025, "loss_mean": 0.22, "n_updates": 0}, {"reward": 630, "eps": 0.1, "len": 150, "time": 20467.05, "timesteps": 700562, "cpu_memory": 9.84, "cpu_percent": 32.8, "learning_rate": 0.00025, "loss_mean": 0.2, "n_updates": 0}, {"reward": 1300, "eps": 0.1, "len": 316, "time": 20476.11, "timesteps": 700878, "cpu_memory": 9.84, "cpu_percent": 32.8, "learning_rate": 0.00025, "loss_mean": 0.21, "n_updates": 0}, {"reward": 960, "eps": 0.1, "len": 254, "time": 20483.46, "timesteps": 701132, "cpu_memory": 9.84, "cpu_percent": 32.8, "learning_rate": 0.00025, "loss_mean": 0.21, "n_updates": 0}, {"reward": 700, "eps": 0.1, "len": 193, "time": 20489.17, "timesteps": 701325, "cpu_memory": 9.85, "cpu_percent": 32.8, "learning_rate": 0.00025, "loss_mean": 0.22, "n_updates": 0}, {"reward": 620, "eps": 0.1, "len": 176, "time": 20494.44, "timesteps": 701501, "cpu_memory": 9.85, "cpu_percent": 32.8, "learning_rate": 0.00025, "loss_mean": 0.21, "n_updates": 0}, {"reward": 940, "eps": 0.1, "len": 258, "time": 20501.91, "timesteps": 701759, "cpu_memory": 9.85, "cpu_percent": 32.8, "learning_rate": 0.00025, "loss_mean": 0.21, "n_updates": 0}, {"reward": 750, "eps": 0.1, "len": 194, "time": 20507.51, "timesteps": 701953, "cpu_memory": 9.85, "cpu_percent": 32.8, "learning_rate": 0.00025, "loss_mean": 0.21, "n_updates": 0}, {"reward": 920, "eps": 0.1, "len": 250, "time": 20514.94, "timesteps": 702203, "cpu_memory": 9.85, "cpu_percent": 32.8, "learning_rate": 0.00025, "loss_mean": 0.2, "n_updates": 0}, {"reward": 1110, "eps": 0.1, "len": 322, "time": 20524.66, "timesteps": 702525, "cpu_memory": 9.85, "cpu_percent": 32.9, "learning_rate": 0.00025, "loss_mean": 0.21, "n_updates": 0}, {"reward": 520, "eps": 0.1, "len": 150, "time": 20529.69, "timesteps": 702675, "cpu_memory": 9.86, "cpu_percent": 32.9, "learning_rate": 0.00025, "loss_mean": 0.22, "n_updates": 0}, {"reward": 1030, "eps": 0.1, "len": 236, "time": 20537.49, "timesteps": 702911, "cpu_memory": 9.86, "cpu_percent": 32.9, "learning_rate": 0.00025, "loss_mean": 0.21, "n_updates": 0}, {"reward": 710, "eps": 0.1, "len": 178, "time": 20543.5, "timesteps": 703089, "cpu_memory": 9.86, "cpu_percent": 32.9, "learning_rate": 0.00025, "loss_mean": 0.2, "n_updates": 0}, {"reward": 1190, "eps": 0.1, "len": 285, "time": 20552.42, "timesteps": 703374, "cpu_memory": 9.86, "cpu_percent": 32.9, "learning_rate": 0.00025, "loss_mean": 0.22, "n_updates": 0}, {"reward": 1450, "eps": 0.1, "len": 291, "time": 20561.16, "timesteps": 703665, "cpu_memory": 9.86, "cpu_percent": 32.9, "learning_rate": 0.00025, "loss_mean": 0.21, "n_updates": 0}, {"reward": 460, "eps": 0.1, "len": 141, "time": 20565.29, "timesteps": 703806, "cpu_memory": 9.86, "cpu_percent": 32.9, "learning_rate": 0.00025, "loss_mean": 0.2, "n_updates": 0}, {"reward": 1000, "eps": 0.1, "len": 269, "time": 20573.04, "timesteps": 704075, "cpu_memory": 9.87, "cpu_percent": 32.9, "learning_rate": 0.00025, "loss_mean": 0.21, "n_updates": 0}, {"reward": 830, "eps": 0.1, "len": 213, "time": 20579.16, "timesteps": 704288, "cpu_memory": 9.87, "cpu_percent": 32.9, "learning_rate": 0.00025, "loss_mean": 0.21, "n_updates": 0}, {"reward": 1290, "eps": 0.1, "len": 261, "time": 20586.81, "timesteps": 704549, "cpu_memory": 9.87, "cpu_percent": 32.9, "learning_rate": 0.00025, "loss_mean": 0.21, "n_updates": 0}, {"reward": 600, "eps": 0.1, "len": 146, "time": 20591.12, "timesteps": 704695, "cpu_memory": 9.87, "cpu_percent": 32.9, "learning_rate": 0.00025, "loss_mean": 0.21, "n_updates": 0}, {"reward": 1130, "eps": 0.1, "len": 240, "time": 20598.06, "timesteps": 704935, "cpu_memory": 9.87, "cpu_percent": 32.9, "learning_rate": 0.00025, "loss_mean": 0.2, "n_updates": 0}, {"reward": 880, "eps": 0.1, "len": 230, "time": 20604.65, "timesteps": 705165, "cpu_memory": 9.88, "cpu_percent": 32.9, "learning_rate": 0.00025, "loss_mean": 0.21, "n_updates": 0}, {"reward": 390, "eps": 0.1, "len": 110, "time": 20607.87, "timesteps": 705275, "cpu_memory": 9.88, "cpu_percent": 32.9, "learning_rate": 0.00025, "loss_mean": 0.21, "n_updates": 0}, {"reward": 900, "eps": 0.1, "len": 187, "time": 20613.45, "timesteps": 705462, "cpu_memory": 9.88, "cpu_percent": 32.9, "learning_rate": 0.00025, "loss_mean": 0.2, "n_updates": 0}, {"reward": 530, "eps": 0.1, "len": 131, "time": 20617.42, "timesteps": 705593, "cpu_memory": 9.88, "cpu_percent": 32.9, "learning_rate": 0.00025, "loss_mean": 0.21, "n_updates": 0}, {"reward": 1110, "eps": 0.1, "len": 242, "time": 20624.6, "timesteps": 705835, "cpu_memory": 9.88, "cpu_percent": 32.9, "learning_rate": 0.00025, "loss_mean": 0.2, "n_updates": 0}, {"reward": 660, "eps": 0.1, "len": 155, "time": 20629.1, "timesteps": 705990, "cpu_memory": 9.88, "cpu_percent": 32.9, "learning_rate": 0.00025, "loss_mean": 0.2, "n_updates": 0}, {"reward": 990, "eps": 0.1, "len": 194, "time": 20634.79, "timesteps": 706184, "cpu_memory": 9.88, "cpu_percent": 33.0, "learning_rate": 0.00025, "loss_mean": 0.21, "n_updates": 0}, {"reward": 710, "eps": 0.1, "len": 167, "time": 20639.61, "timesteps": 706351, "cpu_memory": 9.88, "cpu_percent": 33.0, "learning_rate": 0.00025, "loss_mean": 0.2, "n_updates": 0}, {"reward": 880, "eps": 0.1, "len": 234, "time": 20646.42, "timesteps": 706585, "cpu_memory": 9.89, "cpu_percent": 32.9, "learning_rate": 0.00025, "loss_mean": 0.22, "n_updates": 0}, {"reward": 1040, "eps": 0.1, "len": 233, "time": 20653.37, "timesteps": 706818, "cpu_memory": 9.89, "cpu_percent": 33.0, "learning_rate": 0.00025, "loss_mean": 0.22, "n_updates": 0}, {"reward": 750, "eps": 0.1, "len": 236, "time": 20660.24, "timesteps": 707054, "cpu_memory": 9.89, "cpu_percent": 33.0, "learning_rate": 0.00025, "loss_mean": 0.21, "n_updates": 0}, {"reward": 700, "eps": 0.1, "len": 175, "time": 20665.35, "timesteps": 707229, "cpu_memory": 9.89, "cpu_percent": 33.0, "learning_rate": 0.00025, "loss_mean": 0.21, "n_updates": 0}, {"reward": 1320, "eps": 0.1, "len": 287, "time": 20673.6, "timesteps": 707516, "cpu_memory": 9.89, "cpu_percent": 33.0, "learning_rate": 0.00025, "loss_mean": 0.22, "n_updates": 0}, {"reward": 1100, "eps": 0.1, "len": 267, "time": 20681.43, "timesteps": 707783, "cpu_memory": 9.9, "cpu_percent": 33.0, "learning_rate": 0.00025, "loss_mean": 0.21, "n_updates": 0}, {"reward": 1110, "eps": 0.1, "len": 246, "time": 20688.63, "timesteps": 708029, "cpu_memory": 9.9, "cpu_percent": 33.0, "learning_rate": 0.00025, "loss_mean": 0.21, "n_updates": 0}, {"reward": 1130, "eps": 0.1, "len": 320, "time": 20698.06, "timesteps": 708349, "cpu_memory": 9.9, "cpu_percent": 33.0, "learning_rate": 0.00025, "loss_mean": 0.21, "n_updates": 0}, {"reward": 820, "eps": 0.1, "len": 218, "time": 20704.34, "timesteps": 708567, "cpu_memory": 9.9, "cpu_percent": 33.0, "learning_rate": 0.00025, "loss_mean": 0.21, "n_updates": 0}, {"reward": 1060, "eps": 0.1, "len": 277, "time": 20712.42, "timesteps": 708844, "cpu_memory": 9.9, "cpu_percent": 33.0, "learning_rate": 0.00025, "loss_mean": 0.21, "n_updates": 0}, {"reward": 700, "eps": 0.1, "len": 221, "time": 20718.93, "timesteps": 709065, "cpu_memory": 9.91, "cpu_percent": 33.0, "learning_rate": 0.00025, "loss_mean": 0.2, "n_updates": 0}, {"reward": 1040, "eps": 0.1, "len": 237, "time": 20725.84, "timesteps": 709302, "cpu_memory": 9.91, "cpu_percent": 33.0, "learning_rate": 0.00025, "loss_mean": 0.21, "n_updates": 0}, {"reward": 550, "eps": 0.1, "len": 124, "time": 20729.51, "timesteps": 709426, "cpu_memory": 9.91, "cpu_percent": 33.0, "learning_rate": 0.00025, "loss_mean": 0.21, "n_updates": 0}, {"reward": 640, "eps": 0.1, "len": 150, "time": 20733.89, "timesteps": 709576, "cpu_memory": 9.91, "cpu_percent": 33.0, "learning_rate": 0.00025, "loss_mean": 0.21, "n_updates": 0}]