[{"reward": 1010, "eps": 0.1012, "len": 323, "time": 11251.69, "timesteps": 399620, "cpu_memory": 7.49, "cpu_percent": 25.3, "learning_rate": 0.00025, "loss_mean": 0.35, "n_updates": 0}, {"reward": 650, "eps": 0.1007, "len": 142, "time": 11255.96, "timesteps": 399762, "cpu_memory": 7.49, "cpu_percent": 25.3, "learning_rate": 0.00025, "loss_mean": 0.35, "n_updates": 0}, {"reward": 1070, "eps": 0.1002, "len": 277, "time": 11264.76, "timesteps": 400039, "cpu_memory": 7.49, "cpu_percent": 25.3, "learning_rate": 0.00025, "loss_mean": 0.32, "n_updates": 0}, {"reward": 1430, "eps": 0.1, "len": 333, "time": 11274.78, "timesteps": 400372, "cpu_memory": 7.5, "cpu_percent": 25.3, "learning_rate": 0.00025, "loss_mean": 0.33, "n_updates": 0}, {"reward": 690, "eps": 0.1, "len": 215, "time": 11281.52, "timesteps": 400587, "cpu_memory": 7.5, "cpu_percent": 25.3, "learning_rate": 0.00025, "loss_mean": 0.35, "n_updates": 0}, {"reward": 950, "eps": 0.1, "len": 210, "time": 11288.02, "timesteps": 400797, "cpu_memory": 7.5, "cpu_percent": 25.3, "learning_rate": 0.00025, "loss_mean": 0.33, "n_updates": 0}, {"reward": 770, "eps": 0.1, "len": 194, "time": 11294.19, "timesteps": 400991, "cpu_memory": 7.5, "cpu_percent": 25.3, "learning_rate": 0.00025, "loss_mean": 0.33, "n_updates": 0}, {"reward": 1080, "eps": 0.1, "len": 303, "time": 11303.26, "timesteps": 401294, "cpu_memory": 7.5, "cpu_percent": 25.3, "learning_rate": 0.00025, "loss_mean": 0.33, "n_updates": 0}, {"reward": 870, "eps": 0.1, "len": 226, "time": 11310.38, "timesteps": 401520, "cpu_memory": 7.51, "cpu_percent": 25.3, "learning_rate": 0.00025, "loss_mean": 0.33, "n_updates": 0}, {"reward": 1230, "eps": 0.1, "len": 353, "time": 11321.06, "timesteps": 401873, "cpu_memory": 7.51, "cpu_percent": 25.3, "learning_rate": 0.00025, "loss_mean": 0.33, "n_updates": 0}, {"reward": 510, "eps": 0.1, "len": 154, "time": 11325.73, "timesteps": 402027, "cpu_memory": 7.51, "cpu_percent": 25.3, "learning_rate": 0.00025, "loss_mean": 0.32, "n_updates": 0}, {"reward": 1280, "eps": 0.1, "len": 284, "time": 11334.26, "timesteps": 402311, "cpu_memory": 7.51, "cpu_percent": 25.3, "learning_rate": 0.00025, "loss_mean": 0.32, "n_updates": 0}, {"reward": 880, "eps": 0.1, "len": 216, "time": 11340.77, "timesteps": 402527, "cpu_memory": 7.51, "cpu_percent": 25.3, "learning_rate": 0.00025, "loss_mean": 0.34, "n_updates": 0}, {"reward": 780, "eps": 0.1, "len": 223, "time": 11347.6, "timesteps": 402750, "cpu_memory": 7.51, "cpu_percent": 25.4, "learning_rate": 0.00025, "loss_mean": 0.34, "n_updates": 0}, {"reward": 1080, "eps": 0.1, "len": 217, "time": 11354.08, "timesteps": 402967, "cpu_memory": 7.52, "cpu_percent": 25.4, "learning_rate": 0.00025, "loss_mean": 0.34, "n_updates": 0}, {"reward": 860, "eps": 0.1, "len": 217, "time": 11360.52, "timesteps": 403184, "cpu_memory": 7.52, "cpu_percent": 25.4, "learning_rate": 0.00025, "loss_mean": 0.34, "n_updates": 0}, {"reward": 540, "eps": 0.1, "len": 173, "time": 11365.97, "timesteps": 403357, "cpu_memory": 7.52, "cpu_percent": 25.4, "learning_rate": 0.00025, "loss_mean": 0.37, "n_updates": 0}, {"reward": 820, "eps": 0.1, "len": 194, "time": 11372.22, "timesteps": 403551, "cpu_memory": 7.52, "cpu_percent": 25.4, "learning_rate": 0.00025, "loss_mean": 0.36, "n_updates": 0}, {"reward": 470, "eps": 0.1, "len": 161, "time": 11377.34, "timesteps": 403712, "cpu_memory": 7.52, "cpu_percent": 25.4, "learning_rate": 0.00025, "loss_mean": 0.36, "n_updates": 0}, {"reward": 1060, "eps": 0.1, "len": 289, "time": 11386.25, "timesteps": 404001, "cpu_memory": 7.52, "cpu_percent": 25.4, "learning_rate": 0.00025, "loss_mean": 0.35, "n_updates": 0}, {"reward": 1220, "eps": 0.1, "len": 265, "time": 11394.29, "timesteps": 404266, "cpu_memory": 7.53, "cpu_percent": 25.4, "learning_rate": 0.00025, "loss_mean": 0.34, "n_updates": 0}, {"reward": 1140, "eps": 0.1, "len": 292, "time": 11403.05, "timesteps": 404558, "cpu_memory": 7.53, "cpu_percent": 25.4, "learning_rate": 0.00025, "loss_mean": 0.35, "n_updates": 0}, {"reward": 830, "eps": 0.1, "len": 258, "time": 11410.94, "timesteps": 404816, "cpu_memory": 7.53, "cpu_percent": 25.4, "learning_rate": 0.00025, "loss_mean": 0.35, "n_updates": 0}, {"reward": 1420, "eps": 0.1, "len": 310, "time": 11420.28, "timesteps": 405126, "cpu_memory": 7.53, "cpu_percent": 25.4, "learning_rate": 0.00025, "loss_mean": 0.36, "n_updates": 0}, {"reward": 770, "eps": 0.1, "len": 278, "time": 11428.54, "timesteps": 405404, "cpu_memory": 7.54, "cpu_percent": 25.4, "learning_rate": 0.00025, "loss_mean": 0.36, "n_updates": 0}, {"reward": 750, "eps": 0.1, "len": 208, "time": 11434.87, "timesteps": 405612, "cpu_memory": 7.54, "cpu_percent": 25.5, "learning_rate": 0.00025, "loss_mean": 0.35, "n_updates": 0}, {"reward": 1360, "eps": 0.1, "len": 281, "time": 11443.4, "timesteps": 405893, "cpu_memory": 7.54, "cpu_percent": 25.5, "learning_rate": 0.00025, "loss_mean": 0.34, "n_updates": 0}, {"reward": 410, "eps": 0.1, "len": 181, "time": 11448.91, "timesteps": 406074, "cpu_memory": 7.54, "cpu_percent": 25.5, "learning_rate": 0.00025, "loss_mean": 0.36, "n_updates": 0}, {"reward": 1020, "eps": 0.1, "len": 267, "time": 11456.99, "timesteps": 406341, "cpu_memory": 7.54, "cpu_percent": 25.5, "learning_rate": 0.00025, "loss_mean": 0.35, "n_updates": 0}, {"reward": 860, "eps": 0.1, "len": 194, "time": 11462.88, "timesteps": 406535, "cpu_memory": 7.54, "cpu_percent": 25.5, "learning_rate": 0.00025, "loss_mean": 0.35, "n_updates": 0}, {"reward": 690, "eps": 0.1, "len": 186, "time": 11468.68, "timesteps": 406721, "cpu_memory": 7.55, "cpu_percent": 25.4, "learning_rate": 0.00025, "loss_mean": 0.35, "n_updates": 0}, {"reward": 740, "eps": 0.1, "len": 215, "time": 11475.18, "timesteps": 406936, "cpu_memory": 7.55, "cpu_percent": 25.4, "learning_rate": 0.00025, "loss_mean": 0.35, "n_updates": 0}, {"reward": 1010, "eps": 0.1, "len": 243, "time": 11482.5, "timesteps": 407179, "cpu_memory": 7.55, "cpu_percent": 25.4, "learning_rate": 0.00025, "loss_mean": 0.34, "n_updates": 0}, {"reward": 1260, "eps": 0.1, "len": 313, "time": 11491.87, "timesteps": 407492, "cpu_memory": 7.55, "cpu_percent": 25.4, "learning_rate": 0.00025, "loss_mean": 0.35, "n_updates": 0}, {"reward": 570, "eps": 0.1, "len": 198, "time": 11498.01, "timesteps": 407690, "cpu_memory": 7.55, "cpu_percent": 25.5, "learning_rate": 0.00025, "loss_mean": 0.32, "n_updates": 0}, {"reward": 1470, "eps": 0.1, "len": 350, "time": 11508.48, "timesteps": 408040, "cpu_memory": 7.56, "cpu_percent": 25.5, "learning_rate": 0.00025, "loss_mean": 0.34, "n_updates": 0}, {"reward": 750, "eps": 0.1, "len": 183, "time": 11514.03, "timesteps": 408223, "cpu_memory": 7.56, "cpu_percent": 25.5, "learning_rate": 0.00025, "loss_mean": 0.34, "n_updates": 0}, {"reward": 1020, "eps": 0.1, "len": 304, "time": 11523.55, "timesteps": 408527, "cpu_memory": 7.56, "cpu_percent": 25.5, "learning_rate": 0.00025, "loss_mean": 0.34, "n_updates": 0}, {"reward": 780, "eps": 0.1, "len": 172, "time": 11529.06, "timesteps": 408699, "cpu_memory": 7.56, "cpu_percent": 25.5, "learning_rate": 0.00025, "loss_mean": 0.34, "n_updates": 0}, {"reward": 900, "eps": 0.1, "len": 245, "time": 11536.63, "timesteps": 408944, "cpu_memory": 7.56, "cpu_percent": 25.6, "learning_rate": 0.00025, "loss_mean": 0.35, "n_updates": 0}, {"reward": 530, "eps": 0.1, "len": 169, "time": 11541.75, "timesteps": 409113, "cpu_memory": 7.56, "cpu_percent": 25.6, "learning_rate": 0.00025, "loss_mean": 0.35, "n_updates": 0}, {"reward": 540, "eps": 0.1, "len": 123, "time": 11545.61, "timesteps": 409236, "cpu_memory": 7.57, "cpu_percent": 25.6, "learning_rate": 0.00025, "loss_mean": 0.36, "n_updates": 0}, {"reward": 1050, "eps": 0.1, "len": 238, "time": 11552.92, "timesteps": 409474, "cpu_memory": 7.57, "cpu_percent": 25.6, "learning_rate": 0.00025, "loss_mean": 0.34, "n_updates": 0}, {"reward": 700, "eps": 0.1, "len": 197, "time": 11559.1, "timesteps": 409671, "cpu_memory": 7.57, "cpu_percent": 25.6, "learning_rate": 0.00025, "loss_mean": 0.34, "n_updates": 0}]