[{"reward": 700, "eps": 0.1, "len": 169, "time": 24236.0, "timesteps": 829190, "cpu_memory": 10.84, "cpu_percent": 36.0, "learning_rate": 0.00025, "loss_mean": 0.19, "n_updates": 0}, {"reward": 1510, "eps": 0.1, "len": 415, "time": 24248.04, "timesteps": 829605, "cpu_memory": 10.84, "cpu_percent": 36.0, "learning_rate": 0.00025, "loss_mean": 0.2, "n_updates": 0}, {"reward": 670, "eps": 0.1, "len": 196, "time": 24253.89, "timesteps": 829801, "cpu_memory": 10.84, "cpu_percent": 36.1, "learning_rate": 0.00025, "loss_mean": 0.2, "n_updates": 0}, {"reward": 1090, "eps": 0.1, "len": 212, "time": 24260.6, "timesteps": 830013, "cpu_memory": 10.84, "cpu_percent": 36.0, "learning_rate": 0.00025, "loss_mean": 0.2, "n_updates": 0}, {"reward": 880, "eps": 0.1, "len": 189, "time": 24266.21, "timesteps": 830202, "cpu_memory": 10.85, "cpu_percent": 36.1, "learning_rate": 0.00025, "loss_mean": 0.19, "n_updates": 0}, {"reward": 870, "eps": 0.1, "len": 179, "time": 24271.41, "timesteps": 830381, "cpu_memory": 10.85, "cpu_percent": 36.1, "learning_rate": 0.00025, "loss_mean": 0.19, "n_updates": 0}, {"reward": 510, "eps": 0.1, "len": 142, "time": 24275.54, "timesteps": 830523, "cpu_memory": 10.85, "cpu_percent": 36.1, "learning_rate": 0.00025, "loss_mean": 0.2, "n_updates": 0}, {"reward": 890, "eps": 0.1, "len": 209, "time": 24281.69, "timesteps": 830732, "cpu_memory": 10.85, "cpu_percent": 36.1, "learning_rate": 0.00025, "loss_mean": 0.19, "n_updates": 0}, {"reward": 450, "eps": 0.1, "len": 142, "time": 24285.87, "timesteps": 830874, "cpu_memory": 10.85, "cpu_percent": 36.1, "learning_rate": 0.00025, "loss_mean": 0.2, "n_updates": 0}, {"reward": 410, "eps": 0.1, "len": 129, "time": 24289.62, "timesteps": 831003, "cpu_memory": 10.85, "cpu_percent": 36.1, "learning_rate": 0.00025, "loss_mean": 0.2, "n_updates": 0}, {"reward": 730, "eps": 0.1, "len": 188, "time": 24295.04, "timesteps": 831191, "cpu_memory": 10.85, "cpu_percent": 36.1, "learning_rate": 0.00025, "loss_mean": 0.2, "n_updates": 0}, {"reward": 520, "eps": 0.1, "len": 121, "time": 24298.6, "timesteps": 831312, "cpu_memory": 10.85, "cpu_percent": 36.1, "learning_rate": 0.00025, "loss_mean": 0.21, "n_updates": 0}, {"reward": 1080, "eps": 0.1, "len": 211, "time": 24304.78, "timesteps": 831523, "cpu_memory": 10.86, "cpu_percent": 36.1, "learning_rate": 0.00025, "loss_mean": 0.2, "n_updates": 0}, {"reward": 610, "eps": 0.1, "len": 137, "time": 24308.75, "timesteps": 831660, "cpu_memory": 10.86, "cpu_percent": 36.1, "learning_rate": 0.00025, "loss_mean": 0.2, "n_updates": 0}, {"reward": 1100, "eps": 0.1, "len": 245, "time": 24315.97, "timesteps": 831905, "cpu_memory": 10.86, "cpu_percent": 36.1, "learning_rate": 0.00025, "loss_mean": 0.2, "n_updates": 0}, {"reward": 1040, "eps": 0.1, "len": 245, "time": 24322.98, "timesteps": 832150, "cpu_memory": 10.86, "cpu_percent": 36.1, "learning_rate": 0.00025, "loss_mean": 0.2, "n_updates": 0}, {"reward": 1000, "eps": 0.1, "len": 257, "time": 24330.41, "timesteps": 832407, "cpu_memory": 10.86, "cpu_percent": 36.1, "learning_rate": 0.00025, "loss_mean": 0.2, "n_updates": 0}, {"reward": 780, "eps": 0.1, "len": 220, "time": 24336.82, "timesteps": 832627, "cpu_memory": 10.86, "cpu_percent": 36.1, "learning_rate": 0.00025, "loss_mean": 0.19, "n_updates": 0}, {"reward": 1040, "eps": 0.1, "len": 241, "time": 24344.11, "timesteps": 832868, "cpu_memory": 10.87, "cpu_percent": 36.1, "learning_rate": 0.00025, "loss_mean": 0.19, "n_updates": 0}, {"reward": 340, "eps": 0.1, "len": 109, "time": 24347.29, "timesteps": 832977, "cpu_memory": 10.87, "cpu_percent": 36.1, "learning_rate": 0.00025, "loss_mean": 0.19, "n_updates": 0}, {"reward": 790, "eps": 0.1, "len": 169, "time": 24352.16, "timesteps": 833146, "cpu_memory": 10.87, "cpu_percent": 36.1, "learning_rate": 0.00025, "loss_mean": 0.2, "n_updates": 0}, {"reward": 600, "eps": 0.1, "len": 149, "time": 24356.52, "timesteps": 833295, "cpu_memory": 10.87, "cpu_percent": 36.2, "learning_rate": 0.00025, "loss_mean": 0.2, "n_updates": 0}, {"reward": 1050, "eps": 0.1, "len": 257, "time": 24364.15, "timesteps": 833552, "cpu_memory": 10.87, "cpu_percent": 36.2, "learning_rate": 0.00025, "loss_mean": 0.21, "n_updates": 0}, {"reward": 680, "eps": 0.1, "len": 190, "time": 24369.69, "timesteps": 833742, "cpu_memory": 10.87, "cpu_percent": 36.2, "learning_rate": 0.00025, "loss_mean": 0.2, "n_updates": 0}, {"reward": 760, "eps": 0.1, "len": 227, "time": 24376.44, "timesteps": 833969, "cpu_memory": 10.87, "cpu_percent": 36.2, "learning_rate": 0.00025, "loss_mean": 0.2, "n_updates": 0}, {"reward": 1120, "eps": 0.1, "len": 203, "time": 24382.31, "timesteps": 834172, "cpu_memory": 10.88, "cpu_percent": 36.2, "learning_rate": 0.00025, "loss_mean": 0.2, "n_updates": 0}, {"reward": 340, "eps": 0.1, "len": 111, "time": 24385.54, "timesteps": 834283, "cpu_memory": 10.88, "cpu_percent": 36.2, "learning_rate": 0.00025, "loss_mean": 0.19, "n_updates": 0}, {"reward": 910, "eps": 0.1, "len": 235, "time": 24392.34, "timesteps": 834518, "cpu_memory": 10.88, "cpu_percent": 36.2, "learning_rate": 0.00025, "loss_mean": 0.2, "n_updates": 0}, {"reward": 750, "eps": 0.1, "len": 194, "time": 24397.99, "timesteps": 834712, "cpu_memory": 10.88, "cpu_percent": 36.2, "learning_rate": 0.00025, "loss_mean": 0.2, "n_updates": 0}, {"reward": 720, "eps": 0.1, "len": 242, "time": 24405.12, "timesteps": 834954, "cpu_memory": 10.88, "cpu_percent": 36.2, "learning_rate": 0.00025, "loss_mean": 0.19, "n_updates": 0}, {"reward": 1220, "eps": 0.1, "len": 248, "time": 24412.4, "timesteps": 835202, "cpu_memory": 10.88, "cpu_percent": 36.2, "learning_rate": 0.00025, "loss_mean": 0.2, "n_updates": 0}, {"reward": 960, "eps": 0.1, "len": 245, "time": 24419.52, "timesteps": 835447, "cpu_memory": 10.89, "cpu_percent": 36.2, "learning_rate": 0.00025, "loss_mean": 0.2, "n_updates": 0}, {"reward": 670, "eps": 0.1, "len": 239, "time": 24426.54, "timesteps": 835686, "cpu_memory": 10.89, "cpu_percent": 36.2, "learning_rate": 0.00025, "loss_mean": 0.19, "n_updates": 0}, {"reward": 950, "eps": 0.1, "len": 202, "time": 24432.41, "timesteps": 835888, "cpu_memory": 10.89, "cpu_percent": 36.2, "learning_rate": 0.00025, "loss_mean": 0.2, "n_updates": 0}, {"reward": 970, "eps": 0.1, "len": 287, "time": 24440.82, "timesteps": 836175, "cpu_memory": 10.89, "cpu_percent": 36.2, "learning_rate": 0.00025, "loss_mean": 0.2, "n_updates": 0}, {"reward": 820, "eps": 0.1, "len": 205, "time": 24446.76, "timesteps": 836380, "cpu_memory": 10.89, "cpu_percent": 36.2, "learning_rate": 0.00025, "loss_mean": 0.2, "n_updates": 0}, {"reward": 1230, "eps": 0.1, "len": 299, "time": 24455.35, "timesteps": 836679, "cpu_memory": 10.9, "cpu_percent": 36.2, "learning_rate": 0.00025, "loss_mean": 0.2, "n_updates": 0}, {"reward": 830, "eps": 0.1, "len": 186, "time": 24460.76, "timesteps": 836865, "cpu_memory": 10.9, "cpu_percent": 36.2, "learning_rate": 0.00025, "loss_mean": 0.2, "n_updates": 0}, {"reward": 640, "eps": 0.1, "len": 206, "time": 24466.71, "timesteps": 837071, "cpu_memory": 10.9, "cpu_percent": 36.2, "learning_rate": 0.00025, "loss_mean": 0.2, "n_updates": 0}, {"reward": 1000, "eps": 0.1, "len": 246, "time": 24474.15, "timesteps": 837317, "cpu_memory": 10.9, "cpu_percent": 36.2, "learning_rate": 0.00025, "loss_mean": 0.19, "n_updates": 0}, {"reward": 1000, "eps": 0.1, "len": 210, "time": 24480.27, "timesteps": 837527, "cpu_memory": 10.9, "cpu_percent": 36.2, "learning_rate": 0.00025, "loss_mean": 0.2, "n_updates": 0}, {"reward": 440, "eps": 0.1, "len": 127, "time": 24484.02, "timesteps": 837654, "cpu_memory": 10.9, "cpu_percent": 36.2, "learning_rate": 0.00025, "loss_mean": 0.2, "n_updates": 0}, {"reward": 760, "eps": 0.1, "len": 195, "time": 24489.71, "timesteps": 837849, "cpu_memory": 10.91, "cpu_percent": 36.2, "learning_rate": 0.00025, "loss_mean": 0.2, "n_updates": 0}, {"reward": 1500, "eps": 0.1, "len": 324, "time": 24499.13, "timesteps": 838173, "cpu_memory": 10.91, "cpu_percent": 36.2, "learning_rate": 0.00025, "loss_mean": 0.2, "n_updates": 0}, {"reward": 700, "eps": 0.1, "len": 249, "time": 24506.71, "timesteps": 838422, "cpu_memory": 10.91, "cpu_percent": 36.2, "learning_rate": 0.00025, "loss_mean": 0.19, "n_updates": 0}, {"reward": 1100, "eps": 0.1, "len": 274, "time": 24514.62, "timesteps": 838696, "cpu_memory": 10.91, "cpu_percent": 36.2, "learning_rate": 0.00025, "loss_mean": 0.19, "n_updates": 0}, {"reward": 310, "eps": 0.1, "len": 128, "time": 24518.31, "timesteps": 838824, "cpu_memory": 10.91, "cpu_percent": 36.2, "learning_rate": 0.00025, "loss_mean": 0.21, "n_updates": 0}, {"reward": 660, "eps": 0.1, "len": 174, "time": 24523.34, "timesteps": 838998, "cpu_memory": 10.91, "cpu_percent": 36.2, "learning_rate": 0.00025, "loss_mean": 0.19, "n_updates": 0}, {"reward": 750, "eps": 0.1, "len": 167, "time": 24528.25, "timesteps": 839165, "cpu_memory": 10.92, "cpu_percent": 36.2, "learning_rate": 0.00025, "loss_mean": 0.2, "n_updates": 0}, {"reward": 660, "eps": 0.1, "len": 158, "time": 24532.96, "timesteps": 839323, "cpu_memory": 10.92, "cpu_percent": 36.3, "learning_rate": 0.00025, "loss_mean": 0.2, "n_updates": 0}, {"reward": 720, "eps": 0.1, "len": 169, "time": 24537.93, "timesteps": 839492, "cpu_memory": 10.92, "cpu_percent": 36.3, "learning_rate": 0.00025, "loss_mean": 0.2, "n_updates": 0}, {"reward": 840, "eps": 0.1, "len": 194, "time": 24543.54, "timesteps": 839686, "cpu_memory": 10.92, "cpu_percent": 36.3, "learning_rate": 0.00025, "loss_mean": 0.2, "n_updates": 0}]