[{"reward": 620, "eps": 0.1, "len": 171, "time": 27770.8, "timesteps": 949915, "cpu_memory": 11.78, "cpu_percent": 39.1, "learning_rate": 0.00025, "loss_mean": 0.2, "n_updates": 0}, {"reward": 1270, "eps": 0.1, "len": 950226, "time": 27780.4, "timesteps": 950226, "cpu_memory": 11.79, "cpu_percent": 39.1, "learning_rate": 0.00025, "loss_mean": 0.21, "n_updates": 0}, {"reward": 510, "eps": 0.1, "len": 147, "time": 27784.71, "timesteps": 950373, "cpu_memory": 11.79, "cpu_percent": 39.1, "learning_rate": 0.00025, "loss_mean": 0.21, "n_updates": 0}, {"reward": 660, "eps": 0.1, "len": 169, "time": 27789.95, "timesteps": 950542, "cpu_memory": 11.79, "cpu_percent": 39.1, "learning_rate": 0.00025, "loss_mean": 0.2, "n_updates": 0}, {"reward": 820, "eps": 0.1, "len": 201, "time": 27795.79, "timesteps": 950743, "cpu_memory": 11.79, "cpu_percent": 39.1, "learning_rate": 0.00025, "loss_mean": 0.21, "n_updates": 0}, {"reward": 540, "eps": 0.1, "len": 190, "time": 27801.31, "timesteps": 950933, "cpu_memory": 11.79, "cpu_percent": 39.1, "learning_rate": 0.00025, "loss_mean": 0.21, "n_updates": 0}, {"reward": 890, "eps": 0.1, "len": 192, "time": 27806.84, "timesteps": 951125, "cpu_memory": 11.8, "cpu_percent": 39.1, "learning_rate": 0.00025, "loss_mean": 0.22, "n_updates": 0}, {"reward": 600, "eps": 0.1, "len": 159, "time": 27811.45, "timesteps": 951284, "cpu_memory": 11.8, "cpu_percent": 39.1, "learning_rate": 0.00025, "loss_mean": 0.22, "n_updates": 0}, {"reward": 770, "eps": 0.1, "len": 165, "time": 27816.28, "timesteps": 951449, "cpu_memory": 11.8, "cpu_percent": 39.1, "learning_rate": 0.00025, "loss_mean": 0.21, "n_updates": 0}, {"reward": 550, "eps": 0.1, "len": 215, "time": 27822.75, "timesteps": 951664, "cpu_memory": 11.8, "cpu_percent": 39.1, "learning_rate": 0.00025, "loss_mean": 0.2, "n_updates": 0}, {"reward": 730, "eps": 0.1, "len": 178, "time": 27827.99, "timesteps": 951842, "cpu_memory": 11.8, "cpu_percent": 39.1, "learning_rate": 0.00025, "loss_mean": 0.2, "n_updates": 0}, {"reward": 730, "eps": 0.1, "len": 178, "time": 27833.23, "timesteps": 952020, "cpu_memory": 11.8, "cpu_percent": 39.1, "learning_rate": 0.00025, "loss_mean": 0.21, "n_updates": 0}, {"reward": 780, "eps": 0.1, "len": 168, "time": 27838.08, "timesteps": 952188, "cpu_memory": 11.8, "cpu_percent": 39.1, "learning_rate": 0.00025, "loss_mean": 0.21, "n_updates": 0}, {"reward": 950, "eps": 0.1, "len": 193, "time": 27843.65, "timesteps": 952381, "cpu_memory": 11.81, "cpu_percent": 39.1, "learning_rate": 0.00025, "loss_mean": 0.22, "n_updates": 0}, {"reward": 1110, "eps": 0.1, "len": 280, "time": 27851.87, "timesteps": 952661, "cpu_memory": 11.81, "cpu_percent": 39.2, "learning_rate": 0.00025, "loss_mean": 0.21, "n_updates": 0}, {"reward": 400, "eps": 0.1, "len": 101, "time": 27855.02, "timesteps": 952762, "cpu_memory": 11.81, "cpu_percent": 39.2, "learning_rate": 0.00025, "loss_mean": 0.21, "n_updates": 0}, {"reward": 890, "eps": 0.1, "len": 178, "time": 27860.18, "timesteps": 952940, "cpu_memory": 11.81, "cpu_percent": 39.2, "learning_rate": 0.00025, "loss_mean": 0.2, "n_updates": 0}, {"reward": 1090, "eps": 0.1, "len": 225, "time": 27866.66, "timesteps": 953165, "cpu_memory": 11.81, "cpu_percent": 39.2, "learning_rate": 0.00025, "loss_mean": 0.21, "n_updates": 0}, {"reward": 780, "eps": 0.1, "len": 201, "time": 27872.49, "timesteps": 953366, "cpu_memory": 11.81, "cpu_percent": 39.2, "learning_rate": 0.00025, "loss_mean": 0.21, "n_updates": 0}, {"reward": 1430, "eps": 0.1, "len": 322, "time": 27881.92, "timesteps": 953688, "cpu_memory": 11.82, "cpu_percent": 39.2, "learning_rate": 0.00025, "loss_mean": 0.21, "n_updates": 0}, {"reward": 720, "eps": 0.1, "len": 234, "time": 27888.77, "timesteps": 953922, "cpu_memory": 11.82, "cpu_percent": 39.2, "learning_rate": 0.00025, "loss_mean": 0.21, "n_updates": 0}, {"reward": 740, "eps": 0.1, "len": 194, "time": 27894.48, "timesteps": 954116, "cpu_memory": 11.82, "cpu_percent": 39.2, "learning_rate": 0.00025, "loss_mean": 0.21, "n_updates": 0}, {"reward": 540, "eps": 0.1, "len": 131, "time": 27898.28, "timesteps": 954247, "cpu_memory": 11.82, "cpu_percent": 39.2, "learning_rate": 0.00025, "loss_mean": 0.21, "n_updates": 0}, {"reward": 1300, "eps": 0.1, "len": 270, "time": 27906.05, "timesteps": 954517, "cpu_memory": 11.82, "cpu_percent": 39.2, "learning_rate": 0.00025, "loss_mean": 0.2, "n_updates": 0}, {"reward": 260, "eps": 0.1, "len": 89, "time": 27908.67, "timesteps": 954606, "cpu_memory": 11.82, "cpu_percent": 39.2, "learning_rate": 0.00025, "loss_mean": 0.21, "n_updates": 0}, {"reward": 1680, "eps": 0.1, "len": 300, "time": 27917.46, "timesteps": 954906, "cpu_memory": 11.82, "cpu_percent": 39.2, "learning_rate": 0.00025, "loss_mean": 0.21, "n_updates": 0}, {"reward": 810, "eps": 0.1, "len": 244, "time": 27924.49, "timesteps": 955150, "cpu_memory": 11.83, "cpu_percent": 39.2, "learning_rate": 0.00025, "loss_mean": 0.21, "n_updates": 0}, {"reward": 970, "eps": 0.1, "len": 266, "time": 27932.13, "timesteps": 955416, "cpu_memory": 11.83, "cpu_percent": 39.2, "learning_rate": 0.00025, "loss_mean": 0.22, "n_updates": 0}, {"reward": 1130, "eps": 0.1, "len": 246, "time": 27939.28, "timesteps": 955662, "cpu_memory": 11.83, "cpu_percent": 39.2, "learning_rate": 0.00025, "loss_mean": 0.2, "n_updates": 0}, {"reward": 900, "eps": 0.1, "len": 190, "time": 27944.89, "timesteps": 955852, "cpu_memory": 11.83, "cpu_percent": 39.3, "learning_rate": 0.00025, "loss_mean": 0.22, "n_updates": 0}, {"reward": 810, "eps": 0.1, "len": 179, "time": 27950.26, "timesteps": 956031, "cpu_memory": 11.83, "cpu_percent": 39.3, "learning_rate": 0.00025, "loss_mean": 0.2, "n_updates": 0}, {"reward": 1050, "eps": 0.1, "len": 255, "time": 27957.63, "timesteps": 956286, "cpu_memory": 11.84, "cpu_percent": 39.3, "learning_rate": 0.00025, "loss_mean": 0.21, "n_updates": 0}, {"reward": 1140, "eps": 0.1, "len": 275, "time": 27965.74, "timesteps": 956561, "cpu_memory": 11.84, "cpu_percent": 39.3, "learning_rate": 0.00025, "loss_mean": 0.21, "n_updates": 0}, {"reward": 1380, "eps": 0.1, "len": 391, "time": 27977.22, "timesteps": 956952, "cpu_memory": 11.84, "cpu_percent": 39.3, "learning_rate": 0.00025, "loss_mean": 0.21, "n_updates": 0}, {"reward": 810, "eps": 0.1, "len": 173, "time": 27982.22, "timesteps": 957125, "cpu_memory": 11.84, "cpu_percent": 39.3, "learning_rate": 0.00025, "loss_mean": 0.21, "n_updates": 0}, {"reward": 880, "eps": 0.1, "len": 218, "time": 27988.49, "timesteps": 957343, "cpu_memory": 11.84, "cpu_percent": 39.3, "learning_rate": 0.00025, "loss_mean": 0.2, "n_updates": 0}, {"reward": 660, "eps": 0.1, "len": 196, "time": 27994.31, "timesteps": 957539, "cpu_memory": 11.85, "cpu_percent": 39.3, "learning_rate": 0.00025, "loss_mean": 0.2, "n_updates": 0}, {"reward": 990, "eps": 0.1, "len": 206, "time": 28000.29, "timesteps": 957745, "cpu_memory": 11.85, "cpu_percent": 39.3, "learning_rate": 0.00025, "loss_mean": 0.22, "n_updates": 0}, {"reward": 730, "eps": 0.1, "len": 204, "time": 28006.26, "timesteps": 957949, "cpu_memory": 11.85, "cpu_percent": 39.3, "learning_rate": 0.00025, "loss_mean": 0.21, "n_updates": 0}, {"reward": 1050, "eps": 0.1, "len": 261, "time": 28013.91, "timesteps": 958210, "cpu_memory": 11.85, "cpu_percent": 39.3, "learning_rate": 0.00025, "loss_mean": 0.21, "n_updates": 0}, {"reward": 1400, "eps": 0.1, "len": 308, "time": 28022.83, "timesteps": 958518, "cpu_memory": 11.85, "cpu_percent": 39.3, "learning_rate": 0.00025, "loss_mean": 0.21, "n_updates": 0}, {"reward": 530, "eps": 0.1, "len": 135, "time": 28026.82, "timesteps": 958653, "cpu_memory": 11.85, "cpu_percent": 39.3, "learning_rate": 0.00025, "loss_mean": 0.2, "n_updates": 0}, {"reward": 890, "eps": 0.1, "len": 192, "time": 28032.42, "timesteps": 958845, "cpu_memory": 11.86, "cpu_percent": 39.3, "learning_rate": 0.00025, "loss_mean": 0.2, "n_updates": 0}, {"reward": 1040, "eps": 0.1, "len": 201, "time": 28038.32, "timesteps": 959046, "cpu_memory": 11.86, "cpu_percent": 39.3, "learning_rate": 0.00025, "loss_mean": 0.2, "n_updates": 0}, {"reward": 800, "eps": 0.1, "len": 164, "time": 28043.15, "timesteps": 959210, "cpu_memory": 11.86, "cpu_percent": 39.4, "learning_rate": 0.00025, "loss_mean": 0.2, "n_updates": 0}, {"reward": 1010, "eps": 0.1, "len": 269, "time": 28050.91, "timesteps": 959479, "cpu_memory": 11.86, "cpu_percent": 39.4, "learning_rate": 0.00025, "loss_mean": 0.2, "n_updates": 0}, {"reward": 1110, "eps": 0.1, "len": 245, "time": 28057.99, "timesteps": 959724, "cpu_memory": 11.86, "cpu_percent": 39.4, "learning_rate": 0.00025, "loss_mean": 0.21, "n_updates": 0}]