[{"reward": 1200, "eps": 0.1, "len": 273, "time": 23380.1, "timesteps": 799960, "cpu_memory": 10.61, "cpu_percent": 35.3, "learning_rate": 0.00025, "loss_mean": 0.2, "n_updates": 0}, {"reward": 1360, "eps": 0.1, "len": 800257, "time": 23389.32, "timesteps": 800257, "cpu_memory": 10.61, "cpu_percent": 35.3, "learning_rate": 0.00025, "loss_mean": 0.2, "n_updates": 0}, {"reward": 690, "eps": 0.1, "len": 210, "time": 23395.45, "timesteps": 800467, "cpu_memory": 10.61, "cpu_percent": 35.3, "learning_rate": 0.00025, "loss_mean": 0.2, "n_updates": 0}, {"reward": 820, "eps": 0.1, "len": 184, "time": 23400.75, "timesteps": 800651, "cpu_memory": 10.61, "cpu_percent": 35.3, "learning_rate": 0.00025, "loss_mean": 0.2, "n_updates": 0}, {"reward": 890, "eps": 0.1, "len": 208, "time": 23406.96, "timesteps": 800859, "cpu_memory": 10.62, "cpu_percent": 35.3, "learning_rate": 0.00025, "loss_mean": 0.19, "n_updates": 0}, {"reward": 1060, "eps": 0.1, "len": 281, "time": 23415.12, "timesteps": 801140, "cpu_memory": 10.62, "cpu_percent": 35.3, "learning_rate": 0.00025, "loss_mean": 0.2, "n_updates": 0}, {"reward": 1700, "eps": 0.1, "len": 422, "time": 23427.18, "timesteps": 801562, "cpu_memory": 10.62, "cpu_percent": 35.3, "learning_rate": 0.00025, "loss_mean": 0.2, "n_updates": 0}, {"reward": 700, "eps": 0.1, "len": 188, "time": 23432.61, "timesteps": 801750, "cpu_memory": 10.62, "cpu_percent": 35.3, "learning_rate": 0.00025, "loss_mean": 0.19, "n_updates": 0}, {"reward": 590, "eps": 0.1, "len": 171, "time": 23437.74, "timesteps": 801921, "cpu_memory": 10.62, "cpu_percent": 35.3, "learning_rate": 0.00025, "loss_mean": 0.21, "n_updates": 0}, {"reward": 1420, "eps": 0.1, "len": 295, "time": 23446.3, "timesteps": 802216, "cpu_memory": 10.63, "cpu_percent": 35.3, "learning_rate": 0.00025, "loss_mean": 0.19, "n_updates": 0}, {"reward": 1390, "eps": 0.1, "len": 365, "time": 23456.9, "timesteps": 802581, "cpu_memory": 10.63, "cpu_percent": 35.3, "learning_rate": 0.00025, "loss_mean": 0.2, "n_updates": 0}, {"reward": 520, "eps": 0.1, "len": 141, "time": 23461.1, "timesteps": 802722, "cpu_memory": 10.63, "cpu_percent": 35.3, "learning_rate": 0.00025, "loss_mean": 0.2, "n_updates": 0}, {"reward": 1060, "eps": 0.1, "len": 259, "time": 23468.65, "timesteps": 802981, "cpu_memory": 10.63, "cpu_percent": 35.4, "learning_rate": 0.00025, "loss_mean": 0.2, "n_updates": 0}, {"reward": 1350, "eps": 0.1, "len": 265, "time": 23476.46, "timesteps": 803246, "cpu_memory": 10.63, "cpu_percent": 35.4, "learning_rate": 0.00025, "loss_mean": 0.2, "n_updates": 0}, {"reward": 780, "eps": 0.1, "len": 193, "time": 23482.04, "timesteps": 803439, "cpu_memory": 10.64, "cpu_percent": 35.4, "learning_rate": 0.00025, "loss_mean": 0.2, "n_updates": 0}, {"reward": 1320, "eps": 0.1, "len": 302, "time": 23490.73, "timesteps": 803741, "cpu_memory": 10.64, "cpu_percent": 35.4, "learning_rate": 0.00025, "loss_mean": 0.2, "n_updates": 0}, {"reward": 490, "eps": 0.1, "len": 155, "time": 23495.24, "timesteps": 803896, "cpu_memory": 10.64, "cpu_percent": 35.4, "learning_rate": 0.00025, "loss_mean": 0.19, "n_updates": 0}, {"reward": 1210, "eps": 0.1, "len": 245, "time": 23502.49, "timesteps": 804141, "cpu_memory": 10.64, "cpu_percent": 35.4, "learning_rate": 0.00025, "loss_mean": 0.19, "n_updates": 0}, {"reward": 970, "eps": 0.1, "len": 231, "time": 23509.35, "timesteps": 804372, "cpu_memory": 10.64, "cpu_percent": 35.4, "learning_rate": 0.00025, "loss_mean": 0.19, "n_updates": 0}, {"reward": 1000, "eps": 0.1, "len": 224, "time": 23515.81, "timesteps": 804596, "cpu_memory": 10.65, "cpu_percent": 35.4, "learning_rate": 0.00025, "loss_mean": 0.2, "n_updates": 0}, {"reward": 760, "eps": 0.1, "len": 200, "time": 23521.56, "timesteps": 804796, "cpu_memory": 10.65, "cpu_percent": 35.4, "learning_rate": 0.00025, "loss_mean": 0.19, "n_updates": 0}, {"reward": 740, "eps": 0.1, "len": 183, "time": 23526.9, "timesteps": 804979, "cpu_memory": 10.65, "cpu_percent": 35.4, "learning_rate": 0.00025, "loss_mean": 0.2, "n_updates": 0}, {"reward": 780, "eps": 0.1, "len": 202, "time": 23532.92, "timesteps": 805181, "cpu_memory": 10.65, "cpu_percent": 35.4, "learning_rate": 0.00025, "loss_mean": 0.2, "n_updates": 0}, {"reward": 310, "eps": 0.1, "len": 93, "time": 23535.64, "timesteps": 805274, "cpu_memory": 10.65, "cpu_percent": 35.4, "learning_rate": 0.00025, "loss_mean": 0.2, "n_updates": 0}, {"reward": 980, "eps": 0.1, "len": 242, "time": 23542.74, "timesteps": 805516, "cpu_memory": 10.65, "cpu_percent": 35.4, "learning_rate": 0.00025, "loss_mean": 0.2, "n_updates": 0}, {"reward": 890, "eps": 0.1, "len": 239, "time": 23549.58, "timesteps": 805755, "cpu_memory": 10.65, "cpu_percent": 35.4, "learning_rate": 0.00025, "loss_mean": 0.19, "n_updates": 0}, {"reward": 380, "eps": 0.1, "len": 113, "time": 23552.94, "timesteps": 805868, "cpu_memory": 10.66, "cpu_percent": 35.4, "learning_rate": 0.00025, "loss_mean": 0.19, "n_updates": 0}, {"reward": 830, "eps": 0.1, "len": 168, "time": 23557.83, "timesteps": 806036, "cpu_memory": 10.66, "cpu_percent": 35.4, "learning_rate": 0.00025, "loss_mean": 0.19, "n_updates": 0}, {"reward": 810, "eps": 0.1, "len": 241, "time": 23564.9, "timesteps": 806277, "cpu_memory": 10.66, "cpu_percent": 35.5, "learning_rate": 0.00025, "loss_mean": 0.2, "n_updates": 0}, {"reward": 830, "eps": 0.1, "len": 214, "time": 23571.2, "timesteps": 806491, "cpu_memory": 10.66, "cpu_percent": 35.5, "learning_rate": 0.00025, "loss_mean": 0.19, "n_updates": 0}, {"reward": 1120, "eps": 0.1, "len": 266, "time": 23578.95, "timesteps": 806757, "cpu_memory": 10.66, "cpu_percent": 35.5, "learning_rate": 0.00025, "loss_mean": 0.2, "n_updates": 0}, {"reward": 970, "eps": 0.1, "len": 280, "time": 23587.03, "timesteps": 807037, "cpu_memory": 10.66, "cpu_percent": 35.5, "learning_rate": 0.00025, "loss_mean": 0.2, "n_updates": 0}, {"reward": 770, "eps": 0.1, "len": 205, "time": 23593.06, "timesteps": 807242, "cpu_memory": 10.67, "cpu_percent": 35.5, "learning_rate": 0.00025, "loss_mean": 0.19, "n_updates": 0}, {"reward": 930, "eps": 0.1, "len": 279, "time": 23601.15, "timesteps": 807521, "cpu_memory": 10.67, "cpu_percent": 35.5, "learning_rate": 0.00025, "loss_mean": 0.2, "n_updates": 0}, {"reward": 760, "eps": 0.1, "len": 176, "time": 23606.22, "timesteps": 807697, "cpu_memory": 10.67, "cpu_percent": 35.5, "learning_rate": 0.00025, "loss_mean": 0.2, "n_updates": 0}, {"reward": 1030, "eps": 0.1, "len": 245, "time": 23613.46, "timesteps": 807942, "cpu_memory": 10.67, "cpu_percent": 35.5, "learning_rate": 0.00025, "loss_mean": 0.2, "n_updates": 0}, {"reward": 1130, "eps": 0.1, "len": 262, "time": 23621.12, "timesteps": 808204, "cpu_memory": 10.67, "cpu_percent": 35.5, "learning_rate": 0.00025, "loss_mean": 0.2, "n_updates": 0}, {"reward": 730, "eps": 0.1, "len": 192, "time": 23626.86, "timesteps": 808396, "cpu_memory": 10.67, "cpu_percent": 35.5, "learning_rate": 0.00025, "loss_mean": 0.2, "n_updates": 0}, {"reward": 1120, "eps": 0.1, "len": 288, "time": 23635.43, "timesteps": 808684, "cpu_memory": 10.68, "cpu_percent": 35.5, "learning_rate": 0.00025, "loss_mean": 0.2, "n_updates": 0}, {"reward": 630, "eps": 0.1, "len": 158, "time": 23640.0, "timesteps": 808842, "cpu_memory": 10.68, "cpu_percent": 35.5, "learning_rate": 0.00025, "loss_mean": 0.2, "n_updates": 0}, {"reward": 790, "eps": 0.1, "len": 248, "time": 23647.17, "timesteps": 809090, "cpu_memory": 10.68, "cpu_percent": 35.5, "learning_rate": 0.00025, "loss_mean": 0.19, "n_updates": 0}]