[{"reward": 440, "eps": 0.933, "len": 128, "time": 780.3, "timesteps": 29848, "cpu_memory": 2.95, "cpu_percent": 10.7, "learning_rate": 0.00025, "loss_mean": 0.51, "n_updates": 0}, {"reward": 670, "eps": 0.9326, "len": 30098, "time": 787.42, "timesteps": 30098, "cpu_memory": 2.97, "cpu_percent": 10.8, "learning_rate": 0.00025, "loss_mean": 0.5, "n_updates": 0}, {"reward": 470, "eps": 0.9321, "len": 160, "time": 791.53, "timesteps": 30258, "cpu_memory": 2.97, "cpu_percent": 10.8, "learning_rate": 0.00025, "loss_mean": 0.45, "n_updates": 0}, {"reward": 280, "eps": 0.9318, "len": 145, "time": 795.23, "timesteps": 30403, "cpu_memory": 2.97, "cpu_percent": 10.8, "learning_rate": 0.00025, "loss_mean": 0.61, "n_updates": 0}, {"reward": 600, "eps": 0.9314, "len": 204, "time": 800.52, "timesteps": 30607, "cpu_memory": 2.98, "cpu_percent": 10.8, "learning_rate": 0.00025, "loss_mean": 0.92, "n_updates": 0}, {"reward": 490, "eps": 0.931, "len": 139, "time": 804.27, "timesteps": 30746, "cpu_memory": 2.98, "cpu_percent": 10.9, "learning_rate": 0.00025, "loss_mean": 0.57, "n_updates": 0}, {"reward": 530, "eps": 0.9306, "len": 174, "time": 808.95, "timesteps": 30920, "cpu_memory": 2.99, "cpu_percent": 10.9, "learning_rate": 0.00025, "loss_mean": 0.49, "n_updates": 0}, {"reward": 460, "eps": 0.9302, "len": 169, "time": 813.39, "timesteps": 31089, "cpu_memory": 2.99, "cpu_percent": 10.9, "learning_rate": 0.00025, "loss_mean": 0.53, "n_updates": 0}, {"reward": 470, "eps": 0.9298, "len": 186, "time": 818.39, "timesteps": 31275, "cpu_memory": 3.0, "cpu_percent": 10.9, "learning_rate": 0.00025, "loss_mean": 0.51, "n_updates": 0}, {"reward": 480, "eps": 0.9295, "len": 127, "time": 821.75, "timesteps": 31402, "cpu_memory": 3.0, "cpu_percent": 10.9, "learning_rate": 0.00025, "loss_mean": 0.57, "n_updates": 0}, {"reward": 450, "eps": 0.9292, "len": 159, "time": 825.96, "timesteps": 31561, "cpu_memory": 3.01, "cpu_percent": 10.9, "learning_rate": 0.00025, "loss_mean": 0.54, "n_updates": 0}, {"reward": 500, "eps": 0.9288, "len": 143, "time": 829.82, "timesteps": 31704, "cpu_memory": 3.01, "cpu_percent": 10.9, "learning_rate": 0.00025, "loss_mean": 0.46, "n_updates": 0}, {"reward": 690, "eps": 0.9284, "len": 216, "time": 835.43, "timesteps": 31920, "cpu_memory": 3.02, "cpu_percent": 10.9, "learning_rate": 0.00025, "loss_mean": 0.55, "n_updates": 0}, {"reward": 370, "eps": 0.928, "len": 164, "time": 839.79, "timesteps": 32084, "cpu_memory": 3.03, "cpu_percent": 11.0, "learning_rate": 0.00025, "loss_mean": 0.75, "n_updates": 0}, {"reward": 520, "eps": 0.9277, "len": 138, "time": 843.37, "timesteps": 32222, "cpu_memory": 3.03, "cpu_percent": 11.0, "learning_rate": 0.00025, "loss_mean": 0.51, "n_updates": 0}, {"reward": 320, "eps": 0.9273, "len": 143, "time": 847.14, "timesteps": 32365, "cpu_memory": 3.04, "cpu_percent": 11.0, "learning_rate": 0.00025, "loss_mean": 0.66, "n_updates": 0}, {"reward": 540, "eps": 0.9269, "len": 228, "time": 853.06, "timesteps": 32593, "cpu_memory": 3.04, "cpu_percent": 11.0, "learning_rate": 0.00025, "loss_mean": 0.48, "n_updates": 0}, {"reward": 450, "eps": 0.9265, "len": 165, "time": 857.37, "timesteps": 32758, "cpu_memory": 3.05, "cpu_percent": 11.0, "learning_rate": 0.00025, "loss_mean": 0.5, "n_updates": 0}, {"reward": 450, "eps": 0.9261, "len": 152, "time": 861.3, "timesteps": 32910, "cpu_memory": 3.05, "cpu_percent": 11.0, "learning_rate": 0.00025, "loss_mean": 0.52, "n_updates": 0}, {"reward": 550, "eps": 0.9257, "len": 183, "time": 866.12, "timesteps": 33093, "cpu_memory": 3.06, "cpu_percent": 11.1, "learning_rate": 0.00025, "loss_mean": 0.49, "n_updates": 0}, {"reward": 480, "eps": 0.9254, "len": 166, "time": 870.6, "timesteps": 33259, "cpu_memory": 3.07, "cpu_percent": 11.1, "learning_rate": 0.00025, "loss_mean": 0.49, "n_updates": 0}, {"reward": 420, "eps": 0.925, "len": 142, "time": 874.26, "timesteps": 33401, "cpu_memory": 3.07, "cpu_percent": 11.1, "learning_rate": 0.00025, "loss_mean": 0.51, "n_updates": 0}, {"reward": 570, "eps": 0.9247, "len": 171, "time": 878.93, "timesteps": 33572, "cpu_memory": 3.08, "cpu_percent": 11.1, "learning_rate": 0.00025, "loss_mean": 0.6, "n_updates": 0}, {"reward": 430, "eps": 0.9243, "len": 136, "time": 882.56, "timesteps": 33708, "cpu_memory": 3.08, "cpu_percent": 11.1, "learning_rate": 0.00025, "loss_mean": 0.53, "n_updates": 0}, {"reward": 500, "eps": 0.924, "len": 159, "time": 886.68, "timesteps": 33867, "cpu_memory": 3.09, "cpu_percent": 11.1, "learning_rate": 0.00025, "loss_mean": 0.74, "n_updates": 0}, {"reward": 480, "eps": 0.9236, "len": 185, "time": 891.51, "timesteps": 34052, "cpu_memory": 3.09, "cpu_percent": 11.1, "learning_rate": 0.00025, "loss_mean": 0.51, "n_updates": 0}, {"reward": 480, "eps": 0.9232, "len": 145, "time": 895.33, "timesteps": 34197, "cpu_memory": 3.1, "cpu_percent": 11.1, "learning_rate": 0.00025, "loss_mean": 0.52, "n_updates": 0}, {"reward": 530, "eps": 0.9229, "len": 166, "time": 899.54, "timesteps": 34363, "cpu_memory": 3.1, "cpu_percent": 11.1, "learning_rate": 0.00025, "loss_mean": 0.46, "n_updates": 0}, {"reward": 230, "eps": 0.9226, "len": 103, "time": 902.31, "timesteps": 34466, "cpu_memory": 3.11, "cpu_percent": 11.2, "learning_rate": 0.00025, "loss_mean": 0.47, "n_updates": 0}, {"reward": 320, "eps": 0.9223, "len": 143, "time": 906.03, "timesteps": 34609, "cpu_memory": 3.11, "cpu_percent": 11.2, "learning_rate": 0.00025, "loss_mean": 0.41, "n_updates": 0}, {"reward": 630, "eps": 0.9219, "len": 203, "time": 911.22, "timesteps": 34812, "cpu_memory": 3.12, "cpu_percent": 11.2, "learning_rate": 0.00025, "loss_mean": 0.48, "n_updates": 0}, {"reward": 560, "eps": 0.9215, "len": 167, "time": 915.57, "timesteps": 34979, "cpu_memory": 3.12, "cpu_percent": 11.2, "learning_rate": 0.00025, "loss_mean": 0.48, "n_updates": 0}, {"reward": 420, "eps": 0.9211, "len": 158, "time": 919.58, "timesteps": 35137, "cpu_memory": 3.13, "cpu_percent": 11.2, "learning_rate": 0.00025, "loss_mean": 0.54, "n_updates": 0}, {"reward": 640, "eps": 0.9207, "len": 175, "time": 923.96, "timesteps": 35312, "cpu_memory": 3.14, "cpu_percent": 11.3, "learning_rate": 0.00025, "loss_mean": 0.54, "n_updates": 0}, {"reward": 420, "eps": 0.9203, "len": 185, "time": 928.78, "timesteps": 35497, "cpu_memory": 3.14, "cpu_percent": 11.3, "learning_rate": 0.00025, "loss_mean": 0.44, "n_updates": 0}, {"reward": 760, "eps": 0.9199, "len": 243, "time": 935.45, "timesteps": 35740, "cpu_memory": 3.15, "cpu_percent": 11.3, "learning_rate": 0.00025, "loss_mean": 0.55, "n_updates": 0}, {"reward": 460, "eps": 0.9194, "len": 191, "time": 940.4, "timesteps": 35931, "cpu_memory": 3.16, "cpu_percent": 11.4, "learning_rate": 0.00025, "loss_mean": 0.51, "n_updates": 0}, {"reward": 540, "eps": 0.919, "len": 175, "time": 944.98, "timesteps": 36106, "cpu_memory": 3.16, "cpu_percent": 11.4, "learning_rate": 0.00025, "loss_mean": 0.55, "n_updates": 0}, {"reward": 360, "eps": 0.9186, "len": 138, "time": 948.61, "timesteps": 36244, "cpu_memory": 3.17, "cpu_percent": 11.4, "learning_rate": 0.00025, "loss_mean": 0.5, "n_updates": 0}, {"reward": 610, "eps": 0.9182, "len": 179, "time": 953.23, "timesteps": 36423, "cpu_memory": 3.17, "cpu_percent": 11.4, "learning_rate": 0.00025, "loss_mean": 0.46, "n_updates": 0}, {"reward": 520, "eps": 0.9178, "len": 178, "time": 957.86, "timesteps": 36601, "cpu_memory": 3.18, "cpu_percent": 11.4, "learning_rate": 0.00025, "loss_mean": 0.55, "n_updates": 0}, {"reward": 310, "eps": 0.9175, "len": 122, "time": 961.09, "timesteps": 36723, "cpu_memory": 3.18, "cpu_percent": 11.5, "learning_rate": 0.00025, "loss_mean": 0.56, "n_updates": 0}, {"reward": 510, "eps": 0.9172, "len": 181, "time": 965.95, "timesteps": 36904, "cpu_memory": 3.19, "cpu_percent": 11.5, "learning_rate": 0.00025, "loss_mean": 0.51, "n_updates": 0}, {"reward": 410, "eps": 0.9168, "len": 179, "time": 970.66, "timesteps": 37083, "cpu_memory": 3.19, "cpu_percent": 11.5, "learning_rate": 0.00025, "loss_mean": 0.5, "n_updates": 0}, {"reward": 480, "eps": 0.9164, "len": 137, "time": 974.26, "timesteps": 37220, "cpu_memory": 3.2, "cpu_percent": 11.5, "learning_rate": 0.00025, "loss_mean": 0.61, "n_updates": 0}, {"reward": 600, "eps": 0.9161, "len": 178, "time": 978.85, "timesteps": 37398, "cpu_memory": 3.2, "cpu_percent": 11.5, "learning_rate": 0.00025, "loss_mean": 0.62, "n_updates": 0}, {"reward": 240, "eps": 0.9158, "len": 85, "time": 981.08, "timesteps": 37483, "cpu_memory": 3.21, "cpu_percent": 11.5, "learning_rate": 0.00025, "loss_mean": 0.55, "n_updates": 0}, {"reward": 500, "eps": 0.9155, "len": 185, "time": 985.86, "timesteps": 37668, "cpu_memory": 3.21, "cpu_percent": 11.5, "learning_rate": 0.00025, "loss_mean": 0.52, "n_updates": 0}, {"reward": 700, "eps": 0.915, "len": 199, "time": 991.03, "timesteps": 37867, "cpu_memory": 3.22, "cpu_percent": 11.5, "learning_rate": 0.00025, "loss_mean": 0.45, "n_updates": 0}, {"reward": 490, "eps": 0.9146, "len": 155, "time": 995.13, "timesteps": 38022, "cpu_memory": 3.23, "cpu_percent": 11.6, "learning_rate": 0.00025, "loss_mean": 0.42, "n_updates": 0}, {"reward": 290, "eps": 0.9143, "len": 131, "time": 998.66, "timesteps": 38153, "cpu_memory": 3.23, "cpu_percent": 11.6, "learning_rate": 0.00025, "loss_mean": 0.44, "n_updates": 0}, {"reward": 420, "eps": 0.914, "len": 140, "time": 1002.45, "timesteps": 38293, "cpu_memory": 3.24, "cpu_percent": 11.6, "learning_rate": 0.00025, "loss_mean": 0.49, "n_updates": 0}, {"reward": 480, "eps": 0.9136, "len": 178, "time": 1007.19, "timesteps": 38471, "cpu_memory": 3.24, "cpu_percent": 11.6, "learning_rate": 0.00025, "loss_mean": 0.54, "n_updates": 0}, {"reward": 490, "eps": 0.9133, "len": 147, "time": 1011.07, "timesteps": 38618, "cpu_memory": 3.25, "cpu_percent": 11.6, "learning_rate": 0.00025, "loss_mean": 0.54, "n_updates": 0}, {"reward": 500, "eps": 0.9129, "len": 216, "time": 1016.83, "timesteps": 38834, "cpu_memory": 3.25, "cpu_percent": 11.6, "learning_rate": 0.00025, "loss_mean": 0.46, "n_updates": 0}, {"reward": 560, "eps": 0.9124, "len": 156, "time": 1020.86, "timesteps": 38990, "cpu_memory": 3.26, "cpu_percent": 11.6, "learning_rate": 0.00025, "loss_mean": 0.48, "n_updates": 0}, {"reward": 640, "eps": 0.9121, "len": 186, "time": 1025.8, "timesteps": 39176, "cpu_memory": 3.26, "cpu_percent": 11.6, "learning_rate": 0.00025, "loss_mean": 0.47, "n_updates": 0}, {"reward": 350, "eps": 0.9117, "len": 149, "time": 1029.74, "timesteps": 39325, "cpu_memory": 3.27, "cpu_percent": 11.7, "learning_rate": 0.00025, "loss_mean": 0.39, "n_updates": 0}, {"reward": 390, "eps": 0.9114, "len": 130, "time": 1033.15, "timesteps": 39455, "cpu_memory": 3.27, "cpu_percent": 11.7, "learning_rate": 0.00025, "loss_mean": 0.5, "n_updates": 0}, {"reward": 510, "eps": 0.9111, "len": 149, "time": 1037.03, "timesteps": 39604, "cpu_memory": 3.28, "cpu_percent": 11.7, "learning_rate": 0.00025, "loss_mean": 0.5, "n_updates": 0}, {"reward": 660, "eps": 0.9106, "len": 217, "time": 1042.59, "timesteps": 39821, "cpu_memory": 3.29, "cpu_percent": 11.7, "learning_rate": 0.00025, "loss_mean": 0.48, "n_updates": 0}]