[{"reward": 870, "eps": 0.2584, "len": 268, "time": 9140.96, "timesteps": 329748, "cpu_memory": 6.96, "cpu_percent": 23.5, "learning_rate": 0.00025, "loss_mean": 0.35, "n_updates": 0}, {"reward": 740, "eps": 0.2578, "len": 232, "time": 9147.92, "timesteps": 329980, "cpu_memory": 6.96, "cpu_percent": 23.6, "learning_rate": 0.00025, "loss_mean": 0.35, "n_updates": 0}, {"reward": 990, "eps": 0.2573, "len": 213, "time": 9154.8, "timesteps": 330193, "cpu_memory": 6.96, "cpu_percent": 23.6, "learning_rate": 0.00025, "loss_mean": 0.35, "n_updates": 0}, {"reward": 840, "eps": 0.2568, "len": 253, "time": 9162.18, "timesteps": 330446, "cpu_memory": 6.96, "cpu_percent": 23.6, "learning_rate": 0.00025, "loss_mean": 0.35, "n_updates": 0}, {"reward": 1260, "eps": 0.2562, "len": 292, "time": 9170.65, "timesteps": 330738, "cpu_memory": 6.96, "cpu_percent": 23.6, "learning_rate": 0.00025, "loss_mean": 0.35, "n_updates": 0}, {"reward": 530, "eps": 0.2556, "len": 180, "time": 9175.91, "timesteps": 330918, "cpu_memory": 6.97, "cpu_percent": 23.6, "learning_rate": 0.00025, "loss_mean": 0.36, "n_updates": 0}, {"reward": 630, "eps": 0.2552, "len": 245, "time": 9183.18, "timesteps": 331163, "cpu_memory": 6.97, "cpu_percent": 23.6, "learning_rate": 0.00025, "loss_mean": 0.35, "n_updates": 0}, {"reward": 760, "eps": 0.2547, "len": 179, "time": 9188.41, "timesteps": 331342, "cpu_memory": 6.97, "cpu_percent": 23.6, "learning_rate": 0.00025, "loss_mean": 0.34, "n_updates": 0}, {"reward": 460, "eps": 0.2543, "len": 144, "time": 9192.61, "timesteps": 331486, "cpu_memory": 6.97, "cpu_percent": 23.6, "learning_rate": 0.00025, "loss_mean": 0.36, "n_updates": 0}, {"reward": 880, "eps": 0.2539, "len": 210, "time": 9198.72, "timesteps": 331696, "cpu_memory": 6.97, "cpu_percent": 23.6, "learning_rate": 0.00025, "loss_mean": 0.32, "n_updates": 0}, {"reward": 1280, "eps": 0.2533, "len": 321, "time": 9208.15, "timesteps": 332017, "cpu_memory": 6.97, "cpu_percent": 23.6, "learning_rate": 0.00025, "loss_mean": 0.33, "n_updates": 0}, {"reward": 1000, "eps": 0.2527, "len": 266, "time": 9215.97, "timesteps": 332283, "cpu_memory": 6.98, "cpu_percent": 23.6, "learning_rate": 0.00025, "loss_mean": 0.35, "n_updates": 0}, {"reward": 900, "eps": 0.2521, "len": 229, "time": 9222.76, "timesteps": 332512, "cpu_memory": 6.98, "cpu_percent": 23.6, "learning_rate": 0.00025, "loss_mean": 0.35, "n_updates": 0}, {"reward": 570, "eps": 0.2517, "len": 158, "time": 9227.44, "timesteps": 332670, "cpu_memory": 6.98, "cpu_percent": 23.6, "learning_rate": 0.00025, "loss_mean": 0.37, "n_updates": 0}, {"reward": 790, "eps": 0.2513, "len": 173, "time": 9232.41, "timesteps": 332843, "cpu_memory": 6.98, "cpu_percent": 23.6, "learning_rate": 0.00025, "loss_mean": 0.35, "n_updates": 0}, {"reward": 890, "eps": 0.2509, "len": 218, "time": 9238.82, "timesteps": 333061, "cpu_memory": 6.98, "cpu_percent": 23.6, "learning_rate": 0.00025, "loss_mean": 0.35, "n_updates": 0}, {"reward": 1170, "eps": 0.2503, "len": 240, "time": 9245.89, "timesteps": 333301, "cpu_memory": 6.98, "cpu_percent": 23.7, "learning_rate": 0.00025, "loss_mean": 0.38, "n_updates": 0}, {"reward": 370, "eps": 0.2499, "len": 136, "time": 9249.8, "timesteps": 333437, "cpu_memory": 6.98, "cpu_percent": 23.7, "learning_rate": 0.00025, "loss_mean": 0.36, "n_updates": 0}, {"reward": 800, "eps": 0.2495, "len": 197, "time": 9255.5, "timesteps": 333634, "cpu_memory": 6.99, "cpu_percent": 23.7, "learning_rate": 0.00025, "loss_mean": 0.36, "n_updates": 0}, {"reward": 1220, "eps": 0.249, "len": 287, "time": 9264.03, "timesteps": 333921, "cpu_memory": 6.99, "cpu_percent": 23.7, "learning_rate": 0.00025, "loss_mean": 0.37, "n_updates": 0}, {"reward": 560, "eps": 0.2484, "len": 206, "time": 9270.06, "timesteps": 334127, "cpu_memory": 6.99, "cpu_percent": 23.7, "learning_rate": 0.00025, "loss_mean": 0.37, "n_updates": 0}, {"reward": 440, "eps": 0.248, "len": 153, "time": 9274.63, "timesteps": 334280, "cpu_memory": 6.99, "cpu_percent": 23.7, "learning_rate": 0.00025, "loss_mean": 0.34, "n_updates": 0}, {"reward": 630, "eps": 0.2477, "len": 151, "time": 9279.08, "timesteps": 334431, "cpu_memory": 6.99, "cpu_percent": 23.7, "learning_rate": 0.00025, "loss_mean": 0.34, "n_updates": 0}, {"reward": 610, "eps": 0.2474, "len": 156, "time": 9283.57, "timesteps": 334587, "cpu_memory": 6.99, "cpu_percent": 23.7, "learning_rate": 0.00025, "loss_mean": 0.35, "n_updates": 0}, {"reward": 1080, "eps": 0.2469, "len": 267, "time": 9291.52, "timesteps": 334854, "cpu_memory": 6.99, "cpu_percent": 23.7, "learning_rate": 0.00025, "loss_mean": 0.37, "n_updates": 0}, {"reward": 880, "eps": 0.2463, "len": 238, "time": 9298.41, "timesteps": 335092, "cpu_memory": 7.0, "cpu_percent": 23.7, "learning_rate": 0.00025, "loss_mean": 0.36, "n_updates": 0}, {"reward": 1030, "eps": 0.2457, "len": 267, "time": 9306.3, "timesteps": 335359, "cpu_memory": 7.0, "cpu_percent": 23.7, "learning_rate": 0.00025, "loss_mean": 0.34, "n_updates": 0}, {"reward": 720, "eps": 0.2452, "len": 188, "time": 9311.8, "timesteps": 335547, "cpu_memory": 7.0, "cpu_percent": 23.7, "learning_rate": 0.00025, "loss_mean": 0.34, "n_updates": 0}, {"reward": 1360, "eps": 0.2446, "len": 328, "time": 9321.34, "timesteps": 335875, "cpu_memory": 7.0, "cpu_percent": 23.7, "learning_rate": 0.00025, "loss_mean": 0.33, "n_updates": 0}, {"reward": 870, "eps": 0.244, "len": 261, "time": 9329.0, "timesteps": 336136, "cpu_memory": 7.0, "cpu_percent": 23.7, "learning_rate": 0.00025, "loss_mean": 0.34, "n_updates": 0}, {"reward": 720, "eps": 0.2435, "len": 192, "time": 9334.67, "timesteps": 336328, "cpu_memory": 7.01, "cpu_percent": 23.7, "learning_rate": 0.00025, "loss_mean": 0.34, "n_updates": 0}, {"reward": 1040, "eps": 0.2429, "len": 317, "time": 9344.2, "timesteps": 336645, "cpu_memory": 7.01, "cpu_percent": 23.7, "learning_rate": 0.00025, "loss_mean": 0.36, "n_updates": 0}, {"reward": 520, "eps": 0.2424, "len": 151, "time": 9348.79, "timesteps": 336796, "cpu_memory": 7.01, "cpu_percent": 23.7, "learning_rate": 0.00025, "loss_mean": 0.38, "n_updates": 0}, {"reward": 770, "eps": 0.242, "len": 180, "time": 9354.26, "timesteps": 336976, "cpu_memory": 7.01, "cpu_percent": 23.7, "learning_rate": 0.00025, "loss_mean": 0.37, "n_updates": 0}, {"reward": 540, "eps": 0.2416, "len": 138, "time": 9358.43, "timesteps": 337114, "cpu_memory": 7.01, "cpu_percent": 23.7, "learning_rate": 0.00025, "loss_mean": 0.38, "n_updates": 0}, {"reward": 1070, "eps": 0.2412, "len": 235, "time": 9365.51, "timesteps": 337349, "cpu_memory": 7.01, "cpu_percent": 23.7, "learning_rate": 0.00025, "loss_mean": 0.38, "n_updates": 0}, {"reward": 470, "eps": 0.2408, "len": 152, "time": 9370.19, "timesteps": 337501, "cpu_memory": 7.01, "cpu_percent": 23.7, "learning_rate": 0.00025, "loss_mean": 0.33, "n_updates": 0}, {"reward": 500, "eps": 0.2404, "len": 155, "time": 9374.76, "timesteps": 337656, "cpu_memory": 7.02, "cpu_percent": 23.7, "learning_rate": 0.00025, "loss_mean": 0.36, "n_updates": 0}, {"reward": 560, "eps": 0.2401, "len": 145, "time": 9379.13, "timesteps": 337801, "cpu_memory": 7.02, "cpu_percent": 23.7, "learning_rate": 0.00025, "loss_mean": 0.36, "n_updates": 0}, {"reward": 880, "eps": 0.2397, "len": 245, "time": 9386.43, "timesteps": 338046, "cpu_memory": 7.02, "cpu_percent": 23.7, "learning_rate": 0.00025, "loss_mean": 0.35, "n_updates": 0}, {"reward": 970, "eps": 0.2391, "len": 273, "time": 9394.66, "timesteps": 338319, "cpu_memory": 7.02, "cpu_percent": 23.7, "learning_rate": 0.00025, "loss_mean": 0.37, "n_updates": 0}, {"reward": 740, "eps": 0.2386, "len": 200, "time": 9400.76, "timesteps": 338519, "cpu_memory": 7.02, "cpu_percent": 23.7, "learning_rate": 0.00025, "loss_mean": 0.36, "n_updates": 0}, {"reward": 840, "eps": 0.2381, "len": 232, "time": 9407.7, "timesteps": 338751, "cpu_memory": 7.02, "cpu_percent": 23.8, "learning_rate": 0.00025, "loss_mean": 0.35, "n_updates": 0}, {"reward": 720, "eps": 0.2376, "len": 193, "time": 9413.55, "timesteps": 338944, "cpu_memory": 7.03, "cpu_percent": 23.8, "learning_rate": 0.00025, "loss_mean": 0.36, "n_updates": 0}, {"reward": 610, "eps": 0.2372, "len": 135, "time": 9417.66, "timesteps": 339079, "cpu_memory": 7.03, "cpu_percent": 23.8, "learning_rate": 0.00025, "loss_mean": 0.36, "n_updates": 0}, {"reward": 740, "eps": 0.2368, "len": 202, "time": 9423.8, "timesteps": 339281, "cpu_memory": 7.03, "cpu_percent": 23.8, "learning_rate": 0.00025, "loss_mean": 0.35, "n_updates": 0}, {"reward": 790, "eps": 0.2364, "len": 183, "time": 9429.28, "timesteps": 339464, "cpu_memory": 7.03, "cpu_percent": 23.8, "learning_rate": 0.00025, "loss_mean": 0.36, "n_updates": 0}, {"reward": 710, "eps": 0.236, "len": 189, "time": 9434.93, "timesteps": 339653, "cpu_memory": 7.03, "cpu_percent": 23.8, "learning_rate": 0.00025, "loss_mean": 0.37, "n_updates": 0}]