[{"reward": 260, "eps": 0.731, "len": 126, "time": 3184.56, "timesteps": 119617, "cpu_memory": 5.49, "cpu_percent": 18.9, "learning_rate": 0.00025, "loss_mean": 0.25, "n_updates": 0}, {"reward": 470, "eps": 0.7307, "len": 163, "time": 3188.94, "timesteps": 119780, "cpu_memory": 5.49, "cpu_percent": 18.9, "learning_rate": 0.00025, "loss_mean": 0.24, "n_updates": 0}, {"reward": 730, "eps": 0.7302, "len": 265, "time": 3196.74, "timesteps": 120045, "cpu_memory": 5.5, "cpu_percent": 18.9, "learning_rate": 0.00025, "loss_mean": 0.3, "n_updates": 0}, {"reward": 630, "eps": 0.7297, "len": 184, "time": 3201.7, "timesteps": 120229, "cpu_memory": 5.5, "cpu_percent": 18.9, "learning_rate": 0.00025, "loss_mean": 0.36, "n_updates": 0}, {"reward": 660, "eps": 0.7293, "len": 196, "time": 3207.03, "timesteps": 120425, "cpu_memory": 5.5, "cpu_percent": 18.9, "learning_rate": 0.00025, "loss_mean": 0.27, "n_updates": 0}, {"reward": 370, "eps": 0.7289, "len": 142, "time": 3210.89, "timesteps": 120567, "cpu_memory": 5.5, "cpu_percent": 18.9, "learning_rate": 0.00025, "loss_mean": 0.24, "n_updates": 0}, {"reward": 300, "eps": 0.7286, "len": 150, "time": 3214.98, "timesteps": 120717, "cpu_memory": 5.5, "cpu_percent": 18.9, "learning_rate": 0.00025, "loss_mean": 0.26, "n_updates": 0}, {"reward": 570, "eps": 0.7282, "len": 166, "time": 3219.5, "timesteps": 120883, "cpu_memory": 5.5, "cpu_percent": 18.9, "learning_rate": 0.00025, "loss_mean": 0.25, "n_updates": 0}, {"reward": 770, "eps": 0.7278, "len": 187, "time": 3224.68, "timesteps": 121070, "cpu_memory": 5.5, "cpu_percent": 18.9, "learning_rate": 0.00025, "loss_mean": 0.48, "n_updates": 0}, {"reward": 610, "eps": 0.7274, "len": 160, "time": 3228.93, "timesteps": 121230, "cpu_memory": 5.5, "cpu_percent": 18.9, "learning_rate": 0.00025, "loss_mean": 0.3, "n_updates": 0}, {"reward": 440, "eps": 0.727, "len": 179, "time": 3233.7, "timesteps": 121409, "cpu_memory": 5.51, "cpu_percent": 18.9, "learning_rate": 0.00025, "loss_mean": 0.24, "n_updates": 0}, {"reward": 720, "eps": 0.7266, "len": 207, "time": 3239.33, "timesteps": 121616, "cpu_memory": 5.51, "cpu_percent": 18.9, "learning_rate": 0.00025, "loss_mean": 0.31, "n_updates": 0}, {"reward": 250, "eps": 0.7262, "len": 111, "time": 3242.39, "timesteps": 121727, "cpu_memory": 5.51, "cpu_percent": 18.9, "learning_rate": 0.00025, "loss_mean": 0.54, "n_updates": 0}, {"reward": 420, "eps": 0.7259, "len": 153, "time": 3246.59, "timesteps": 121880, "cpu_memory": 5.51, "cpu_percent": 18.9, "learning_rate": 0.00025, "loss_mean": 0.34, "n_updates": 0}, {"reward": 500, "eps": 0.7256, "len": 162, "time": 3250.93, "timesteps": 122042, "cpu_memory": 5.51, "cpu_percent": 18.9, "learning_rate": 0.00025, "loss_mean": 0.28, "n_updates": 0}, {"reward": 430, "eps": 0.7252, "len": 178, "time": 3255.74, "timesteps": 122220, "cpu_memory": 5.51, "cpu_percent": 18.9, "learning_rate": 0.00025, "loss_mean": 0.3, "n_updates": 0}, {"reward": 340, "eps": 0.7248, "len": 177, "time": 3260.59, "timesteps": 122397, "cpu_memory": 5.51, "cpu_percent": 18.9, "learning_rate": 0.00025, "loss_mean": 0.41, "n_updates": 0}, {"reward": 530, "eps": 0.7244, "len": 208, "time": 3266.21, "timesteps": 122605, "cpu_memory": 5.51, "cpu_percent": 18.9, "learning_rate": 0.00025, "loss_mean": 0.4, "n_updates": 0}, {"reward": 850, "eps": 0.7239, "len": 229, "time": 3272.41, "timesteps": 122834, "cpu_memory": 5.51, "cpu_percent": 18.9, "learning_rate": 0.00025, "loss_mean": 0.31, "n_updates": 0}, {"reward": 480, "eps": 0.7234, "len": 172, "time": 3277.04, "timesteps": 123006, "cpu_memory": 5.52, "cpu_percent": 18.9, "learning_rate": 0.00025, "loss_mean": 0.24, "n_updates": 0}, {"reward": 500, "eps": 0.7231, "len": 146, "time": 3280.98, "timesteps": 123152, "cpu_memory": 5.52, "cpu_percent": 18.9, "learning_rate": 0.00025, "loss_mean": 0.23, "n_updates": 0}, {"reward": 470, "eps": 0.7227, "len": 168, "time": 3285.7, "timesteps": 123320, "cpu_memory": 5.52, "cpu_percent": 19.0, "learning_rate": 0.00025, "loss_mean": 0.23, "n_updates": 0}, {"reward": 590, "eps": 0.7223, "len": 195, "time": 3290.86, "timesteps": 123515, "cpu_memory": 5.52, "cpu_percent": 19.0, "learning_rate": 0.00025, "loss_mean": 0.27, "n_updates": 0}, {"reward": 770, "eps": 0.7218, "len": 236, "time": 3297.33, "timesteps": 123751, "cpu_memory": 5.52, "cpu_percent": 19.0, "learning_rate": 0.00025, "loss_mean": 0.31, "n_updates": 0}, {"reward": 430, "eps": 0.7214, "len": 147, "time": 3301.32, "timesteps": 123898, "cpu_memory": 5.52, "cpu_percent": 19.0, "learning_rate": 0.00025, "loss_mean": 0.4, "n_updates": 0}, {"reward": 330, "eps": 0.7211, "len": 126, "time": 3304.81, "timesteps": 124024, "cpu_memory": 5.52, "cpu_percent": 19.0, "learning_rate": 0.00025, "loss_mean": 0.23, "n_updates": 0}, {"reward": 470, "eps": 0.7207, "len": 189, "time": 3309.81, "timesteps": 124213, "cpu_memory": 5.52, "cpu_percent": 19.0, "learning_rate": 0.00025, "loss_mean": 0.96, "n_updates": 0}, {"reward": 260, "eps": 0.7204, "len": 95, "time": 3312.42, "timesteps": 124308, "cpu_memory": 5.52, "cpu_percent": 19.0, "learning_rate": 0.00025, "loss_mean": 0.35, "n_updates": 0}, {"reward": 830, "eps": 0.7201, "len": 189, "time": 3317.65, "timesteps": 124497, "cpu_memory": 5.53, "cpu_percent": 19.0, "learning_rate": 0.00025, "loss_mean": 0.26, "n_updates": 0}, {"reward": 640, "eps": 0.7197, "len": 198, "time": 3323.08, "timesteps": 124695, "cpu_memory": 5.53, "cpu_percent": 19.0, "learning_rate": 0.00025, "loss_mean": 0.26, "n_updates": 0}, {"reward": 920, "eps": 0.7191, "len": 273, "time": 3330.45, "timesteps": 124968, "cpu_memory": 5.53, "cpu_percent": 19.0, "learning_rate": 0.00025, "loss_mean": 0.28, "n_updates": 0}, {"reward": 260, "eps": 0.7187, "len": 121, "time": 3333.8, "timesteps": 125089, "cpu_memory": 5.53, "cpu_percent": 19.0, "learning_rate": 0.00025, "loss_mean": 0.23, "n_updates": 0}, {"reward": 750, "eps": 0.7183, "len": 194, "time": 3339.03, "timesteps": 125283, "cpu_memory": 5.53, "cpu_percent": 18.9, "learning_rate": 0.00025, "loss_mean": 0.22, "n_updates": 0}, {"reward": 550, "eps": 0.7179, "len": 216, "time": 3344.91, "timesteps": 125499, "cpu_memory": 5.53, "cpu_percent": 18.9, "learning_rate": 0.00025, "loss_mean": 0.23, "n_updates": 0}, {"reward": 440, "eps": 0.7174, "len": 172, "time": 3349.69, "timesteps": 125671, "cpu_memory": 5.53, "cpu_percent": 18.9, "learning_rate": 0.00025, "loss_mean": 0.24, "n_updates": 0}, {"reward": 850, "eps": 0.717, "len": 250, "time": 3356.41, "timesteps": 125921, "cpu_memory": 5.53, "cpu_percent": 18.9, "learning_rate": 0.00025, "loss_mean": 0.26, "n_updates": 0}, {"reward": 560, "eps": 0.7165, "len": 165, "time": 3360.83, "timesteps": 126086, "cpu_memory": 5.54, "cpu_percent": 18.9, "learning_rate": 0.00025, "loss_mean": 0.24, "n_updates": 0}, {"reward": 490, "eps": 0.7161, "len": 149, "time": 3364.94, "timesteps": 126235, "cpu_memory": 5.54, "cpu_percent": 18.9, "learning_rate": 0.00025, "loss_mean": 0.38, "n_updates": 0}, {"reward": 620, "eps": 0.7158, "len": 164, "time": 3369.39, "timesteps": 126399, "cpu_memory": 5.54, "cpu_percent": 18.9, "learning_rate": 0.00025, "loss_mean": 0.44, "n_updates": 0}, {"reward": 510, "eps": 0.7154, "len": 182, "time": 3374.3, "timesteps": 126581, "cpu_memory": 5.54, "cpu_percent": 19.0, "learning_rate": 0.00025, "loss_mean": 0.25, "n_updates": 0}, {"reward": 800, "eps": 0.7149, "len": 236, "time": 3380.65, "timesteps": 126817, "cpu_memory": 5.54, "cpu_percent": 19.0, "learning_rate": 0.00025, "loss_mean": 0.24, "n_updates": 0}, {"reward": 600, "eps": 0.7144, "len": 231, "time": 3386.9, "timesteps": 127048, "cpu_memory": 5.54, "cpu_percent": 19.0, "learning_rate": 0.00025, "loss_mean": 0.25, "n_updates": 0}, {"reward": 170, "eps": 0.714, "len": 99, "time": 3389.56, "timesteps": 127147, "cpu_memory": 5.54, "cpu_percent": 19.0, "learning_rate": 0.00025, "loss_mean": 0.28, "n_updates": 0}, {"reward": 520, "eps": 0.7137, "len": 172, "time": 3394.25, "timesteps": 127319, "cpu_memory": 5.54, "cpu_percent": 19.0, "learning_rate": 0.00025, "loss_mean": 0.23, "n_updates": 0}, {"reward": 510, "eps": 0.7133, "len": 197, "time": 3399.57, "timesteps": 127516, "cpu_memory": 5.54, "cpu_percent": 19.0, "learning_rate": 0.00025, "loss_mean": 0.24, "n_updates": 0}, {"reward": 760, "eps": 0.7129, "len": 195, "time": 3404.92, "timesteps": 127711, "cpu_memory": 5.55, "cpu_percent": 19.0, "learning_rate": 0.00025, "loss_mean": 0.67, "n_updates": 0}, {"reward": 550, "eps": 0.7124, "len": 208, "time": 3410.77, "timesteps": 127919, "cpu_memory": 5.55, "cpu_percent": 19.0, "learning_rate": 0.00025, "loss_mean": 0.64, "n_updates": 0}, {"reward": 740, "eps": 0.7119, "len": 256, "time": 3417.79, "timesteps": 128175, "cpu_memory": 5.55, "cpu_percent": 19.0, "learning_rate": 0.00025, "loss_mean": 0.62, "n_updates": 0}, {"reward": 810, "eps": 0.7114, "len": 214, "time": 3423.69, "timesteps": 128389, "cpu_memory": 5.55, "cpu_percent": 19.0, "learning_rate": 0.00025, "loss_mean": 0.29, "n_updates": 0}, {"reward": 550, "eps": 0.7109, "len": 204, "time": 3429.27, "timesteps": 128593, "cpu_memory": 5.55, "cpu_percent": 19.1, "learning_rate": 0.00025, "loss_mean": 0.24, "n_updates": 0}, {"reward": 700, "eps": 0.7105, "len": 187, "time": 3434.36, "timesteps": 128780, "cpu_memory": 5.55, "cpu_percent": 19.1, "learning_rate": 0.00025, "loss_mean": 0.25, "n_updates": 0}, {"reward": 210, "eps": 0.7101, "len": 104, "time": 3437.15, "timesteps": 128884, "cpu_memory": 5.55, "cpu_percent": 19.1, "learning_rate": 0.00025, "loss_mean": 0.24, "n_updates": 0}, {"reward": 690, "eps": 0.7097, "len": 232, "time": 3443.46, "timesteps": 129116, "cpu_memory": 5.56, "cpu_percent": 19.1, "learning_rate": 0.00025, "loss_mean": 0.24, "n_updates": 0}, {"reward": 440, "eps": 0.7093, "len": 151, "time": 3447.68, "timesteps": 129267, "cpu_memory": 5.56, "cpu_percent": 19.1, "learning_rate": 0.00025, "loss_mean": 0.22, "n_updates": 0}, {"reward": 760, "eps": 0.7089, "len": 208, "time": 3453.4, "timesteps": 129475, "cpu_memory": 5.56, "cpu_percent": 19.1, "learning_rate": 0.00025, "loss_mean": 0.22, "n_updates": 0}, {"reward": 400, "eps": 0.7085, "len": 137, "time": 3457.17, "timesteps": 129612, "cpu_memory": 5.56, "cpu_percent": 19.1, "learning_rate": 0.00025, "loss_mean": 0.24, "n_updates": 0}]