[{"reward": 840, "eps": 0.1, "len": 288, "time": 11892.23, "timesteps": 419882, "cpu_memory": 7.65, "cpu_percent": 25.8, "learning_rate": 0.00025, "loss_mean": 0.34, "n_updates": 0}, {"reward": 1010, "eps": 0.1, "len": 420148, "time": 11901.71, "timesteps": 420148, "cpu_memory": 7.65, "cpu_percent": 25.9, "learning_rate": 0.00025, "loss_mean": 0.36, "n_updates": 0}, {"reward": 850, "eps": 0.1, "len": 197, "time": 11908.34, "timesteps": 420345, "cpu_memory": 7.65, "cpu_percent": 25.8, "learning_rate": 0.00025, "loss_mean": 0.33, "n_updates": 0}, {"reward": 690, "eps": 0.1, "len": 197, "time": 11914.91, "timesteps": 420542, "cpu_memory": 7.65, "cpu_percent": 25.8, "learning_rate": 0.00025, "loss_mean": 0.34, "n_updates": 0}, {"reward": 1100, "eps": 0.1, "len": 249, "time": 11923.17, "timesteps": 420791, "cpu_memory": 7.66, "cpu_percent": 25.8, "learning_rate": 0.00025, "loss_mean": 0.33, "n_updates": 0}, {"reward": 510, "eps": 0.1, "len": 164, "time": 11928.63, "timesteps": 420955, "cpu_memory": 7.66, "cpu_percent": 25.8, "learning_rate": 0.00025, "loss_mean": 0.34, "n_updates": 0}, {"reward": 470, "eps": 0.1, "len": 178, "time": 11934.7, "timesteps": 421133, "cpu_memory": 7.66, "cpu_percent": 25.8, "learning_rate": 0.00025, "loss_mean": 0.34, "n_updates": 0}, {"reward": 810, "eps": 0.1, "len": 180, "time": 11940.75, "timesteps": 421313, "cpu_memory": 7.66, "cpu_percent": 25.8, "learning_rate": 0.00025, "loss_mean": 0.33, "n_updates": 0}, {"reward": 820, "eps": 0.1, "len": 197, "time": 11947.22, "timesteps": 421510, "cpu_memory": 7.66, "cpu_percent": 25.8, "learning_rate": 0.00025, "loss_mean": 0.31, "n_updates": 0}, {"reward": 850, "eps": 0.1, "len": 204, "time": 11953.9, "timesteps": 421714, "cpu_memory": 7.66, "cpu_percent": 25.8, "learning_rate": 0.00025, "loss_mean": 0.32, "n_updates": 0}, {"reward": 770, "eps": 0.1, "len": 163, "time": 11959.23, "timesteps": 421877, "cpu_memory": 7.66, "cpu_percent": 25.8, "learning_rate": 0.00025, "loss_mean": 0.32, "n_updates": 0}, {"reward": 1170, "eps": 0.1, "len": 251, "time": 11967.49, "timesteps": 422128, "cpu_memory": 7.67, "cpu_percent": 25.8, "learning_rate": 0.00025, "loss_mean": 0.33, "n_updates": 0}, {"reward": 470, "eps": 0.1, "len": 138, "time": 11972.19, "timesteps": 422266, "cpu_memory": 7.67, "cpu_percent": 25.9, "learning_rate": 0.00025, "loss_mean": 0.34, "n_updates": 0}, {"reward": 740, "eps": 0.1, "len": 190, "time": 11978.44, "timesteps": 422456, "cpu_memory": 7.67, "cpu_percent": 25.9, "learning_rate": 0.00025, "loss_mean": 0.34, "n_updates": 0}, {"reward": 1110, "eps": 0.1, "len": 258, "time": 11986.92, "timesteps": 422714, "cpu_memory": 7.67, "cpu_percent": 25.9, "learning_rate": 0.00025, "loss_mean": 0.33, "n_updates": 0}, {"reward": 880, "eps": 0.1, "len": 220, "time": 11994.21, "timesteps": 422934, "cpu_memory": 7.67, "cpu_percent": 25.9, "learning_rate": 0.00025, "loss_mean": 0.33, "n_updates": 0}, {"reward": 850, "eps": 0.1, "len": 189, "time": 12000.49, "timesteps": 423123, "cpu_memory": 7.67, "cpu_percent": 25.9, "learning_rate": 0.00025, "loss_mean": 0.34, "n_updates": 0}, {"reward": 1080, "eps": 0.1, "len": 293, "time": 12010.05, "timesteps": 423416, "cpu_memory": 7.68, "cpu_percent": 25.9, "learning_rate": 0.00025, "loss_mean": 0.35, "n_updates": 0}, {"reward": 740, "eps": 0.1, "len": 176, "time": 12015.93, "timesteps": 423592, "cpu_memory": 7.68, "cpu_percent": 25.9, "learning_rate": 0.00025, "loss_mean": 0.35, "n_updates": 0}, {"reward": 1120, "eps": 0.1, "len": 274, "time": 12025.02, "timesteps": 423866, "cpu_memory": 7.68, "cpu_percent": 25.9, "learning_rate": 0.00025, "loss_mean": 0.33, "n_updates": 0}, {"reward": 590, "eps": 0.1, "len": 149, "time": 12029.94, "timesteps": 424015, "cpu_memory": 7.68, "cpu_percent": 25.9, "learning_rate": 0.00025, "loss_mean": 0.33, "n_updates": 0}, {"reward": 690, "eps": 0.1, "len": 164, "time": 12035.56, "timesteps": 424179, "cpu_memory": 7.68, "cpu_percent": 25.9, "learning_rate": 0.00025, "loss_mean": 0.34, "n_updates": 0}, {"reward": 810, "eps": 0.1, "len": 202, "time": 12042.21, "timesteps": 424381, "cpu_memory": 7.68, "cpu_percent": 25.9, "learning_rate": 0.00025, "loss_mean": 0.34, "n_updates": 0}, {"reward": 560, "eps": 0.1, "len": 142, "time": 12046.98, "timesteps": 424523, "cpu_memory": 7.68, "cpu_percent": 25.9, "learning_rate": 0.00025, "loss_mean": 0.35, "n_updates": 0}, {"reward": 920, "eps": 0.1, "len": 245, "time": 12055.09, "timesteps": 424768, "cpu_memory": 7.69, "cpu_percent": 25.9, "learning_rate": 0.00025, "loss_mean": 0.34, "n_updates": 0}, {"reward": 610, "eps": 0.1, "len": 137, "time": 12059.62, "timesteps": 424905, "cpu_memory": 7.69, "cpu_percent": 25.9, "learning_rate": 0.00025, "loss_mean": 0.32, "n_updates": 0}, {"reward": 850, "eps": 0.1, "len": 201, "time": 12066.44, "timesteps": 425106, "cpu_memory": 7.69, "cpu_percent": 25.9, "learning_rate": 0.00025, "loss_mean": 0.35, "n_updates": 0}, {"reward": 930, "eps": 0.1, "len": 232, "time": 12074.11, "timesteps": 425338, "cpu_memory": 7.69, "cpu_percent": 25.9, "learning_rate": 0.00025, "loss_mean": 0.35, "n_updates": 0}, {"reward": 1340, "eps": 0.1, "len": 338, "time": 12085.25, "timesteps": 425676, "cpu_memory": 7.69, "cpu_percent": 25.9, "learning_rate": 0.00025, "loss_mean": 0.34, "n_updates": 0}, {"reward": 610, "eps": 0.1, "len": 160, "time": 12090.54, "timesteps": 425836, "cpu_memory": 7.69, "cpu_percent": 25.9, "learning_rate": 0.00025, "loss_mean": 0.32, "n_updates": 0}, {"reward": 770, "eps": 0.1, "len": 203, "time": 12097.48, "timesteps": 426039, "cpu_memory": 7.7, "cpu_percent": 26.0, "learning_rate": 0.00025, "loss_mean": 0.33, "n_updates": 0}, {"reward": 690, "eps": 0.1, "len": 183, "time": 12103.54, "timesteps": 426222, "cpu_memory": 7.7, "cpu_percent": 26.0, "learning_rate": 0.00025, "loss_mean": 0.32, "n_updates": 0}, {"reward": 710, "eps": 0.1, "len": 176, "time": 12109.37, "timesteps": 426398, "cpu_memory": 7.7, "cpu_percent": 26.0, "learning_rate": 0.00025, "loss_mean": 0.35, "n_updates": 0}, {"reward": 550, "eps": 0.1, "len": 153, "time": 12114.46, "timesteps": 426551, "cpu_memory": 7.7, "cpu_percent": 26.0, "learning_rate": 0.00025, "loss_mean": 0.31, "n_updates": 0}, {"reward": 1020, "eps": 0.1, "len": 226, "time": 12121.86, "timesteps": 426777, "cpu_memory": 7.7, "cpu_percent": 26.0, "learning_rate": 0.00025, "loss_mean": 0.33, "n_updates": 0}, {"reward": 760, "eps": 0.1, "len": 220, "time": 12129.26, "timesteps": 426997, "cpu_memory": 7.7, "cpu_percent": 26.0, "learning_rate": 0.00025, "loss_mean": 0.33, "n_updates": 0}, {"reward": 950, "eps": 0.1, "len": 242, "time": 12137.3, "timesteps": 427239, "cpu_memory": 7.71, "cpu_percent": 26.0, "learning_rate": 0.00025, "loss_mean": 0.34, "n_updates": 0}, {"reward": 870, "eps": 0.1, "len": 216, "time": 12144.52, "timesteps": 427455, "cpu_memory": 7.71, "cpu_percent": 26.0, "learning_rate": 0.00025, "loss_mean": 0.34, "n_updates": 0}, {"reward": 710, "eps": 0.1, "len": 212, "time": 12151.68, "timesteps": 427667, "cpu_memory": 7.71, "cpu_percent": 26.0, "learning_rate": 0.00025, "loss_mean": 0.34, "n_updates": 0}, {"reward": 1030, "eps": 0.1, "len": 306, "time": 12161.87, "timesteps": 427973, "cpu_memory": 7.71, "cpu_percent": 26.0, "learning_rate": 0.00025, "loss_mean": 0.33, "n_updates": 0}, {"reward": 770, "eps": 0.1, "len": 190, "time": 12168.26, "timesteps": 428163, "cpu_memory": 7.71, "cpu_percent": 26.0, "learning_rate": 0.00025, "loss_mean": 0.34, "n_updates": 0}, {"reward": 1140, "eps": 0.1, "len": 273, "time": 12177.43, "timesteps": 428436, "cpu_memory": 7.72, "cpu_percent": 26.0, "learning_rate": 0.00025, "loss_mean": 0.33, "n_updates": 0}, {"reward": 950, "eps": 0.1, "len": 258, "time": 12185.95, "timesteps": 428694, "cpu_memory": 7.72, "cpu_percent": 26.0, "learning_rate": 0.00025, "loss_mean": 0.34, "n_updates": 0}, {"reward": 1140, "eps": 0.1, "len": 256, "time": 12194.42, "timesteps": 428950, "cpu_memory": 7.72, "cpu_percent": 26.0, "learning_rate": 0.00025, "loss_mean": 0.34, "n_updates": 0}, {"reward": 600, "eps": 0.1, "len": 149, "time": 12199.29, "timesteps": 429099, "cpu_memory": 7.72, "cpu_percent": 26.0, "learning_rate": 0.00025, "loss_mean": 0.33, "n_updates": 0}, {"reward": 740, "eps": 0.1, "len": 223, "time": 12206.64, "timesteps": 429322, "cpu_memory": 7.72, "cpu_percent": 26.0, "learning_rate": 0.00025, "loss_mean": 0.32, "n_updates": 0}, {"reward": 880, "eps": 0.1, "len": 214, "time": 12213.76, "timesteps": 429536, "cpu_memory": 7.72, "cpu_percent": 26.0, "learning_rate": 0.00025, "loss_mean": 0.33, "n_updates": 0}, {"reward": 530, "eps": 0.1, "len": 121, "time": 12217.85, "timesteps": 429657, "cpu_memory": 7.72, "cpu_percent": 26.1, "learning_rate": 0.00025, "loss_mean": 0.35, "n_updates": 0}]