[{"reward": 1060, "eps": 0.1, "len": 263, "time": 15730.15, "timesteps": 539381, "cpu_memory": 8.58, "cpu_percent": 28.8, "learning_rate": 0.00025, "loss_mean": 0.27, "n_updates": 0}, {"reward": 760, "eps": 0.1, "len": 161, "time": 15734.85, "timesteps": 539542, "cpu_memory": 8.58, "cpu_percent": 28.8, "learning_rate": 0.00025, "loss_mean": 0.26, "n_updates": 0}, {"reward": 1230, "eps": 0.1, "len": 354, "time": 15745.25, "timesteps": 539896, "cpu_memory": 8.59, "cpu_percent": 28.8, "learning_rate": 0.00025, "loss_mean": 0.26, "n_updates": 0}, {"reward": 790, "eps": 0.1, "len": 244, "time": 15753.07, "timesteps": 540140, "cpu_memory": 8.59, "cpu_percent": 28.8, "learning_rate": 0.00025, "loss_mean": 0.26, "n_updates": 0}, {"reward": 540, "eps": 0.1, "len": 148, "time": 15757.42, "timesteps": 540288, "cpu_memory": 8.59, "cpu_percent": 28.8, "learning_rate": 0.00025, "loss_mean": 0.28, "n_updates": 0}, {"reward": 940, "eps": 0.1, "len": 181, "time": 15762.84, "timesteps": 540469, "cpu_memory": 8.59, "cpu_percent": 28.8, "learning_rate": 0.00025, "loss_mean": 0.26, "n_updates": 0}, {"reward": 1000, "eps": 0.1, "len": 189, "time": 15768.37, "timesteps": 540658, "cpu_memory": 8.59, "cpu_percent": 28.8, "learning_rate": 0.00025, "loss_mean": 0.27, "n_updates": 0}, {"reward": 980, "eps": 0.1, "len": 261, "time": 15776.02, "timesteps": 540919, "cpu_memory": 8.59, "cpu_percent": 28.8, "learning_rate": 0.00025, "loss_mean": 0.27, "n_updates": 0}, {"reward": 470, "eps": 0.1, "len": 121, "time": 15779.66, "timesteps": 541040, "cpu_memory": 8.59, "cpu_percent": 28.8, "learning_rate": 0.00025, "loss_mean": 0.28, "n_updates": 0}, {"reward": 1350, "eps": 0.1, "len": 287, "time": 15788.21, "timesteps": 541327, "cpu_memory": 8.6, "cpu_percent": 28.8, "learning_rate": 0.00025, "loss_mean": 0.27, "n_updates": 0}, {"reward": 910, "eps": 0.1, "len": 185, "time": 15793.7, "timesteps": 541512, "cpu_memory": 8.6, "cpu_percent": 28.9, "learning_rate": 0.00025, "loss_mean": 0.28, "n_updates": 0}, {"reward": 750, "eps": 0.1, "len": 173, "time": 15798.81, "timesteps": 541685, "cpu_memory": 8.6, "cpu_percent": 28.9, "learning_rate": 0.00025, "loss_mean": 0.29, "n_updates": 0}, {"reward": 800, "eps": 0.1, "len": 170, "time": 15803.77, "timesteps": 541855, "cpu_memory": 8.6, "cpu_percent": 28.9, "learning_rate": 0.00025, "loss_mean": 0.27, "n_updates": 0}, {"reward": 1080, "eps": 0.1, "len": 279, "time": 15811.94, "timesteps": 542134, "cpu_memory": 8.6, "cpu_percent": 28.9, "learning_rate": 0.00025, "loss_mean": 0.28, "n_updates": 0}, {"reward": 770, "eps": 0.1, "len": 226, "time": 15818.62, "timesteps": 542360, "cpu_memory": 8.61, "cpu_percent": 28.9, "learning_rate": 0.00025, "loss_mean": 0.28, "n_updates": 0}, {"reward": 1560, "eps": 0.1, "len": 401, "time": 15830.39, "timesteps": 542761, "cpu_memory": 8.61, "cpu_percent": 28.9, "learning_rate": 0.00025, "loss_mean": 0.28, "n_updates": 0}, {"reward": 890, "eps": 0.1, "len": 218, "time": 15836.73, "timesteps": 542979, "cpu_memory": 8.61, "cpu_percent": 28.8, "learning_rate": 0.00025, "loss_mean": 0.28, "n_updates": 0}, {"reward": 790, "eps": 0.1, "len": 220, "time": 15843.23, "timesteps": 543199, "cpu_memory": 8.61, "cpu_percent": 28.8, "learning_rate": 0.00025, "loss_mean": 0.27, "n_updates": 0}, {"reward": 890, "eps": 0.1, "len": 167, "time": 15848.19, "timesteps": 543366, "cpu_memory": 8.61, "cpu_percent": 28.8, "learning_rate": 0.00025, "loss_mean": 0.28, "n_updates": 0}, {"reward": 1320, "eps": 0.1, "len": 325, "time": 15857.69, "timesteps": 543691, "cpu_memory": 8.62, "cpu_percent": 28.9, "learning_rate": 0.00025, "loss_mean": 0.28, "n_updates": 0}, {"reward": 990, "eps": 0.1, "len": 327, "time": 15867.29, "timesteps": 544018, "cpu_memory": 8.62, "cpu_percent": 28.9, "learning_rate": 0.00025, "loss_mean": 0.28, "n_updates": 0}, {"reward": 1170, "eps": 0.1, "len": 300, "time": 15876.19, "timesteps": 544318, "cpu_memory": 8.62, "cpu_percent": 28.9, "learning_rate": 0.00025, "loss_mean": 0.28, "n_updates": 0}, {"reward": 460, "eps": 0.1, "len": 136, "time": 15880.19, "timesteps": 544454, "cpu_memory": 8.62, "cpu_percent": 28.9, "learning_rate": 0.00025, "loss_mean": 0.28, "n_updates": 0}, {"reward": 1200, "eps": 0.1, "len": 278, "time": 15888.37, "timesteps": 544732, "cpu_memory": 8.62, "cpu_percent": 28.9, "learning_rate": 0.00025, "loss_mean": 0.28, "n_updates": 0}, {"reward": 1390, "eps": 0.1, "len": 350, "time": 15898.54, "timesteps": 545082, "cpu_memory": 8.63, "cpu_percent": 28.9, "learning_rate": 0.00025, "loss_mean": 0.27, "n_updates": 0}, {"reward": 590, "eps": 0.1, "len": 200, "time": 15904.4, "timesteps": 545282, "cpu_memory": 8.63, "cpu_percent": 28.9, "learning_rate": 0.00025, "loss_mean": 0.27, "n_updates": 0}, {"reward": 700, "eps": 0.1, "len": 144, "time": 15908.65, "timesteps": 545426, "cpu_memory": 8.63, "cpu_percent": 28.9, "learning_rate": 0.00025, "loss_mean": 0.27, "n_updates": 0}, {"reward": 1190, "eps": 0.1, "len": 267, "time": 15916.45, "timesteps": 545693, "cpu_memory": 8.63, "cpu_percent": 29.0, "learning_rate": 0.00025, "loss_mean": 0.26, "n_updates": 0}, {"reward": 500, "eps": 0.1, "len": 128, "time": 15920.27, "timesteps": 545821, "cpu_memory": 8.63, "cpu_percent": 29.0, "learning_rate": 0.00025, "loss_mean": 0.27, "n_updates": 0}, {"reward": 1030, "eps": 0.1, "len": 262, "time": 15927.94, "timesteps": 546083, "cpu_memory": 8.63, "cpu_percent": 29.0, "learning_rate": 0.00025, "loss_mean": 0.27, "n_updates": 0}, {"reward": 900, "eps": 0.1, "len": 213, "time": 15934.22, "timesteps": 546296, "cpu_memory": 8.64, "cpu_percent": 29.0, "learning_rate": 0.00025, "loss_mean": 0.27, "n_updates": 0}, {"reward": 430, "eps": 0.1, "len": 131, "time": 15938.14, "timesteps": 546427, "cpu_memory": 8.64, "cpu_percent": 29.0, "learning_rate": 0.00025, "loss_mean": 0.26, "n_updates": 0}, {"reward": 1260, "eps": 0.1, "len": 254, "time": 15945.55, "timesteps": 546681, "cpu_memory": 8.64, "cpu_percent": 29.0, "learning_rate": 0.00025, "loss_mean": 0.26, "n_updates": 0}, {"reward": 690, "eps": 0.1, "len": 201, "time": 15951.49, "timesteps": 546882, "cpu_memory": 8.64, "cpu_percent": 29.0, "learning_rate": 0.00025, "loss_mean": 0.27, "n_updates": 0}, {"reward": 560, "eps": 0.1, "len": 141, "time": 15955.68, "timesteps": 547023, "cpu_memory": 8.64, "cpu_percent": 29.0, "learning_rate": 0.00025, "loss_mean": 0.25, "n_updates": 0}, {"reward": 580, "eps": 0.1, "len": 145, "time": 15959.92, "timesteps": 547168, "cpu_memory": 8.64, "cpu_percent": 29.0, "learning_rate": 0.00025, "loss_mean": 0.27, "n_updates": 0}, {"reward": 880, "eps": 0.1, "len": 216, "time": 15966.43, "timesteps": 547384, "cpu_memory": 8.64, "cpu_percent": 29.0, "learning_rate": 0.00025, "loss_mean": 0.26, "n_updates": 0}, {"reward": 1240, "eps": 0.1, "len": 270, "time": 15974.3, "timesteps": 547654, "cpu_memory": 8.65, "cpu_percent": 29.0, "learning_rate": 0.00025, "loss_mean": 0.26, "n_updates": 0}, {"reward": 1340, "eps": 0.1, "len": 391, "time": 15985.73, "timesteps": 548045, "cpu_memory": 8.65, "cpu_percent": 29.0, "learning_rate": 0.00025, "loss_mean": 0.28, "n_updates": 0}, {"reward": 540, "eps": 0.1, "len": 119, "time": 15989.31, "timesteps": 548164, "cpu_memory": 8.65, "cpu_percent": 29.0, "learning_rate": 0.00025, "loss_mean": 0.29, "n_updates": 0}, {"reward": 1130, "eps": 0.1, "len": 332, "time": 15999.09, "timesteps": 548496, "cpu_memory": 8.65, "cpu_percent": 29.0, "learning_rate": 0.00025, "loss_mean": 0.28, "n_updates": 0}, {"reward": 610, "eps": 0.1, "len": 129, "time": 16002.87, "timesteps": 548625, "cpu_memory": 8.65, "cpu_percent": 29.0, "learning_rate": 0.00025, "loss_mean": 0.28, "n_updates": 0}, {"reward": 850, "eps": 0.1, "len": 233, "time": 16009.64, "timesteps": 548858, "cpu_memory": 8.66, "cpu_percent": 29.0, "learning_rate": 0.00025, "loss_mean": 0.25, "n_updates": 0}, {"reward": 1190, "eps": 0.1, "len": 253, "time": 16017.14, "timesteps": 549111, "cpu_memory": 8.66, "cpu_percent": 29.0, "learning_rate": 0.00025, "loss_mean": 0.27, "n_updates": 0}]