[{"reward": 1240, "eps": 0.1, "len": 258, "time": 14214.33, "timesteps": 489869, "cpu_memory": 8.2, "cpu_percent": 27.5, "learning_rate": 0.00025, "loss_mean": 0.29, "n_updates": 0}, {"reward": 760, "eps": 0.1, "len": 490068, "time": 14221.57, "timesteps": 490068, "cpu_memory": 8.2, "cpu_percent": 27.5, "learning_rate": 0.00025, "loss_mean": 0.31, "n_updates": 0}, {"reward": 890, "eps": 0.1, "len": 199, "time": 14228.47, "timesteps": 490267, "cpu_memory": 8.2, "cpu_percent": 27.5, "learning_rate": 0.00025, "loss_mean": 0.32, "n_updates": 0}, {"reward": 890, "eps": 0.1, "len": 223, "time": 14235.75, "timesteps": 490490, "cpu_memory": 8.2, "cpu_percent": 27.6, "learning_rate": 0.00025, "loss_mean": 0.3, "n_updates": 0}, {"reward": 820, "eps": 0.1, "len": 234, "time": 14243.4, "timesteps": 490724, "cpu_memory": 8.2, "cpu_percent": 27.6, "learning_rate": 0.00025, "loss_mean": 0.3, "n_updates": 0}, {"reward": 1420, "eps": 0.1, "len": 278, "time": 14252.48, "timesteps": 491002, "cpu_memory": 8.2, "cpu_percent": 27.6, "learning_rate": 0.00025, "loss_mean": 0.3, "n_updates": 0}, {"reward": 700, "eps": 0.1, "len": 155, "time": 14257.68, "timesteps": 491157, "cpu_memory": 8.21, "cpu_percent": 27.6, "learning_rate": 0.00025, "loss_mean": 0.32, "n_updates": 0}, {"reward": 470, "eps": 0.1, "len": 139, "time": 14262.41, "timesteps": 491296, "cpu_memory": 8.21, "cpu_percent": 27.6, "learning_rate": 0.00025, "loss_mean": 0.31, "n_updates": 0}, {"reward": 930, "eps": 0.1, "len": 227, "time": 14269.95, "timesteps": 491523, "cpu_memory": 8.21, "cpu_percent": 27.5, "learning_rate": 0.00025, "loss_mean": 0.29, "n_updates": 0}, {"reward": 1170, "eps": 0.1, "len": 277, "time": 14278.73, "timesteps": 491800, "cpu_memory": 8.21, "cpu_percent": 27.5, "learning_rate": 0.00025, "loss_mean": 0.29, "n_updates": 0}, {"reward": 1020, "eps": 0.1, "len": 243, "time": 14286.68, "timesteps": 492043, "cpu_memory": 8.21, "cpu_percent": 27.5, "learning_rate": 0.00025, "loss_mean": 0.31, "n_updates": 0}, {"reward": 1080, "eps": 0.1, "len": 291, "time": 14296.22, "timesteps": 492334, "cpu_memory": 8.21, "cpu_percent": 27.6, "learning_rate": 0.00025, "loss_mean": 0.3, "n_updates": 0}, {"reward": 950, "eps": 0.1, "len": 244, "time": 14304.08, "timesteps": 492578, "cpu_memory": 8.22, "cpu_percent": 27.6, "learning_rate": 0.00025, "loss_mean": 0.29, "n_updates": 0}, {"reward": 750, "eps": 0.1, "len": 209, "time": 14310.9, "timesteps": 492787, "cpu_memory": 8.22, "cpu_percent": 27.6, "learning_rate": 0.00025, "loss_mean": 0.3, "n_updates": 0}, {"reward": 1050, "eps": 0.1, "len": 224, "time": 14318.22, "timesteps": 493011, "cpu_memory": 8.22, "cpu_percent": 27.6, "learning_rate": 0.00025, "loss_mean": 0.29, "n_updates": 0}, {"reward": 1070, "eps": 0.1, "len": 243, "time": 14326.29, "timesteps": 493254, "cpu_memory": 8.22, "cpu_percent": 27.6, "learning_rate": 0.00025, "loss_mean": 0.3, "n_updates": 0}, {"reward": 630, "eps": 0.1, "len": 207, "time": 14333.06, "timesteps": 493461, "cpu_memory": 8.22, "cpu_percent": 27.6, "learning_rate": 0.00025, "loss_mean": 0.28, "n_updates": 0}, {"reward": 1390, "eps": 0.1, "len": 297, "time": 14342.63, "timesteps": 493758, "cpu_memory": 8.23, "cpu_percent": 27.6, "learning_rate": 0.00025, "loss_mean": 0.29, "n_updates": 0}, {"reward": 1380, "eps": 0.1, "len": 321, "time": 14353.08, "timesteps": 494079, "cpu_memory": 8.23, "cpu_percent": 27.7, "learning_rate": 0.00025, "loss_mean": 0.3, "n_updates": 0}, {"reward": 840, "eps": 0.1, "len": 246, "time": 14361.11, "timesteps": 494325, "cpu_memory": 8.23, "cpu_percent": 27.7, "learning_rate": 0.00025, "loss_mean": 0.29, "n_updates": 0}, {"reward": 710, "eps": 0.1, "len": 203, "time": 14367.89, "timesteps": 494528, "cpu_memory": 8.23, "cpu_percent": 27.7, "learning_rate": 0.00025, "loss_mean": 0.29, "n_updates": 0}, {"reward": 930, "eps": 0.1, "len": 226, "time": 14375.12, "timesteps": 494754, "cpu_memory": 8.23, "cpu_percent": 27.7, "learning_rate": 0.00025, "loss_mean": 0.3, "n_updates": 0}, {"reward": 960, "eps": 0.1, "len": 238, "time": 14382.77, "timesteps": 494992, "cpu_memory": 8.24, "cpu_percent": 27.7, "learning_rate": 0.00025, "loss_mean": 0.29, "n_updates": 0}, {"reward": 1060, "eps": 0.1, "len": 229, "time": 14390.24, "timesteps": 495221, "cpu_memory": 8.24, "cpu_percent": 27.7, "learning_rate": 0.00025, "loss_mean": 0.3, "n_updates": 0}, {"reward": 690, "eps": 0.1, "len": 161, "time": 14395.37, "timesteps": 495382, "cpu_memory": 8.24, "cpu_percent": 27.7, "learning_rate": 0.00025, "loss_mean": 0.29, "n_updates": 0}, {"reward": 970, "eps": 0.1, "len": 234, "time": 14402.91, "timesteps": 495616, "cpu_memory": 8.24, "cpu_percent": 27.7, "learning_rate": 0.00025, "loss_mean": 0.29, "n_updates": 0}, {"reward": 1170, "eps": 0.1, "len": 262, "time": 14411.22, "timesteps": 495878, "cpu_memory": 8.24, "cpu_percent": 27.7, "learning_rate": 0.00025, "loss_mean": 0.3, "n_updates": 0}, {"reward": 780, "eps": 0.1, "len": 199, "time": 14417.76, "timesteps": 496077, "cpu_memory": 8.24, "cpu_percent": 27.7, "learning_rate": 0.00025, "loss_mean": 0.29, "n_updates": 0}, {"reward": 940, "eps": 0.1, "len": 230, "time": 14425.13, "timesteps": 496307, "cpu_memory": 8.25, "cpu_percent": 27.7, "learning_rate": 0.00025, "loss_mean": 0.29, "n_updates": 0}, {"reward": 940, "eps": 0.1, "len": 240, "time": 14432.8, "timesteps": 496547, "cpu_memory": 8.25, "cpu_percent": 27.7, "learning_rate": 0.00025, "loss_mean": 0.3, "n_updates": 0}, {"reward": 990, "eps": 0.1, "len": 214, "time": 14439.69, "timesteps": 496761, "cpu_memory": 8.25, "cpu_percent": 27.8, "learning_rate": 0.00025, "loss_mean": 0.3, "n_updates": 0}, {"reward": 850, "eps": 0.1, "len": 201, "time": 14446.35, "timesteps": 496962, "cpu_memory": 8.25, "cpu_percent": 27.8, "learning_rate": 0.00025, "loss_mean": 0.29, "n_updates": 0}, {"reward": 910, "eps": 0.1, "len": 275, "time": 14455.09, "timesteps": 497237, "cpu_memory": 8.25, "cpu_percent": 27.8, "learning_rate": 0.00025, "loss_mean": 0.3, "n_updates": 0}, {"reward": 780, "eps": 0.1, "len": 195, "time": 14461.31, "timesteps": 497432, "cpu_memory": 8.25, "cpu_percent": 27.8, "learning_rate": 0.00025, "loss_mean": 0.29, "n_updates": 0}, {"reward": 900, "eps": 0.1, "len": 267, "time": 14469.92, "timesteps": 497699, "cpu_memory": 8.26, "cpu_percent": 27.8, "learning_rate": 0.00025, "loss_mean": 0.29, "n_updates": 0}, {"reward": 1160, "eps": 0.1, "len": 285, "time": 14479.12, "timesteps": 497984, "cpu_memory": 8.26, "cpu_percent": 27.8, "learning_rate": 0.00025, "loss_mean": 0.31, "n_updates": 0}, {"reward": 950, "eps": 0.1, "len": 211, "time": 14485.83, "timesteps": 498195, "cpu_memory": 8.26, "cpu_percent": 27.8, "learning_rate": 0.00025, "loss_mean": 0.29, "n_updates": 0}, {"reward": 880, "eps": 0.1, "len": 218, "time": 14492.76, "timesteps": 498413, "cpu_memory": 8.26, "cpu_percent": 27.8, "learning_rate": 0.00025, "loss_mean": 0.28, "n_updates": 0}, {"reward": 1370, "eps": 0.1, "len": 283, "time": 14501.85, "timesteps": 498696, "cpu_memory": 8.26, "cpu_percent": 27.8, "learning_rate": 0.00025, "loss_mean": 0.28, "n_updates": 0}, {"reward": 720, "eps": 0.1, "len": 165, "time": 14507.3, "timesteps": 498861, "cpu_memory": 8.27, "cpu_percent": 27.8, "learning_rate": 0.00025, "loss_mean": 0.29, "n_updates": 0}, {"reward": 840, "eps": 0.1, "len": 229, "time": 14514.65, "timesteps": 499090, "cpu_memory": 8.27, "cpu_percent": 27.8, "learning_rate": 0.00025, "loss_mean": 0.31, "n_updates": 0}]