[{"reward": 940, "eps": 0.1, "len": 223, "time": 18966.91, "timesteps": 649365, "cpu_memory": 9.47, "cpu_percent": 31.6, "learning_rate": 0.00025, "loss_mean": 0.23, "n_updates": 0}, {"reward": 810, "eps": 0.1, "len": 239, "time": 18974.05, "timesteps": 649604, "cpu_memory": 9.47, "cpu_percent": 31.6, "learning_rate": 0.00025, "loss_mean": 0.23, "n_updates": 0}, {"reward": 1250, "eps": 0.1, "len": 247, "time": 18981.29, "timesteps": 649851, "cpu_memory": 9.47, "cpu_percent": 31.6, "learning_rate": 0.00025, "loss_mean": 0.23, "n_updates": 0}, {"reward": 570, "eps": 0.1, "len": 181, "time": 18987.17, "timesteps": 650032, "cpu_memory": 9.44, "cpu_percent": 31.6, "learning_rate": 0.00025, "loss_mean": 0.24, "n_updates": 0}, {"reward": 710, "eps": 0.1, "len": 179, "time": 18992.48, "timesteps": 650211, "cpu_memory": 9.45, "cpu_percent": 31.6, "learning_rate": 0.00025, "loss_mean": 0.22, "n_updates": 0}, {"reward": 760, "eps": 0.1, "len": 206, "time": 18998.48, "timesteps": 650417, "cpu_memory": 9.45, "cpu_percent": 31.6, "learning_rate": 0.00025, "loss_mean": 0.23, "n_updates": 0}, {"reward": 770, "eps": 0.1, "len": 209, "time": 19004.59, "timesteps": 650626, "cpu_memory": 9.45, "cpu_percent": 31.6, "learning_rate": 0.00025, "loss_mean": 0.23, "n_updates": 0}, {"reward": 1180, "eps": 0.1, "len": 313, "time": 19013.71, "timesteps": 650939, "cpu_memory": 9.45, "cpu_percent": 31.6, "learning_rate": 0.00025, "loss_mean": 0.21, "n_updates": 0}, {"reward": 850, "eps": 0.1, "len": 188, "time": 19019.33, "timesteps": 651127, "cpu_memory": 9.45, "cpu_percent": 31.6, "learning_rate": 0.00025, "loss_mean": 0.22, "n_updates": 0}, {"reward": 770, "eps": 0.1, "len": 199, "time": 19025.12, "timesteps": 651326, "cpu_memory": 9.45, "cpu_percent": 31.6, "learning_rate": 0.00025, "loss_mean": 0.22, "n_updates": 0}, {"reward": 860, "eps": 0.1, "len": 253, "time": 19032.37, "timesteps": 651579, "cpu_memory": 9.46, "cpu_percent": 31.6, "learning_rate": 0.00025, "loss_mean": 0.23, "n_updates": 0}, {"reward": 810, "eps": 0.1, "len": 213, "time": 19038.68, "timesteps": 651792, "cpu_memory": 9.46, "cpu_percent": 31.6, "learning_rate": 0.00025, "loss_mean": 0.23, "n_updates": 0}, {"reward": 870, "eps": 0.1, "len": 205, "time": 19044.58, "timesteps": 651997, "cpu_memory": 9.46, "cpu_percent": 31.6, "learning_rate": 0.00025, "loss_mean": 0.23, "n_updates": 0}, {"reward": 920, "eps": 0.1, "len": 305, "time": 19053.48, "timesteps": 652302, "cpu_memory": 9.46, "cpu_percent": 31.7, "learning_rate": 0.00025, "loss_mean": 0.24, "n_updates": 0}, {"reward": 980, "eps": 0.1, "len": 248, "time": 19060.76, "timesteps": 652550, "cpu_memory": 9.46, "cpu_percent": 31.7, "learning_rate": 0.00025, "loss_mean": 0.22, "n_updates": 0}, {"reward": 1030, "eps": 0.1, "len": 232, "time": 19067.5, "timesteps": 652782, "cpu_memory": 9.47, "cpu_percent": 31.7, "learning_rate": 0.00025, "loss_mean": 0.23, "n_updates": 0}, {"reward": 550, "eps": 0.1, "len": 149, "time": 19071.98, "timesteps": 652931, "cpu_memory": 9.47, "cpu_percent": 31.7, "learning_rate": 0.00025, "loss_mean": 0.23, "n_updates": 0}, {"reward": 810, "eps": 0.1, "len": 249, "time": 19079.22, "timesteps": 653180, "cpu_memory": 9.47, "cpu_percent": 31.7, "learning_rate": 0.00025, "loss_mean": 0.21, "n_updates": 0}, {"reward": 670, "eps": 0.1, "len": 201, "time": 19085.13, "timesteps": 653381, "cpu_memory": 9.47, "cpu_percent": 31.7, "learning_rate": 0.00025, "loss_mean": 0.21, "n_updates": 0}, {"reward": 850, "eps": 0.1, "len": 165, "time": 19089.96, "timesteps": 653546, "cpu_memory": 9.47, "cpu_percent": 31.7, "learning_rate": 0.00025, "loss_mean": 0.21, "n_updates": 0}, {"reward": 930, "eps": 0.1, "len": 232, "time": 19096.74, "timesteps": 653778, "cpu_memory": 9.47, "cpu_percent": 31.7, "learning_rate": 0.00025, "loss_mean": 0.22, "n_updates": 0}, {"reward": 510, "eps": 0.1, "len": 139, "time": 19100.77, "timesteps": 653917, "cpu_memory": 9.47, "cpu_percent": 31.7, "learning_rate": 0.00025, "loss_mean": 0.21, "n_updates": 0}, {"reward": 500, "eps": 0.1, "len": 150, "time": 19105.35, "timesteps": 654067, "cpu_memory": 9.48, "cpu_percent": 31.7, "learning_rate": 0.00025, "loss_mean": 0.23, "n_updates": 0}, {"reward": 1150, "eps": 0.1, "len": 273, "time": 19113.28, "timesteps": 654340, "cpu_memory": 9.48, "cpu_percent": 31.7, "learning_rate": 0.00025, "loss_mean": 0.23, "n_updates": 0}, {"reward": 980, "eps": 0.1, "len": 239, "time": 19120.19, "timesteps": 654579, "cpu_memory": 9.48, "cpu_percent": 31.7, "learning_rate": 0.00025, "loss_mean": 0.22, "n_updates": 0}, {"reward": 510, "eps": 0.1, "len": 158, "time": 19124.8, "timesteps": 654737, "cpu_memory": 9.48, "cpu_percent": 31.7, "learning_rate": 0.00025, "loss_mean": 0.22, "n_updates": 0}, {"reward": 970, "eps": 0.1, "len": 262, "time": 19132.47, "timesteps": 654999, "cpu_memory": 9.48, "cpu_percent": 31.7, "learning_rate": 0.00025, "loss_mean": 0.21, "n_updates": 0}, {"reward": 490, "eps": 0.1, "len": 187, "time": 19137.93, "timesteps": 655186, "cpu_memory": 9.48, "cpu_percent": 31.7, "learning_rate": 0.00025, "loss_mean": 0.22, "n_updates": 0}, {"reward": 720, "eps": 0.1, "len": 213, "time": 19144.23, "timesteps": 655399, "cpu_memory": 9.49, "cpu_percent": 31.8, "learning_rate": 0.00025, "loss_mean": 0.21, "n_updates": 0}, {"reward": 680, "eps": 0.1, "len": 169, "time": 19149.23, "timesteps": 655568, "cpu_memory": 9.49, "cpu_percent": 31.8, "learning_rate": 0.00025, "loss_mean": 0.23, "n_updates": 0}, {"reward": 770, "eps": 0.1, "len": 188, "time": 19154.86, "timesteps": 655756, "cpu_memory": 9.49, "cpu_percent": 31.8, "learning_rate": 0.00025, "loss_mean": 0.21, "n_updates": 0}, {"reward": 580, "eps": 0.1, "len": 157, "time": 19159.47, "timesteps": 655913, "cpu_memory": 9.49, "cpu_percent": 31.8, "learning_rate": 0.00025, "loss_mean": 0.21, "n_updates": 0}, {"reward": 920, "eps": 0.1, "len": 183, "time": 19164.86, "timesteps": 656096, "cpu_memory": 9.49, "cpu_percent": 31.8, "learning_rate": 0.00025, "loss_mean": 0.23, "n_updates": 0}, {"reward": 600, "eps": 0.1, "len": 191, "time": 19170.35, "timesteps": 656287, "cpu_memory": 9.49, "cpu_percent": 31.7, "learning_rate": 0.00025, "loss_mean": 0.23, "n_updates": 0}, {"reward": 1030, "eps": 0.1, "len": 240, "time": 19177.45, "timesteps": 656527, "cpu_memory": 9.5, "cpu_percent": 31.8, "learning_rate": 0.00025, "loss_mean": 0.23, "n_updates": 0}, {"reward": 780, "eps": 0.1, "len": 162, "time": 19182.19, "timesteps": 656689, "cpu_memory": 9.5, "cpu_percent": 31.8, "learning_rate": 0.00025, "loss_mean": 0.22, "n_updates": 0}, {"reward": 1010, "eps": 0.1, "len": 236, "time": 19189.05, "timesteps": 656925, "cpu_memory": 9.5, "cpu_percent": 31.8, "learning_rate": 0.00025, "loss_mean": 0.21, "n_updates": 0}, {"reward": 950, "eps": 0.1, "len": 231, "time": 19195.81, "timesteps": 657156, "cpu_memory": 9.5, "cpu_percent": 31.8, "learning_rate": 0.00025, "loss_mean": 0.22, "n_updates": 0}, {"reward": 820, "eps": 0.1, "len": 194, "time": 19201.49, "timesteps": 657350, "cpu_memory": 9.5, "cpu_percent": 31.8, "learning_rate": 0.00025, "loss_mean": 0.21, "n_updates": 0}, {"reward": 810, "eps": 0.1, "len": 189, "time": 19207.08, "timesteps": 657539, "cpu_memory": 9.5, "cpu_percent": 31.8, "learning_rate": 0.00025, "loss_mean": 0.22, "n_updates": 0}, {"reward": 1110, "eps": 0.1, "len": 202, "time": 19212.95, "timesteps": 657741, "cpu_memory": 9.5, "cpu_percent": 31.8, "learning_rate": 0.00025, "loss_mean": 0.22, "n_updates": 0}, {"reward": 1340, "eps": 0.1, "len": 331, "time": 19222.52, "timesteps": 658072, "cpu_memory": 9.51, "cpu_percent": 31.8, "learning_rate": 0.00025, "loss_mean": 0.21, "n_updates": 0}, {"reward": 890, "eps": 0.1, "len": 225, "time": 19229.2, "timesteps": 658297, "cpu_memory": 9.51, "cpu_percent": 31.8, "learning_rate": 0.00025, "loss_mean": 0.23, "n_updates": 0}, {"reward": 840, "eps": 0.1, "len": 178, "time": 19234.54, "timesteps": 658475, "cpu_memory": 9.51, "cpu_percent": 31.8, "learning_rate": 0.00025, "loss_mean": 0.22, "n_updates": 0}, {"reward": 1060, "eps": 0.1, "len": 241, "time": 19241.67, "timesteps": 658716, "cpu_memory": 9.51, "cpu_percent": 31.8, "learning_rate": 0.00025, "loss_mean": 0.21, "n_updates": 0}, {"reward": 900, "eps": 0.1, "len": 194, "time": 19247.36, "timesteps": 658910, "cpu_memory": 9.51, "cpu_percent": 31.8, "learning_rate": 0.00025, "loss_mean": 0.21, "n_updates": 0}, {"reward": 460, "eps": 0.1, "len": 122, "time": 19250.93, "timesteps": 659032, "cpu_memory": 9.51, "cpu_percent": 31.8, "learning_rate": 0.00025, "loss_mean": 0.2, "n_updates": 0}, {"reward": 840, "eps": 0.1, "len": 189, "time": 19256.58, "timesteps": 659221, "cpu_memory": 9.52, "cpu_percent": 31.8, "learning_rate": 0.00025, "loss_mean": 0.23, "n_updates": 0}]