[{"reward": 560, "eps": 0.1, "len": 142, "time": 12222.68, "timesteps": 429799, "cpu_memory": 7.73, "cpu_percent": 26.1, "learning_rate": 0.00025, "loss_mean": 0.34, "n_updates": 0}, {"reward": 850, "eps": 0.1, "len": 430012, "time": 12230.39, "timesteps": 430012, "cpu_memory": 7.73, "cpu_percent": 26.1, "learning_rate": 0.00025, "loss_mean": 0.32, "n_updates": 0}, {"reward": 1120, "eps": 0.1, "len": 266, "time": 12239.26, "timesteps": 430278, "cpu_memory": 7.73, "cpu_percent": 26.0, "learning_rate": 0.00025, "loss_mean": 0.33, "n_updates": 0}, {"reward": 610, "eps": 0.1, "len": 155, "time": 12244.39, "timesteps": 430433, "cpu_memory": 7.73, "cpu_percent": 26.0, "learning_rate": 0.00025, "loss_mean": 0.34, "n_updates": 0}, {"reward": 1260, "eps": 0.1, "len": 275, "time": 12253.51, "timesteps": 430708, "cpu_memory": 7.73, "cpu_percent": 26.0, "learning_rate": 0.00025, "loss_mean": 0.34, "n_updates": 0}, {"reward": 1090, "eps": 0.1, "len": 252, "time": 12261.83, "timesteps": 430960, "cpu_memory": 7.73, "cpu_percent": 26.0, "learning_rate": 0.00025, "loss_mean": 0.36, "n_updates": 0}, {"reward": 480, "eps": 0.1, "len": 166, "time": 12267.3, "timesteps": 431126, "cpu_memory": 7.74, "cpu_percent": 26.0, "learning_rate": 0.00025, "loss_mean": 0.33, "n_updates": 0}, {"reward": 1250, "eps": 0.1, "len": 262, "time": 12275.93, "timesteps": 431388, "cpu_memory": 7.74, "cpu_percent": 26.0, "learning_rate": 0.00025, "loss_mean": 0.33, "n_updates": 0}, {"reward": 810, "eps": 0.1, "len": 186, "time": 12282.1, "timesteps": 431574, "cpu_memory": 7.74, "cpu_percent": 26.0, "learning_rate": 0.00025, "loss_mean": 0.34, "n_updates": 0}, {"reward": 950, "eps": 0.1, "len": 307, "time": 12292.16, "timesteps": 431881, "cpu_memory": 7.74, "cpu_percent": 26.0, "learning_rate": 0.00025, "loss_mean": 0.33, "n_updates": 0}, {"reward": 1200, "eps": 0.1, "len": 241, "time": 12300.04, "timesteps": 432122, "cpu_memory": 7.74, "cpu_percent": 26.0, "learning_rate": 0.00025, "loss_mean": 0.32, "n_updates": 0}, {"reward": 1020, "eps": 0.1, "len": 199, "time": 12306.75, "timesteps": 432321, "cpu_memory": 7.75, "cpu_percent": 26.1, "learning_rate": 0.00025, "loss_mean": 0.35, "n_updates": 0}, {"reward": 820, "eps": 0.1, "len": 204, "time": 12313.59, "timesteps": 432525, "cpu_memory": 7.75, "cpu_percent": 26.1, "learning_rate": 0.00025, "loss_mean": 0.33, "n_updates": 0}, {"reward": 830, "eps": 0.1, "len": 161, "time": 12318.87, "timesteps": 432686, "cpu_memory": 7.75, "cpu_percent": 26.1, "learning_rate": 0.00025, "loss_mean": 0.34, "n_updates": 0}, {"reward": 630, "eps": 0.1, "len": 165, "time": 12324.26, "timesteps": 432851, "cpu_memory": 7.75, "cpu_percent": 26.1, "learning_rate": 0.00025, "loss_mean": 0.32, "n_updates": 0}, {"reward": 1220, "eps": 0.1, "len": 331, "time": 12335.26, "timesteps": 433182, "cpu_memory": 7.75, "cpu_percent": 26.1, "learning_rate": 0.00025, "loss_mean": 0.33, "n_updates": 0}, {"reward": 980, "eps": 0.1, "len": 273, "time": 12344.46, "timesteps": 433455, "cpu_memory": 7.75, "cpu_percent": 26.1, "learning_rate": 0.00025, "loss_mean": 0.33, "n_updates": 0}, {"reward": 1000, "eps": 0.1, "len": 284, "time": 12353.83, "timesteps": 433739, "cpu_memory": 7.76, "cpu_percent": 26.1, "learning_rate": 0.00025, "loss_mean": 0.33, "n_updates": 0}, {"reward": 490, "eps": 0.1, "len": 123, "time": 12357.88, "timesteps": 433862, "cpu_memory": 7.76, "cpu_percent": 26.1, "learning_rate": 0.00025, "loss_mean": 0.34, "n_updates": 0}, {"reward": 730, "eps": 0.1, "len": 195, "time": 12364.51, "timesteps": 434057, "cpu_memory": 7.76, "cpu_percent": 26.1, "learning_rate": 0.00025, "loss_mean": 0.34, "n_updates": 0}, {"reward": 1330, "eps": 0.1, "len": 344, "time": 12375.69, "timesteps": 434401, "cpu_memory": 7.76, "cpu_percent": 26.1, "learning_rate": 0.00025, "loss_mean": 0.33, "n_updates": 0}, {"reward": 660, "eps": 0.1, "len": 206, "time": 12382.47, "timesteps": 434607, "cpu_memory": 7.76, "cpu_percent": 26.1, "learning_rate": 0.00025, "loss_mean": 0.34, "n_updates": 0}, {"reward": 730, "eps": 0.1, "len": 158, "time": 12387.66, "timesteps": 434765, "cpu_memory": 7.76, "cpu_percent": 26.2, "learning_rate": 0.00025, "loss_mean": 0.35, "n_updates": 0}, {"reward": 920, "eps": 0.1, "len": 201, "time": 12394.48, "timesteps": 434966, "cpu_memory": 7.77, "cpu_percent": 26.2, "learning_rate": 0.00025, "loss_mean": 0.34, "n_updates": 0}, {"reward": 650, "eps": 0.1, "len": 199, "time": 12400.97, "timesteps": 435165, "cpu_memory": 7.77, "cpu_percent": 26.2, "learning_rate": 0.00025, "loss_mean": 0.33, "n_updates": 0}, {"reward": 1210, "eps": 0.1, "len": 283, "time": 12410.37, "timesteps": 435448, "cpu_memory": 7.77, "cpu_percent": 26.2, "learning_rate": 0.00025, "loss_mean": 0.33, "n_updates": 0}, {"reward": 610, "eps": 0.1, "len": 133, "time": 12414.8, "timesteps": 435581, "cpu_memory": 7.77, "cpu_percent": 26.2, "learning_rate": 0.00025, "loss_mean": 0.33, "n_updates": 0}, {"reward": 870, "eps": 0.1, "len": 222, "time": 12422.07, "timesteps": 435803, "cpu_memory": 7.77, "cpu_percent": 26.2, "learning_rate": 0.00025, "loss_mean": 0.32, "n_updates": 0}, {"reward": 1190, "eps": 0.1, "len": 325, "time": 12432.82, "timesteps": 436128, "cpu_memory": 7.78, "cpu_percent": 26.2, "learning_rate": 0.00025, "loss_mean": 0.32, "n_updates": 0}, {"reward": 650, "eps": 0.1, "len": 173, "time": 12438.51, "timesteps": 436301, "cpu_memory": 7.78, "cpu_percent": 26.2, "learning_rate": 0.00025, "loss_mean": 0.33, "n_updates": 0}, {"reward": 780, "eps": 0.1, "len": 209, "time": 12445.42, "timesteps": 436510, "cpu_memory": 7.78, "cpu_percent": 26.2, "learning_rate": 0.00025, "loss_mean": 0.33, "n_updates": 0}, {"reward": 1170, "eps": 0.1, "len": 245, "time": 12453.54, "timesteps": 436755, "cpu_memory": 7.78, "cpu_percent": 26.2, "learning_rate": 0.00025, "loss_mean": 0.33, "n_updates": 0}, {"reward": 450, "eps": 0.1, "len": 216, "time": 12460.84, "timesteps": 436971, "cpu_memory": 7.78, "cpu_percent": 26.2, "learning_rate": 0.00025, "loss_mean": 0.33, "n_updates": 0}, {"reward": 790, "eps": 0.1, "len": 259, "time": 12469.34, "timesteps": 437230, "cpu_memory": 7.78, "cpu_percent": 26.2, "learning_rate": 0.00025, "loss_mean": 0.33, "n_updates": 0}, {"reward": 800, "eps": 0.1, "len": 207, "time": 12476.21, "timesteps": 437437, "cpu_memory": 7.79, "cpu_percent": 26.2, "learning_rate": 0.00025, "loss_mean": 0.32, "n_updates": 0}, {"reward": 400, "eps": 0.1, "len": 115, "time": 12480.04, "timesteps": 437552, "cpu_memory": 7.79, "cpu_percent": 26.2, "learning_rate": 0.00025, "loss_mean": 0.31, "n_updates": 0}, {"reward": 760, "eps": 0.1, "len": 230, "time": 12487.67, "timesteps": 437782, "cpu_memory": 7.79, "cpu_percent": 26.2, "learning_rate": 0.00025, "loss_mean": 0.34, "n_updates": 0}, {"reward": 680, "eps": 0.1, "len": 148, "time": 12492.6, "timesteps": 437930, "cpu_memory": 7.79, "cpu_percent": 26.2, "learning_rate": 0.00025, "loss_mean": 0.31, "n_updates": 0}, {"reward": 860, "eps": 0.1, "len": 228, "time": 12500.17, "timesteps": 438158, "cpu_memory": 7.79, "cpu_percent": 26.2, "learning_rate": 0.00025, "loss_mean": 0.33, "n_updates": 0}, {"reward": 960, "eps": 0.1, "len": 243, "time": 12508.29, "timesteps": 438401, "cpu_memory": 7.79, "cpu_percent": 26.3, "learning_rate": 0.00025, "loss_mean": 0.33, "n_updates": 0}, {"reward": 700, "eps": 0.1, "len": 132, "time": 12512.68, "timesteps": 438533, "cpu_memory": 7.79, "cpu_percent": 26.3, "learning_rate": 0.00025, "loss_mean": 0.31, "n_updates": 0}, {"reward": 1370, "eps": 0.1, "len": 305, "time": 12522.66, "timesteps": 438838, "cpu_memory": 7.8, "cpu_percent": 26.3, "learning_rate": 0.00025, "loss_mean": 0.33, "n_updates": 0}, {"reward": 610, "eps": 0.1, "len": 161, "time": 12528.0, "timesteps": 438999, "cpu_memory": 7.8, "cpu_percent": 26.3, "learning_rate": 0.00025, "loss_mean": 0.33, "n_updates": 0}, {"reward": 820, "eps": 0.1, "len": 185, "time": 12534.22, "timesteps": 439184, "cpu_memory": 7.8, "cpu_percent": 26.3, "learning_rate": 0.00025, "loss_mean": 0.32, "n_updates": 0}]