[{"reward": 390, "eps": 0.9557, "len": 170, "time": 515.35, "timesteps": 19776, "cpu_memory": 2.62, "cpu_percent": 9.6, "learning_rate": 0.00025, "loss_mean": 0.56, "n_updates": 0}, {"reward": 430, "eps": 0.9553, "len": 141, "time": 518.95, "timesteps": 19917, "cpu_memory": 2.62, "cpu_percent": 9.6, "learning_rate": 0.00025, "loss_mean": 0.64, "n_updates": 0}, {"reward": 410, "eps": 0.955, "len": 163, "time": 523.69, "timesteps": 20080, "cpu_memory": 2.64, "cpu_percent": 9.6, "learning_rate": 0.00025, "loss_mean": 0.61, "n_updates": 0}, {"reward": 370, "eps": 0.9547, "len": 123, "time": 527.01, "timesteps": 20203, "cpu_memory": 2.64, "cpu_percent": 9.7, "learning_rate": 0.00025, "loss_mean": 0.64, "n_updates": 0}, {"reward": 370, "eps": 0.9544, "len": 133, "time": 530.44, "timesteps": 20336, "cpu_memory": 2.64, "cpu_percent": 9.7, "learning_rate": 0.00025, "loss_mean": 0.63, "n_updates": 0}, {"reward": 720, "eps": 0.954, "len": 233, "time": 536.33, "timesteps": 20569, "cpu_memory": 2.64, "cpu_percent": 9.7, "learning_rate": 0.00025, "loss_mean": 0.64, "n_updates": 0}, {"reward": 310, "eps": 0.9536, "len": 146, "time": 540.02, "timesteps": 20715, "cpu_memory": 2.65, "cpu_percent": 9.7, "learning_rate": 0.00025, "loss_mean": 0.73, "n_updates": 0}, {"reward": 310, "eps": 0.9532, "len": 139, "time": 543.54, "timesteps": 20854, "cpu_memory": 2.65, "cpu_percent": 9.7, "learning_rate": 0.00025, "loss_mean": 0.88, "n_updates": 0}, {"reward": 660, "eps": 0.9529, "len": 199, "time": 548.63, "timesteps": 21053, "cpu_memory": 2.66, "cpu_percent": 9.7, "learning_rate": 0.00025, "loss_mean": 0.8, "n_updates": 0}, {"reward": 390, "eps": 0.9525, "len": 144, "time": 552.29, "timesteps": 21197, "cpu_memory": 2.66, "cpu_percent": 9.8, "learning_rate": 0.00025, "loss_mean": 0.62, "n_updates": 0}, {"reward": 400, "eps": 0.9521, "len": 164, "time": 556.66, "timesteps": 21361, "cpu_memory": 2.67, "cpu_percent": 9.8, "learning_rate": 0.00025, "loss_mean": 0.65, "n_updates": 0}, {"reward": 670, "eps": 0.9517, "len": 168, "time": 560.99, "timesteps": 21529, "cpu_memory": 2.67, "cpu_percent": 9.8, "learning_rate": 0.00025, "loss_mean": 0.68, "n_updates": 0}, {"reward": 610, "eps": 0.9514, "len": 163, "time": 565.14, "timesteps": 21692, "cpu_memory": 2.68, "cpu_percent": 9.9, "learning_rate": 0.00025, "loss_mean": 0.71, "n_updates": 0}, {"reward": 580, "eps": 0.951, "len": 214, "time": 570.68, "timesteps": 21906, "cpu_memory": 2.69, "cpu_percent": 9.9, "learning_rate": 0.00025, "loss_mean": 2.04, "n_updates": 0}, {"reward": 390, "eps": 0.9505, "len": 162, "time": 574.8, "timesteps": 22068, "cpu_memory": 2.69, "cpu_percent": 9.9, "learning_rate": 0.00025, "loss_mean": 0.86, "n_updates": 0}, {"reward": 360, "eps": 0.9502, "len": 135, "time": 578.22, "timesteps": 22203, "cpu_memory": 2.7, "cpu_percent": 9.9, "learning_rate": 0.00025, "loss_mean": 0.66, "n_updates": 0}, {"reward": 580, "eps": 0.9498, "len": 211, "time": 583.59, "timesteps": 22414, "cpu_memory": 2.7, "cpu_percent": 9.9, "learning_rate": 0.00025, "loss_mean": 0.57, "n_updates": 0}, {"reward": 440, "eps": 0.9494, "len": 149, "time": 587.6, "timesteps": 22563, "cpu_memory": 2.71, "cpu_percent": 10.0, "learning_rate": 0.00025, "loss_mean": 0.62, "n_updates": 0}, {"reward": 280, "eps": 0.9491, "len": 120, "time": 590.71, "timesteps": 22683, "cpu_memory": 2.71, "cpu_percent": 10.0, "learning_rate": 0.00025, "loss_mean": 0.71, "n_updates": 0}, {"reward": 420, "eps": 0.9488, "len": 145, "time": 594.48, "timesteps": 22828, "cpu_memory": 2.72, "cpu_percent": 10.0, "learning_rate": 0.00025, "loss_mean": 0.61, "n_updates": 0}, {"reward": 520, "eps": 0.9484, "len": 185, "time": 599.3, "timesteps": 23013, "cpu_memory": 2.72, "cpu_percent": 10.0, "learning_rate": 0.00025, "loss_mean": 0.67, "n_updates": 0}, {"reward": 820, "eps": 0.948, "len": 213, "time": 604.77, "timesteps": 23226, "cpu_memory": 2.73, "cpu_percent": 10.0, "learning_rate": 0.00025, "loss_mean": 0.6, "n_updates": 0}, {"reward": 320, "eps": 0.9476, "len": 134, "time": 608.29, "timesteps": 23360, "cpu_memory": 2.74, "cpu_percent": 10.0, "learning_rate": 0.00025, "loss_mean": 0.65, "n_updates": 0}, {"reward": 550, "eps": 0.9473, "len": 154, "time": 612.37, "timesteps": 23514, "cpu_memory": 2.74, "cpu_percent": 10.0, "learning_rate": 0.00025, "loss_mean": 0.66, "n_updates": 0}, {"reward": 510, "eps": 0.9469, "len": 171, "time": 616.91, "timesteps": 23685, "cpu_memory": 2.75, "cpu_percent": 10.1, "learning_rate": 0.00025, "loss_mean": 0.6, "n_updates": 0}, {"reward": 460, "eps": 0.9465, "len": 149, "time": 621.06, "timesteps": 23834, "cpu_memory": 2.75, "cpu_percent": 10.1, "learning_rate": 0.00025, "loss_mean": 0.62, "n_updates": 0}, {"reward": 520, "eps": 0.9462, "len": 128, "time": 624.39, "timesteps": 23962, "cpu_memory": 2.76, "cpu_percent": 10.1, "learning_rate": 0.00025, "loss_mean": 0.51, "n_updates": 0}, {"reward": 340, "eps": 0.9459, "len": 120, "time": 627.54, "timesteps": 24082, "cpu_memory": 2.76, "cpu_percent": 10.1, "learning_rate": 0.00025, "loss_mean": 0.76, "n_updates": 0}, {"reward": 530, "eps": 0.9456, "len": 226, "time": 633.44, "timesteps": 24308, "cpu_memory": 2.77, "cpu_percent": 10.1, "learning_rate": 0.00025, "loss_mean": 0.59, "n_updates": 0}, {"reward": 720, "eps": 0.9451, "len": 208, "time": 638.9, "timesteps": 24516, "cpu_memory": 2.77, "cpu_percent": 10.2, "learning_rate": 0.00025, "loss_mean": 0.61, "n_updates": 0}, {"reward": 380, "eps": 0.9447, "len": 142, "time": 642.72, "timesteps": 24658, "cpu_memory": 2.78, "cpu_percent": 10.2, "learning_rate": 0.00025, "loss_mean": 0.54, "n_updates": 0}, {"reward": 490, "eps": 0.9443, "len": 206, "time": 648.12, "timesteps": 24864, "cpu_memory": 2.79, "cpu_percent": 10.2, "learning_rate": 0.00025, "loss_mean": 0.56, "n_updates": 0}, {"reward": 560, "eps": 0.9439, "len": 163, "time": 652.57, "timesteps": 25027, "cpu_memory": 2.79, "cpu_percent": 10.2, "learning_rate": 0.00025, "loss_mean": 0.76, "n_updates": 0}, {"reward": 550, "eps": 0.9435, "len": 183, "time": 657.4, "timesteps": 25210, "cpu_memory": 2.8, "cpu_percent": 10.2, "learning_rate": 0.00025, "loss_mean": 0.77, "n_updates": 0}, {"reward": 640, "eps": 0.943, "len": 221, "time": 663.28, "timesteps": 25431, "cpu_memory": 2.8, "cpu_percent": 10.3, "learning_rate": 0.00025, "loss_mean": 0.51, "n_updates": 0}, {"reward": 440, "eps": 0.9426, "len": 167, "time": 667.71, "timesteps": 25598, "cpu_memory": 2.81, "cpu_percent": 10.3, "learning_rate": 0.00025, "loss_mean": 0.49, "n_updates": 0}, {"reward": 850, "eps": 0.9421, "len": 257, "time": 674.29, "timesteps": 25855, "cpu_memory": 2.82, "cpu_percent": 10.3, "learning_rate": 0.00025, "loss_mean": 0.49, "n_updates": 0}, {"reward": 390, "eps": 0.9416, "len": 179, "time": 678.83, "timesteps": 26034, "cpu_memory": 2.82, "cpu_percent": 10.3, "learning_rate": 0.00025, "loss_mean": 0.57, "n_updates": 0}, {"reward": 560, "eps": 0.9412, "len": 173, "time": 683.43, "timesteps": 26207, "cpu_memory": 2.83, "cpu_percent": 10.3, "learning_rate": 0.00025, "loss_mean": 0.48, "n_updates": 0}, {"reward": 220, "eps": 0.9409, "len": 118, "time": 686.43, "timesteps": 26325, "cpu_memory": 2.83, "cpu_percent": 10.4, "learning_rate": 0.00025, "loss_mean": 0.54, "n_updates": 0}, {"reward": 340, "eps": 0.9406, "len": 113, "time": 689.36, "timesteps": 26438, "cpu_memory": 2.84, "cpu_percent": 10.4, "learning_rate": 0.00025, "loss_mean": 0.6, "n_updates": 0}, {"reward": 600, "eps": 0.9403, "len": 186, "time": 694.28, "timesteps": 26624, "cpu_memory": 2.85, "cpu_percent": 10.4, "learning_rate": 0.00025, "loss_mean": 0.63, "n_updates": 0}, {"reward": 300, "eps": 0.9399, "len": 158, "time": 698.41, "timesteps": 26782, "cpu_memory": 2.85, "cpu_percent": 10.4, "learning_rate": 0.00025, "loss_mean": 0.57, "n_updates": 0}, {"reward": 340, "eps": 0.9396, "len": 119, "time": 701.52, "timesteps": 26901, "cpu_memory": 2.85, "cpu_percent": 10.4, "learning_rate": 0.00025, "loss_mean": 0.62, "n_updates": 0}, {"reward": 430, "eps": 0.9393, "len": 120, "time": 704.7, "timesteps": 27021, "cpu_memory": 2.86, "cpu_percent": 10.4, "learning_rate": 0.00025, "loss_mean": 0.52, "n_updates": 0}, {"reward": 380, "eps": 0.9391, "len": 125, "time": 708.05, "timesteps": 27146, "cpu_memory": 2.86, "cpu_percent": 10.4, "learning_rate": 0.00025, "loss_mean": 0.56, "n_updates": 0}, {"reward": 350, "eps": 0.9388, "len": 134, "time": 711.71, "timesteps": 27280, "cpu_memory": 2.87, "cpu_percent": 10.4, "learning_rate": 0.00025, "loss_mean": 0.62, "n_updates": 0}, {"reward": 510, "eps": 0.9385, "len": 145, "time": 715.77, "timesteps": 27425, "cpu_memory": 2.87, "cpu_percent": 10.4, "learning_rate": 0.00025, "loss_mean": 0.52, "n_updates": 0}, {"reward": 510, "eps": 0.9381, "len": 159, "time": 719.8, "timesteps": 27584, "cpu_memory": 2.88, "cpu_percent": 10.4, "learning_rate": 0.00025, "loss_mean": 0.56, "n_updates": 0}, {"reward": 390, "eps": 0.9378, "len": 145, "time": 723.71, "timesteps": 27729, "cpu_memory": 2.88, "cpu_percent": 10.5, "learning_rate": 0.00025, "loss_mean": 0.55, "n_updates": 0}, {"reward": 480, "eps": 0.9374, "len": 171, "time": 728.28, "timesteps": 27900, "cpu_memory": 2.89, "cpu_percent": 10.5, "learning_rate": 0.00025, "loss_mean": 0.81, "n_updates": 0}, {"reward": 500, "eps": 0.9371, "len": 151, "time": 732.28, "timesteps": 28051, "cpu_memory": 2.89, "cpu_percent": 10.5, "learning_rate": 0.00025, "loss_mean": 0.62, "n_updates": 0}, {"reward": 260, "eps": 0.9367, "len": 129, "time": 735.77, "timesteps": 28180, "cpu_memory": 2.9, "cpu_percent": 10.5, "learning_rate": 0.00025, "loss_mean": 0.69, "n_updates": 0}, {"reward": 690, "eps": 0.9364, "len": 170, "time": 740.36, "timesteps": 28350, "cpu_memory": 2.9, "cpu_percent": 10.5, "learning_rate": 0.00025, "loss_mean": 0.52, "n_updates": 0}, {"reward": 340, "eps": 0.9361, "len": 107, "time": 743.14, "timesteps": 28457, "cpu_memory": 2.91, "cpu_percent": 10.6, "learning_rate": 0.00025, "loss_mean": 0.75, "n_updates": 0}, {"reward": 570, "eps": 0.9357, "len": 201, "time": 748.61, "timesteps": 28658, "cpu_memory": 2.91, "cpu_percent": 10.6, "learning_rate": 0.00025, "loss_mean": 0.52, "n_updates": 0}, {"reward": 520, "eps": 0.9353, "len": 156, "time": 752.7, "timesteps": 28814, "cpu_memory": 2.92, "cpu_percent": 10.6, "learning_rate": 0.00025, "loss_mean": 0.58, "n_updates": 0}, {"reward": 260, "eps": 0.935, "len": 107, "time": 755.6, "timesteps": 28921, "cpu_memory": 2.92, "cpu_percent": 10.6, "learning_rate": 0.00025, "loss_mean": 0.59, "n_updates": 0}, {"reward": 460, "eps": 0.9347, "len": 166, "time": 760.02, "timesteps": 29087, "cpu_memory": 2.93, "cpu_percent": 10.7, "learning_rate": 0.00025, "loss_mean": 0.44, "n_updates": 0}, {"reward": 500, "eps": 0.9344, "len": 152, "time": 764.06, "timesteps": 29239, "cpu_memory": 2.93, "cpu_percent": 10.7, "learning_rate": 0.00025, "loss_mean": 0.5, "n_updates": 0}, {"reward": 330, "eps": 0.9341, "len": 138, "time": 767.72, "timesteps": 29377, "cpu_memory": 2.94, "cpu_percent": 10.7, "learning_rate": 0.00025, "loss_mean": 0.51, "n_updates": 0}, {"reward": 450, "eps": 0.9337, "len": 170, "time": 772.24, "timesteps": 29547, "cpu_memory": 2.94, "cpu_percent": 10.7, "learning_rate": 0.00025, "loss_mean": 0.74, "n_updates": 0}, {"reward": 450, "eps": 0.9333, "len": 173, "time": 776.92, "timesteps": 29720, "cpu_memory": 2.95, "cpu_percent": 10.7, "learning_rate": 0.00025, "loss_mean": 0.56, "n_updates": 0}]