[{"reward": 340, "eps": 0.8427, "len": 169, "time": 1846.75, "timesteps": 69976, "cpu_memory": 4.31, "cpu_percent": 15.0, "learning_rate": 0.00025, "loss_mean": 0.55, "n_updates": 0}, {"reward": 480, "eps": 0.8424, "len": 70130, "time": 1851.38, "timesteps": 70130, "cpu_memory": 4.32, "cpu_percent": 15.1, "learning_rate": 0.00025, "loss_mean": 0.55, "n_updates": 0}, {"reward": 490, "eps": 0.842, "len": 163, "time": 1855.62, "timesteps": 70293, "cpu_memory": 4.32, "cpu_percent": 15.1, "learning_rate": 0.00025, "loss_mean": 0.45, "n_updates": 0}, {"reward": 570, "eps": 0.8416, "len": 212, "time": 1861.19, "timesteps": 70505, "cpu_memory": 4.33, "cpu_percent": 15.1, "learning_rate": 0.00025, "loss_mean": 0.64, "n_updates": 0}, {"reward": 420, "eps": 0.8412, "len": 156, "time": 1865.38, "timesteps": 70661, "cpu_memory": 4.36, "cpu_percent": 15.1, "learning_rate": 0.00025, "loss_mean": 0.94, "n_updates": 0}, {"reward": 340, "eps": 0.8408, "len": 155, "time": 1869.41, "timesteps": 70816, "cpu_memory": 4.4, "cpu_percent": 15.2, "learning_rate": 0.00025, "loss_mean": 0.75, "n_updates": 0}, {"reward": 490, "eps": 0.8405, "len": 163, "time": 1873.77, "timesteps": 70979, "cpu_memory": 4.42, "cpu_percent": 15.4, "learning_rate": 0.00025, "loss_mean": 0.71, "n_updates": 0}, {"reward": 410, "eps": 0.8402, "len": 123, "time": 1877.03, "timesteps": 71102, "cpu_memory": 4.42, "cpu_percent": 15.4, "learning_rate": 0.00025, "loss_mean": 0.79, "n_updates": 0}, {"reward": 350, "eps": 0.8399, "len": 140, "time": 1880.89, "timesteps": 71242, "cpu_memory": 4.42, "cpu_percent": 15.4, "learning_rate": 0.00025, "loss_mean": 0.67, "n_updates": 0}, {"reward": 530, "eps": 0.8395, "len": 211, "time": 1886.56, "timesteps": 71453, "cpu_memory": 4.42, "cpu_percent": 15.4, "learning_rate": 0.00025, "loss_mean": 0.66, "n_updates": 0}, {"reward": 550, "eps": 0.8391, "len": 134, "time": 1890.14, "timesteps": 71587, "cpu_memory": 4.42, "cpu_percent": 15.4, "learning_rate": 0.00025, "loss_mean": 0.67, "n_updates": 0}, {"reward": 370, "eps": 0.8388, "len": 118, "time": 1893.39, "timesteps": 71705, "cpu_memory": 4.43, "cpu_percent": 15.4, "learning_rate": 0.00025, "loss_mean": 0.85, "n_updates": 0}, {"reward": 760, "eps": 0.8384, "len": 201, "time": 1898.73, "timesteps": 71906, "cpu_memory": 4.43, "cpu_percent": 15.4, "learning_rate": 0.00025, "loss_mean": 0.55, "n_updates": 0}, {"reward": 380, "eps": 0.838, "len": 171, "time": 1903.39, "timesteps": 72077, "cpu_memory": 4.43, "cpu_percent": 15.4, "learning_rate": 0.00025, "loss_mean": 0.66, "n_updates": 0}, {"reward": 560, "eps": 0.8376, "len": 173, "time": 1908.18, "timesteps": 72250, "cpu_memory": 4.43, "cpu_percent": 15.4, "learning_rate": 0.00025, "loss_mean": 0.75, "n_updates": 0}, {"reward": 430, "eps": 0.8373, "len": 163, "time": 1912.63, "timesteps": 72413, "cpu_memory": 4.43, "cpu_percent": 15.4, "learning_rate": 0.00025, "loss_mean": 0.63, "n_updates": 0}, {"reward": 640, "eps": 0.8369, "len": 174, "time": 1917.14, "timesteps": 72587, "cpu_memory": 4.43, "cpu_percent": 15.4, "learning_rate": 0.00025, "loss_mean": 0.69, "n_updates": 0}, {"reward": 480, "eps": 0.8365, "len": 162, "time": 1921.45, "timesteps": 72749, "cpu_memory": 4.43, "cpu_percent": 15.4, "learning_rate": 0.00025, "loss_mean": 0.72, "n_updates": 0}, {"reward": 330, "eps": 0.8361, "len": 148, "time": 1925.45, "timesteps": 72897, "cpu_memory": 4.43, "cpu_percent": 15.4, "learning_rate": 0.00025, "loss_mean": 0.72, "n_updates": 0}, {"reward": 200, "eps": 0.8359, "len": 99, "time": 1928.07, "timesteps": 72996, "cpu_memory": 4.43, "cpu_percent": 15.4, "learning_rate": 0.00025, "loss_mean": 0.8, "n_updates": 0}, {"reward": 720, "eps": 0.8355, "len": 238, "time": 1934.3, "timesteps": 73234, "cpu_memory": 4.44, "cpu_percent": 15.4, "learning_rate": 0.00025, "loss_mean": 0.64, "n_updates": 0}, {"reward": 240, "eps": 0.8351, "len": 115, "time": 1937.49, "timesteps": 73349, "cpu_memory": 4.44, "cpu_percent": 15.5, "learning_rate": 0.00025, "loss_mean": 0.58, "n_updates": 0}, {"reward": 600, "eps": 0.8348, "len": 185, "time": 1942.3, "timesteps": 73534, "cpu_memory": 4.44, "cpu_percent": 15.4, "learning_rate": 0.00025, "loss_mean": 0.6, "n_updates": 0}, {"reward": 440, "eps": 0.8344, "len": 169, "time": 1946.72, "timesteps": 73703, "cpu_memory": 4.44, "cpu_percent": 15.4, "learning_rate": 0.00025, "loss_mean": 0.56, "n_updates": 0}, {"reward": 590, "eps": 0.834, "len": 170, "time": 1951.23, "timesteps": 73873, "cpu_memory": 4.44, "cpu_percent": 15.4, "learning_rate": 0.00025, "loss_mean": 0.54, "n_updates": 0}, {"reward": 460, "eps": 0.8336, "len": 173, "time": 1955.82, "timesteps": 74046, "cpu_memory": 4.44, "cpu_percent": 15.4, "learning_rate": 0.00025, "loss_mean": 0.55, "n_updates": 0}, {"reward": 390, "eps": 0.8333, "len": 122, "time": 1958.98, "timesteps": 74168, "cpu_memory": 4.44, "cpu_percent": 15.4, "learning_rate": 0.00025, "loss_mean": 0.55, "n_updates": 0}, {"reward": 340, "eps": 0.8329, "len": 175, "time": 1963.64, "timesteps": 74343, "cpu_memory": 4.45, "cpu_percent": 15.4, "learning_rate": 0.00025, "loss_mean": 0.64, "n_updates": 0}, {"reward": 390, "eps": 0.8326, "len": 150, "time": 1967.71, "timesteps": 74493, "cpu_memory": 4.45, "cpu_percent": 15.5, "learning_rate": 0.00025, "loss_mean": 0.73, "n_updates": 0}, {"reward": 340, "eps": 0.8322, "len": 158, "time": 1971.9, "timesteps": 74651, "cpu_memory": 4.45, "cpu_percent": 15.5, "learning_rate": 0.00025, "loss_mean": 0.75, "n_updates": 0}, {"reward": 410, "eps": 0.8318, "len": 174, "time": 1976.49, "timesteps": 74825, "cpu_memory": 4.46, "cpu_percent": 15.5, "learning_rate": 0.00025, "loss_mean": 0.61, "n_updates": 0}, {"reward": 590, "eps": 0.8314, "len": 212, "time": 1982.03, "timesteps": 75037, "cpu_memory": 4.47, "cpu_percent": 15.5, "learning_rate": 0.00025, "loss_mean": 0.59, "n_updates": 0}, {"reward": 530, "eps": 0.831, "len": 176, "time": 1986.56, "timesteps": 75213, "cpu_memory": 4.48, "cpu_percent": 15.5, "learning_rate": 0.00025, "loss_mean": 0.59, "n_updates": 0}, {"reward": 490, "eps": 0.8306, "len": 149, "time": 1990.43, "timesteps": 75362, "cpu_memory": 4.48, "cpu_percent": 15.5, "learning_rate": 0.00025, "loss_mean": 0.5, "n_updates": 0}, {"reward": 330, "eps": 0.8303, "len": 146, "time": 1994.29, "timesteps": 75508, "cpu_memory": 4.49, "cpu_percent": 15.6, "learning_rate": 0.00025, "loss_mean": 0.58, "n_updates": 0}, {"reward": 500, "eps": 0.83, "len": 133, "time": 1997.73, "timesteps": 75641, "cpu_memory": 4.5, "cpu_percent": 15.6, "learning_rate": 0.00025, "loss_mean": 0.55, "n_updates": 0}, {"reward": 570, "eps": 0.8296, "len": 174, "time": 2002.4, "timesteps": 75815, "cpu_memory": 4.5, "cpu_percent": 15.7, "learning_rate": 0.00025, "loss_mean": 0.66, "n_updates": 0}, {"reward": 400, "eps": 0.8293, "len": 145, "time": 2006.14, "timesteps": 75960, "cpu_memory": 4.5, "cpu_percent": 15.7, "learning_rate": 0.00025, "loss_mean": 0.61, "n_updates": 0}, {"reward": 760, "eps": 0.8289, "len": 209, "time": 2011.72, "timesteps": 76169, "cpu_memory": 4.52, "cpu_percent": 15.7, "learning_rate": 0.00025, "loss_mean": 0.65, "n_updates": 0}, {"reward": 590, "eps": 0.8284, "len": 164, "time": 2016.08, "timesteps": 76333, "cpu_memory": 4.52, "cpu_percent": 15.7, "learning_rate": 0.00025, "loss_mean": 0.69, "n_updates": 0}, {"reward": 500, "eps": 0.8281, "len": 151, "time": 2020.01, "timesteps": 76484, "cpu_memory": 4.52, "cpu_percent": 15.7, "learning_rate": 0.00025, "loss_mean": 0.71, "n_updates": 0}, {"reward": 360, "eps": 0.8277, "len": 143, "time": 2023.73, "timesteps": 76627, "cpu_memory": 4.52, "cpu_percent": 15.7, "learning_rate": 0.00025, "loss_mean": 0.61, "n_updates": 0}, {"reward": 520, "eps": 0.8274, "len": 169, "time": 2028.17, "timesteps": 76796, "cpu_memory": 4.53, "cpu_percent": 15.7, "learning_rate": 0.00025, "loss_mean": 0.55, "n_updates": 0}, {"reward": 370, "eps": 0.8271, "len": 133, "time": 2031.77, "timesteps": 76929, "cpu_memory": 4.53, "cpu_percent": 15.8, "learning_rate": 0.00025, "loss_mean": 0.47, "n_updates": 0}, {"reward": 900, "eps": 0.8266, "len": 255, "time": 2038.39, "timesteps": 77184, "cpu_memory": 4.64, "cpu_percent": 16.0, "learning_rate": 0.00025, "loss_mean": 0.56, "n_updates": 0}, {"reward": 280, "eps": 0.8262, "len": 159, "time": 2042.59, "timesteps": 77343, "cpu_memory": 4.64, "cpu_percent": 16.0, "learning_rate": 0.00025, "loss_mean": 0.46, "n_updates": 0}, {"reward": 540, "eps": 0.8257, "len": 203, "time": 2048.12, "timesteps": 77546, "cpu_memory": 4.64, "cpu_percent": 16.1, "learning_rate": 0.00025, "loss_mean": 0.55, "n_updates": 0}, {"reward": 510, "eps": 0.8253, "len": 165, "time": 2052.47, "timesteps": 77711, "cpu_memory": 4.71, "cpu_percent": 16.3, "learning_rate": 0.00025, "loss_mean": 0.54, "n_updates": 0}, {"reward": 300, "eps": 0.825, "len": 129, "time": 2055.87, "timesteps": 77840, "cpu_memory": 4.75, "cpu_percent": 16.4, "learning_rate": 0.00025, "loss_mean": 0.51, "n_updates": 0}, {"reward": 660, "eps": 0.8246, "len": 208, "time": 2061.8, "timesteps": 78048, "cpu_memory": 4.75, "cpu_percent": 16.4, "learning_rate": 0.00025, "loss_mean": 0.46, "n_updates": 0}, {"reward": 380, "eps": 0.8242, "len": 175, "time": 2066.76, "timesteps": 78223, "cpu_memory": 4.75, "cpu_percent": 16.4, "learning_rate": 0.00025, "loss_mean": 0.47, "n_updates": 0}, {"reward": 910, "eps": 0.8237, "len": 259, "time": 2073.75, "timesteps": 78482, "cpu_memory": 4.76, "cpu_percent": 16.4, "learning_rate": 0.00025, "loss_mean": 0.49, "n_updates": 0}, {"reward": 440, "eps": 0.8232, "len": 157, "time": 2077.99, "timesteps": 78639, "cpu_memory": 4.76, "cpu_percent": 16.4, "learning_rate": 0.00025, "loss_mean": 0.66, "n_updates": 0}, {"reward": 570, "eps": 0.8228, "len": 192, "time": 2083.35, "timesteps": 78831, "cpu_memory": 4.76, "cpu_percent": 16.4, "learning_rate": 0.00025, "loss_mean": 0.52, "n_updates": 0}, {"reward": 680, "eps": 0.8224, "len": 241, "time": 2090.41, "timesteps": 79072, "cpu_memory": 4.76, "cpu_percent": 16.4, "learning_rate": 0.00025, "loss_mean": 0.63, "n_updates": 0}, {"reward": 590, "eps": 0.8219, "len": 175, "time": 2095.23, "timesteps": 79247, "cpu_memory": 4.76, "cpu_percent": 16.5, "learning_rate": 0.00025, "loss_mean": 0.58, "n_updates": 0}, {"reward": 400, "eps": 0.8215, "len": 141, "time": 2098.93, "timesteps": 79388, "cpu_memory": 4.76, "cpu_percent": 16.5, "learning_rate": 0.00025, "loss_mean": 0.54, "n_updates": 0}]