[{"reward": 850, "eps": 0.1, "len": 230, "time": 17512.46, "timesteps": 599970, "cpu_memory": 9.05, "cpu_percent": 30.3, "learning_rate": 0.00025, "loss_mean": 0.26, "n_updates": 0}, {"reward": 1210, "eps": 0.1, "len": 600284, "time": 17522.37, "timesteps": 600284, "cpu_memory": 9.06, "cpu_percent": 30.3, "learning_rate": 0.00025, "loss_mean": 0.26, "n_updates": 0}, {"reward": 640, "eps": 0.1, "len": 149, "time": 17526.73, "timesteps": 600433, "cpu_memory": 9.06, "cpu_percent": 30.3, "learning_rate": 0.00025, "loss_mean": 0.25, "n_updates": 0}, {"reward": 760, "eps": 0.1, "len": 164, "time": 17531.59, "timesteps": 600597, "cpu_memory": 9.06, "cpu_percent": 30.3, "learning_rate": 0.00025, "loss_mean": 0.25, "n_updates": 0}, {"reward": 900, "eps": 0.1, "len": 226, "time": 17538.23, "timesteps": 600823, "cpu_memory": 9.06, "cpu_percent": 30.3, "learning_rate": 0.00025, "loss_mean": 0.26, "n_updates": 0}, {"reward": 670, "eps": 0.1, "len": 152, "time": 17542.67, "timesteps": 600975, "cpu_memory": 9.06, "cpu_percent": 30.3, "learning_rate": 0.00025, "loss_mean": 0.25, "n_updates": 0}, {"reward": 1090, "eps": 0.1, "len": 276, "time": 17550.87, "timesteps": 601251, "cpu_memory": 9.06, "cpu_percent": 30.3, "learning_rate": 0.00025, "loss_mean": 0.25, "n_updates": 0}, {"reward": 1290, "eps": 0.1, "len": 261, "time": 17558.52, "timesteps": 601512, "cpu_memory": 9.07, "cpu_percent": 30.3, "learning_rate": 0.00025, "loss_mean": 0.25, "n_updates": 0}, {"reward": 470, "eps": 0.1, "len": 153, "time": 17563.01, "timesteps": 601665, "cpu_memory": 9.07, "cpu_percent": 30.3, "learning_rate": 0.00025, "loss_mean": 0.25, "n_updates": 0}, {"reward": 710, "eps": 0.1, "len": 204, "time": 17569.07, "timesteps": 601869, "cpu_memory": 9.07, "cpu_percent": 30.4, "learning_rate": 0.00025, "loss_mean": 0.23, "n_updates": 0}, {"reward": 990, "eps": 0.1, "len": 226, "time": 17575.68, "timesteps": 602095, "cpu_memory": 9.07, "cpu_percent": 30.4, "learning_rate": 0.00025, "loss_mean": 0.24, "n_updates": 0}, {"reward": 660, "eps": 0.1, "len": 147, "time": 17580.09, "timesteps": 602242, "cpu_memory": 9.07, "cpu_percent": 30.4, "learning_rate": 0.00025, "loss_mean": 0.25, "n_updates": 0}, {"reward": 780, "eps": 0.1, "len": 190, "time": 17585.77, "timesteps": 602432, "cpu_memory": 9.07, "cpu_percent": 30.4, "learning_rate": 0.00025, "loss_mean": 0.26, "n_updates": 0}, {"reward": 1020, "eps": 0.1, "len": 247, "time": 17593.0, "timesteps": 602679, "cpu_memory": 9.08, "cpu_percent": 30.4, "learning_rate": 0.00025, "loss_mean": 0.25, "n_updates": 0}, {"reward": 780, "eps": 0.1, "len": 169, "time": 17597.91, "timesteps": 602848, "cpu_memory": 9.08, "cpu_percent": 30.4, "learning_rate": 0.00025, "loss_mean": 0.26, "n_updates": 0}, {"reward": 830, "eps": 0.1, "len": 222, "time": 17604.41, "timesteps": 603070, "cpu_memory": 9.08, "cpu_percent": 30.4, "learning_rate": 0.00025, "loss_mean": 0.25, "n_updates": 0}, {"reward": 1140, "eps": 0.1, "len": 243, "time": 17611.71, "timesteps": 603313, "cpu_memory": 9.08, "cpu_percent": 30.4, "learning_rate": 0.00025, "loss_mean": 0.25, "n_updates": 0}, {"reward": 800, "eps": 0.1, "len": 205, "time": 17617.73, "timesteps": 603518, "cpu_memory": 9.08, "cpu_percent": 30.4, "learning_rate": 0.00025, "loss_mean": 0.26, "n_updates": 0}, {"reward": 870, "eps": 0.1, "len": 210, "time": 17623.83, "timesteps": 603728, "cpu_memory": 9.08, "cpu_percent": 30.4, "learning_rate": 0.00025, "loss_mean": 0.26, "n_updates": 0}, {"reward": 1020, "eps": 0.1, "len": 263, "time": 17631.47, "timesteps": 603991, "cpu_memory": 9.09, "cpu_percent": 30.4, "learning_rate": 0.00025, "loss_mean": 0.25, "n_updates": 0}, {"reward": 560, "eps": 0.1, "len": 155, "time": 17636.02, "timesteps": 604146, "cpu_memory": 9.09, "cpu_percent": 30.4, "learning_rate": 0.00025, "loss_mean": 0.26, "n_updates": 0}, {"reward": 1120, "eps": 0.1, "len": 256, "time": 17643.65, "timesteps": 604402, "cpu_memory": 9.09, "cpu_percent": 30.4, "learning_rate": 0.00025, "loss_mean": 0.25, "n_updates": 0}, {"reward": 980, "eps": 0.1, "len": 181, "time": 17648.99, "timesteps": 604583, "cpu_memory": 9.09, "cpu_percent": 30.4, "learning_rate": 0.00025, "loss_mean": 0.26, "n_updates": 0}, {"reward": 410, "eps": 0.1, "len": 135, "time": 17652.92, "timesteps": 604718, "cpu_memory": 9.09, "cpu_percent": 30.4, "learning_rate": 0.00025, "loss_mean": 0.25, "n_updates": 0}, {"reward": 800, "eps": 0.1, "len": 157, "time": 17657.56, "timesteps": 604875, "cpu_memory": 9.09, "cpu_percent": 30.4, "learning_rate": 0.00025, "loss_mean": 0.25, "n_updates": 0}, {"reward": 640, "eps": 0.1, "len": 161, "time": 17662.28, "timesteps": 605036, "cpu_memory": 9.09, "cpu_percent": 30.4, "learning_rate": 0.00025, "loss_mean": 0.26, "n_updates": 0}, {"reward": 520, "eps": 0.1, "len": 176, "time": 17667.45, "timesteps": 605212, "cpu_memory": 9.1, "cpu_percent": 30.4, "learning_rate": 0.00025, "loss_mean": 0.26, "n_updates": 0}, {"reward": 640, "eps": 0.1, "len": 206, "time": 17673.59, "timesteps": 605418, "cpu_memory": 9.1, "cpu_percent": 30.4, "learning_rate": 0.00025, "loss_mean": 0.25, "n_updates": 0}, {"reward": 940, "eps": 0.1, "len": 216, "time": 17679.97, "timesteps": 605634, "cpu_memory": 9.1, "cpu_percent": 30.4, "learning_rate": 0.00025, "loss_mean": 0.26, "n_updates": 0}, {"reward": 660, "eps": 0.1, "len": 188, "time": 17685.46, "timesteps": 605822, "cpu_memory": 9.1, "cpu_percent": 30.4, "learning_rate": 0.00025, "loss_mean": 0.25, "n_updates": 0}, {"reward": 730, "eps": 0.1, "len": 195, "time": 17691.34, "timesteps": 606017, "cpu_memory": 9.1, "cpu_percent": 30.4, "learning_rate": 0.00025, "loss_mean": 0.24, "n_updates": 0}, {"reward": 1030, "eps": 0.1, "len": 242, "time": 17698.32, "timesteps": 606259, "cpu_memory": 9.1, "cpu_percent": 30.4, "learning_rate": 0.00025, "loss_mean": 0.25, "n_updates": 0}, {"reward": 1320, "eps": 0.1, "len": 304, "time": 17707.28, "timesteps": 606563, "cpu_memory": 9.11, "cpu_percent": 30.5, "learning_rate": 0.00025, "loss_mean": 0.25, "n_updates": 0}, {"reward": 640, "eps": 0.1, "len": 198, "time": 17713.03, "timesteps": 606761, "cpu_memory": 9.11, "cpu_percent": 30.5, "learning_rate": 0.00025, "loss_mean": 0.25, "n_updates": 0}, {"reward": 850, "eps": 0.1, "len": 219, "time": 17719.46, "timesteps": 606980, "cpu_memory": 9.11, "cpu_percent": 30.5, "learning_rate": 0.00025, "loss_mean": 0.25, "n_updates": 0}, {"reward": 980, "eps": 0.1, "len": 215, "time": 17725.75, "timesteps": 607195, "cpu_memory": 9.11, "cpu_percent": 30.5, "learning_rate": 0.00025, "loss_mean": 0.26, "n_updates": 0}, {"reward": 840, "eps": 0.1, "len": 204, "time": 17731.77, "timesteps": 607399, "cpu_memory": 9.11, "cpu_percent": 30.5, "learning_rate": 0.00025, "loss_mean": 0.25, "n_updates": 0}, {"reward": 1360, "eps": 0.1, "len": 274, "time": 17740.04, "timesteps": 607673, "cpu_memory": 9.11, "cpu_percent": 30.5, "learning_rate": 0.00025, "loss_mean": 0.24, "n_updates": 0}, {"reward": 740, "eps": 0.1, "len": 205, "time": 17746.06, "timesteps": 607878, "cpu_memory": 9.12, "cpu_percent": 30.5, "learning_rate": 0.00025, "loss_mean": 0.24, "n_updates": 0}, {"reward": 610, "eps": 0.1, "len": 196, "time": 17751.76, "timesteps": 608074, "cpu_memory": 9.12, "cpu_percent": 30.5, "learning_rate": 0.00025, "loss_mean": 0.25, "n_updates": 0}, {"reward": 950, "eps": 0.1, "len": 203, "time": 17757.66, "timesteps": 608277, "cpu_memory": 9.12, "cpu_percent": 30.5, "learning_rate": 0.00025, "loss_mean": 0.24, "n_updates": 0}, {"reward": 880, "eps": 0.1, "len": 178, "time": 17763.0, "timesteps": 608455, "cpu_memory": 9.12, "cpu_percent": 30.5, "learning_rate": 0.00025, "loss_mean": 0.25, "n_updates": 0}, {"reward": 560, "eps": 0.1, "len": 176, "time": 17768.4, "timesteps": 608631, "cpu_memory": 9.12, "cpu_percent": 30.5, "learning_rate": 0.00025, "loss_mean": 0.25, "n_updates": 0}, {"reward": 1110, "eps": 0.1, "len": 197, "time": 17774.26, "timesteps": 608828, "cpu_memory": 9.12, "cpu_percent": 30.5, "learning_rate": 0.00025, "loss_mean": 0.25, "n_updates": 0}, {"reward": 570, "eps": 0.1, "len": 166, "time": 17779.08, "timesteps": 608994, "cpu_memory": 9.13, "cpu_percent": 30.5, "learning_rate": 0.00025, "loss_mean": 0.25, "n_updates": 0}, {"reward": 600, "eps": 0.1, "len": 197, "time": 17784.8, "timesteps": 609191, "cpu_memory": 9.13, "cpu_percent": 30.6, "learning_rate": 0.00025, "loss_mean": 0.25, "n_updates": 0}, {"reward": 1040, "eps": 0.1, "len": 226, "time": 17791.43, "timesteps": 609417, "cpu_memory": 9.13, "cpu_percent": 30.6, "learning_rate": 0.00025, "loss_mean": 0.25, "n_updates": 0}, {"reward": 700, "eps": 0.1, "len": 156, "time": 17796.01, "timesteps": 609573, "cpu_memory": 9.13, "cpu_percent": 30.6, "learning_rate": 0.00025, "loss_mean": 0.23, "n_updates": 0}]