[{"reward": 860, "eps": 0.1, "len": 244, "time": 13547.65, "timesteps": 469827, "cpu_memory": 8.04, "cpu_percent": 27.1, "learning_rate": 0.00025, "loss_mean": 0.3, "n_updates": 0}, {"reward": 820, "eps": 0.1, "len": 470019, "time": 13554.68, "timesteps": 470019, "cpu_memory": 8.04, "cpu_percent": 27.1, "learning_rate": 0.00025, "loss_mean": 0.31, "n_updates": 0}, {"reward": 840, "eps": 0.1, "len": 258, "time": 13563.27, "timesteps": 470277, "cpu_memory": 8.04, "cpu_percent": 27.1, "learning_rate": 0.00025, "loss_mean": 0.31, "n_updates": 0}, {"reward": 1130, "eps": 0.1, "len": 236, "time": 13571.12, "timesteps": 470513, "cpu_memory": 8.04, "cpu_percent": 27.1, "learning_rate": 0.00025, "loss_mean": 0.31, "n_updates": 0}, {"reward": 840, "eps": 0.1, "len": 255, "time": 13579.61, "timesteps": 470768, "cpu_memory": 8.05, "cpu_percent": 27.1, "learning_rate": 0.00025, "loss_mean": 0.3, "n_updates": 0}, {"reward": 670, "eps": 0.1, "len": 185, "time": 13585.62, "timesteps": 470953, "cpu_memory": 8.05, "cpu_percent": 27.1, "learning_rate": 0.00025, "loss_mean": 0.3, "n_updates": 0}, {"reward": 730, "eps": 0.1, "len": 208, "time": 13592.48, "timesteps": 471161, "cpu_memory": 8.05, "cpu_percent": 27.1, "learning_rate": 0.00025, "loss_mean": 0.31, "n_updates": 0}, {"reward": 1240, "eps": 0.1, "len": 253, "time": 13600.97, "timesteps": 471414, "cpu_memory": 8.05, "cpu_percent": 27.1, "learning_rate": 0.00025, "loss_mean": 0.29, "n_updates": 0}, {"reward": 580, "eps": 0.1, "len": 185, "time": 13607.1, "timesteps": 471599, "cpu_memory": 8.05, "cpu_percent": 27.1, "learning_rate": 0.00025, "loss_mean": 0.3, "n_updates": 0}, {"reward": 1140, "eps": 0.1, "len": 285, "time": 13616.43, "timesteps": 471884, "cpu_memory": 8.05, "cpu_percent": 27.1, "learning_rate": 0.00025, "loss_mean": 0.3, "n_updates": 0}, {"reward": 1190, "eps": 0.1, "len": 297, "time": 13626.1, "timesteps": 472181, "cpu_memory": 8.06, "cpu_percent": 27.1, "learning_rate": 0.00025, "loss_mean": 0.31, "n_updates": 0}, {"reward": 910, "eps": 0.1, "len": 197, "time": 13632.68, "timesteps": 472378, "cpu_memory": 8.06, "cpu_percent": 27.1, "learning_rate": 0.00025, "loss_mean": 0.31, "n_updates": 0}, {"reward": 920, "eps": 0.1, "len": 261, "time": 13641.25, "timesteps": 472639, "cpu_memory": 8.06, "cpu_percent": 27.1, "learning_rate": 0.00025, "loss_mean": 0.31, "n_updates": 0}, {"reward": 820, "eps": 0.1, "len": 179, "time": 13647.06, "timesteps": 472818, "cpu_memory": 8.06, "cpu_percent": 27.1, "learning_rate": 0.00025, "loss_mean": 0.3, "n_updates": 0}, {"reward": 790, "eps": 0.1, "len": 217, "time": 13654.13, "timesteps": 473035, "cpu_memory": 8.06, "cpu_percent": 27.1, "learning_rate": 0.00025, "loss_mean": 0.32, "n_updates": 0}, {"reward": 960, "eps": 0.1, "len": 273, "time": 13663.12, "timesteps": 473308, "cpu_memory": 8.07, "cpu_percent": 27.1, "learning_rate": 0.00025, "loss_mean": 0.31, "n_updates": 0}, {"reward": 1170, "eps": 0.1, "len": 237, "time": 13670.91, "timesteps": 473545, "cpu_memory": 8.07, "cpu_percent": 27.1, "learning_rate": 0.00025, "loss_mean": 0.3, "n_updates": 0}, {"reward": 750, "eps": 0.1, "len": 217, "time": 13677.95, "timesteps": 473762, "cpu_memory": 8.07, "cpu_percent": 27.1, "learning_rate": 0.00025, "loss_mean": 0.31, "n_updates": 0}, {"reward": 860, "eps": 0.1, "len": 238, "time": 13685.77, "timesteps": 474000, "cpu_memory": 8.07, "cpu_percent": 27.1, "learning_rate": 0.00025, "loss_mean": 0.3, "n_updates": 0}, {"reward": 950, "eps": 0.1, "len": 220, "time": 13693.13, "timesteps": 474220, "cpu_memory": 8.07, "cpu_percent": 27.2, "learning_rate": 0.00025, "loss_mean": 0.3, "n_updates": 0}, {"reward": 760, "eps": 0.1, "len": 219, "time": 13700.39, "timesteps": 474439, "cpu_memory": 8.07, "cpu_percent": 27.2, "learning_rate": 0.00025, "loss_mean": 0.3, "n_updates": 0}, {"reward": 820, "eps": 0.1, "len": 211, "time": 13707.31, "timesteps": 474650, "cpu_memory": 8.08, "cpu_percent": 27.2, "learning_rate": 0.00025, "loss_mean": 0.29, "n_updates": 0}, {"reward": 910, "eps": 0.1, "len": 229, "time": 13714.82, "timesteps": 474879, "cpu_memory": 8.08, "cpu_percent": 27.2, "learning_rate": 0.00025, "loss_mean": 0.29, "n_updates": 0}, {"reward": 480, "eps": 0.1, "len": 115, "time": 13718.67, "timesteps": 474994, "cpu_memory": 8.08, "cpu_percent": 27.2, "learning_rate": 0.00025, "loss_mean": 0.29, "n_updates": 0}, {"reward": 890, "eps": 0.1, "len": 223, "time": 13726.19, "timesteps": 475217, "cpu_memory": 8.08, "cpu_percent": 27.2, "learning_rate": 0.00025, "loss_mean": 0.29, "n_updates": 0}, {"reward": 1260, "eps": 0.1, "len": 224, "time": 13733.54, "timesteps": 475441, "cpu_memory": 8.08, "cpu_percent": 27.2, "learning_rate": 0.00025, "loss_mean": 0.28, "n_updates": 0}, {"reward": 430, "eps": 0.1, "len": 126, "time": 13737.71, "timesteps": 475567, "cpu_memory": 8.08, "cpu_percent": 27.2, "learning_rate": 0.00025, "loss_mean": 0.3, "n_updates": 0}, {"reward": 610, "eps": 0.1, "len": 141, "time": 13742.33, "timesteps": 475708, "cpu_memory": 8.08, "cpu_percent": 27.2, "learning_rate": 0.00025, "loss_mean": 0.3, "n_updates": 0}, {"reward": 800, "eps": 0.1, "len": 180, "time": 13748.28, "timesteps": 475888, "cpu_memory": 8.09, "cpu_percent": 27.2, "learning_rate": 0.00025, "loss_mean": 0.29, "n_updates": 0}, {"reward": 950, "eps": 0.1, "len": 209, "time": 13755.36, "timesteps": 476097, "cpu_memory": 8.09, "cpu_percent": 27.2, "learning_rate": 0.00025, "loss_mean": 0.29, "n_updates": 0}, {"reward": 780, "eps": 0.1, "len": 203, "time": 13762.08, "timesteps": 476300, "cpu_memory": 8.09, "cpu_percent": 27.2, "learning_rate": 0.00025, "loss_mean": 0.3, "n_updates": 0}, {"reward": 810, "eps": 0.1, "len": 195, "time": 13768.51, "timesteps": 476495, "cpu_memory": 8.09, "cpu_percent": 27.2, "learning_rate": 0.00025, "loss_mean": 0.31, "n_updates": 0}, {"reward": 640, "eps": 0.1, "len": 166, "time": 13773.93, "timesteps": 476661, "cpu_memory": 8.09, "cpu_percent": 27.2, "learning_rate": 0.00025, "loss_mean": 0.29, "n_updates": 0}, {"reward": 730, "eps": 0.1, "len": 165, "time": 13779.46, "timesteps": 476826, "cpu_memory": 8.09, "cpu_percent": 27.2, "learning_rate": 0.00025, "loss_mean": 0.29, "n_updates": 0}, {"reward": 1010, "eps": 0.1, "len": 245, "time": 13787.89, "timesteps": 477071, "cpu_memory": 8.1, "cpu_percent": 27.2, "learning_rate": 0.00025, "loss_mean": 0.31, "n_updates": 0}, {"reward": 720, "eps": 0.1, "len": 225, "time": 13795.33, "timesteps": 477296, "cpu_memory": 8.1, "cpu_percent": 27.2, "learning_rate": 0.00025, "loss_mean": 0.29, "n_updates": 0}, {"reward": 430, "eps": 0.1, "len": 117, "time": 13799.53, "timesteps": 477413, "cpu_memory": 8.1, "cpu_percent": 27.2, "learning_rate": 0.00025, "loss_mean": 0.29, "n_updates": 0}, {"reward": 800, "eps": 0.1, "len": 177, "time": 13805.31, "timesteps": 477590, "cpu_memory": 8.1, "cpu_percent": 27.2, "learning_rate": 0.00025, "loss_mean": 0.3, "n_updates": 0}, {"reward": 870, "eps": 0.1, "len": 199, "time": 13811.78, "timesteps": 477789, "cpu_memory": 8.1, "cpu_percent": 27.2, "learning_rate": 0.00025, "loss_mean": 0.3, "n_updates": 0}, {"reward": 1040, "eps": 0.1, "len": 289, "time": 13821.36, "timesteps": 478078, "cpu_memory": 8.1, "cpu_percent": 27.2, "learning_rate": 0.00025, "loss_mean": 0.29, "n_updates": 0}, {"reward": 930, "eps": 0.1, "len": 217, "time": 13828.64, "timesteps": 478295, "cpu_memory": 8.1, "cpu_percent": 27.2, "learning_rate": 0.00025, "loss_mean": 0.29, "n_updates": 0}, {"reward": 1260, "eps": 0.1, "len": 300, "time": 13838.52, "timesteps": 478595, "cpu_memory": 8.11, "cpu_percent": 27.2, "learning_rate": 0.00025, "loss_mean": 0.29, "n_updates": 0}, {"reward": 760, "eps": 0.1, "len": 230, "time": 13846.14, "timesteps": 478825, "cpu_memory": 8.11, "cpu_percent": 27.2, "learning_rate": 0.00025, "loss_mean": 0.29, "n_updates": 0}, {"reward": 1550, "eps": 0.1, "len": 326, "time": 13857.05, "timesteps": 479151, "cpu_memory": 8.11, "cpu_percent": 27.3, "learning_rate": 0.00025, "loss_mean": 0.31, "n_updates": 0}, {"reward": 580, "eps": 0.1, "len": 144, "time": 13861.85, "timesteps": 479295, "cpu_memory": 8.11, "cpu_percent": 27.3, "learning_rate": 0.00025, "loss_mean": 0.3, "n_updates": 0}]