[{"reward": 500, "eps": 0.1456, "len": 148, "time": 10646.73, "timesteps": 379822, "cpu_memory": 7.37, "cpu_percent": 24.9, "learning_rate": 0.00025, "loss_mean": 0.37, "n_updates": 0}, {"reward": 1190, "eps": 0.145, "len": 380136, "time": 10656.92, "timesteps": 380136, "cpu_memory": 7.34, "cpu_percent": 24.8, "learning_rate": 0.00025, "loss_mean": 0.36, "n_updates": 0}, {"reward": 860, "eps": 0.1445, "len": 195, "time": 10662.76, "timesteps": 380331, "cpu_memory": 7.34, "cpu_percent": 24.8, "learning_rate": 0.00025, "loss_mean": 0.33, "n_updates": 0}, {"reward": 1080, "eps": 0.144, "len": 245, "time": 10670.1, "timesteps": 380576, "cpu_memory": 7.34, "cpu_percent": 24.8, "learning_rate": 0.00025, "loss_mean": 0.36, "n_updates": 0}, {"reward": 900, "eps": 0.1434, "len": 280, "time": 10678.49, "timesteps": 380856, "cpu_memory": 7.34, "cpu_percent": 24.8, "learning_rate": 0.00025, "loss_mean": 0.33, "n_updates": 0}, {"reward": 1370, "eps": 0.1426, "len": 405, "time": 10690.63, "timesteps": 381261, "cpu_memory": 7.35, "cpu_percent": 24.8, "learning_rate": 0.00025, "loss_mean": 0.32, "n_updates": 0}, {"reward": 520, "eps": 0.142, "len": 158, "time": 10695.33, "timesteps": 381419, "cpu_memory": 7.35, "cpu_percent": 24.8, "learning_rate": 0.00025, "loss_mean": 0.34, "n_updates": 0}, {"reward": 1290, "eps": 0.1415, "len": 279, "time": 10703.59, "timesteps": 381698, "cpu_memory": 7.35, "cpu_percent": 24.8, "learning_rate": 0.00025, "loss_mean": 0.33, "n_updates": 0}, {"reward": 600, "eps": 0.141, "len": 177, "time": 10708.85, "timesteps": 381875, "cpu_memory": 7.35, "cpu_percent": 24.8, "learning_rate": 0.00025, "loss_mean": 0.33, "n_updates": 0}, {"reward": 830, "eps": 0.1405, "len": 214, "time": 10715.46, "timesteps": 382089, "cpu_memory": 7.35, "cpu_percent": 24.8, "learning_rate": 0.00025, "loss_mean": 0.33, "n_updates": 0}, {"reward": 580, "eps": 0.1401, "len": 134, "time": 10719.57, "timesteps": 382223, "cpu_memory": 7.35, "cpu_percent": 24.8, "learning_rate": 0.00025, "loss_mean": 0.33, "n_updates": 0}, {"reward": 880, "eps": 0.1398, "len": 210, "time": 10725.79, "timesteps": 382433, "cpu_memory": 7.36, "cpu_percent": 24.9, "learning_rate": 0.00025, "loss_mean": 0.35, "n_updates": 0}, {"reward": 870, "eps": 0.1393, "len": 243, "time": 10733.03, "timesteps": 382676, "cpu_memory": 7.36, "cpu_percent": 24.9, "learning_rate": 0.00025, "loss_mean": 0.34, "n_updates": 0}, {"reward": 1080, "eps": 0.1387, "len": 245, "time": 10740.33, "timesteps": 382921, "cpu_memory": 7.36, "cpu_percent": 24.9, "learning_rate": 0.00025, "loss_mean": 0.33, "n_updates": 0}, {"reward": 840, "eps": 0.1382, "len": 177, "time": 10745.65, "timesteps": 383098, "cpu_memory": 7.36, "cpu_percent": 24.9, "learning_rate": 0.00025, "loss_mean": 0.34, "n_updates": 0}, {"reward": 690, "eps": 0.1378, "len": 189, "time": 10751.37, "timesteps": 383287, "cpu_memory": 7.36, "cpu_percent": 24.9, "learning_rate": 0.00025, "loss_mean": 0.32, "n_updates": 0}, {"reward": 930, "eps": 0.1373, "len": 254, "time": 10758.92, "timesteps": 383541, "cpu_memory": 7.37, "cpu_percent": 24.9, "learning_rate": 0.00025, "loss_mean": 0.31, "n_updates": 0}, {"reward": 660, "eps": 0.1368, "len": 194, "time": 10764.79, "timesteps": 383735, "cpu_memory": 7.37, "cpu_percent": 24.9, "learning_rate": 0.00025, "loss_mean": 0.33, "n_updates": 0}, {"reward": 540, "eps": 0.1364, "len": 144, "time": 10769.11, "timesteps": 383879, "cpu_memory": 7.37, "cpu_percent": 24.9, "learning_rate": 0.00025, "loss_mean": 0.34, "n_updates": 0}, {"reward": 690, "eps": 0.1361, "len": 149, "time": 10773.63, "timesteps": 384028, "cpu_memory": 7.37, "cpu_percent": 24.9, "learning_rate": 0.00025, "loss_mean": 0.33, "n_updates": 0}, {"reward": 1500, "eps": 0.1355, "len": 360, "time": 10784.53, "timesteps": 384388, "cpu_memory": 7.37, "cpu_percent": 24.9, "learning_rate": 0.00025, "loss_mean": 0.32, "n_updates": 0}, {"reward": 670, "eps": 0.1349, "len": 161, "time": 10789.34, "timesteps": 384549, "cpu_memory": 7.37, "cpu_percent": 24.9, "learning_rate": 0.00025, "loss_mean": 0.34, "n_updates": 0}, {"reward": 780, "eps": 0.1346, "len": 182, "time": 10794.9, "timesteps": 384731, "cpu_memory": 7.37, "cpu_percent": 24.9, "learning_rate": 0.00025, "loss_mean": 0.34, "n_updates": 0}, {"reward": 750, "eps": 0.1341, "len": 184, "time": 10800.34, "timesteps": 384915, "cpu_memory": 7.38, "cpu_percent": 24.9, "learning_rate": 0.00025, "loss_mean": 0.35, "n_updates": 0}, {"reward": 860, "eps": 0.1337, "len": 187, "time": 10805.93, "timesteps": 385102, "cpu_memory": 7.38, "cpu_percent": 24.9, "learning_rate": 0.00025, "loss_mean": 0.36, "n_updates": 0}, {"reward": 750, "eps": 0.1333, "len": 182, "time": 10811.5, "timesteps": 385284, "cpu_memory": 7.38, "cpu_percent": 24.9, "learning_rate": 0.00025, "loss_mean": 0.35, "n_updates": 0}, {"reward": 1590, "eps": 0.1328, "len": 312, "time": 10820.7, "timesteps": 385596, "cpu_memory": 7.38, "cpu_percent": 25.0, "learning_rate": 0.00025, "loss_mean": 0.38, "n_updates": 0}, {"reward": 1140, "eps": 0.1321, "len": 268, "time": 10828.83, "timesteps": 385864, "cpu_memory": 7.38, "cpu_percent": 25.0, "learning_rate": 0.00025, "loss_mean": 0.36, "n_updates": 0}, {"reward": 870, "eps": 0.1316, "len": 215, "time": 10835.33, "timesteps": 386079, "cpu_memory": 7.38, "cpu_percent": 25.0, "learning_rate": 0.00025, "loss_mean": 0.36, "n_updates": 0}, {"reward": 1290, "eps": 0.131, "len": 284, "time": 10843.97, "timesteps": 386363, "cpu_memory": 7.39, "cpu_percent": 25.0, "learning_rate": 0.00025, "loss_mean": 0.36, "n_updates": 0}, {"reward": 720, "eps": 0.1304, "len": 208, "time": 10850.21, "timesteps": 386571, "cpu_memory": 7.39, "cpu_percent": 25.0, "learning_rate": 0.00025, "loss_mean": 0.35, "n_updates": 0}, {"reward": 920, "eps": 0.13, "len": 206, "time": 10856.42, "timesteps": 386777, "cpu_memory": 7.39, "cpu_percent": 25.0, "learning_rate": 0.00025, "loss_mean": 0.37, "n_updates": 0}, {"reward": 940, "eps": 0.1295, "len": 254, "time": 10864.04, "timesteps": 387031, "cpu_memory": 7.39, "cpu_percent": 25.0, "learning_rate": 0.00025, "loss_mean": 0.38, "n_updates": 0}, {"reward": 570, "eps": 0.129, "len": 160, "time": 10868.88, "timesteps": 387191, "cpu_memory": 7.39, "cpu_percent": 25.0, "learning_rate": 0.00025, "loss_mean": 0.37, "n_updates": 0}, {"reward": 830, "eps": 0.1286, "len": 189, "time": 10874.77, "timesteps": 387380, "cpu_memory": 7.4, "cpu_percent": 24.9, "learning_rate": 0.00025, "loss_mean": 0.36, "n_updates": 0}, {"reward": 990, "eps": 0.1281, "len": 239, "time": 10882.03, "timesteps": 387619, "cpu_memory": 7.4, "cpu_percent": 24.9, "learning_rate": 0.00025, "loss_mean": 0.38, "n_updates": 0}, {"reward": 820, "eps": 0.1276, "len": 199, "time": 10888.07, "timesteps": 387818, "cpu_memory": 7.4, "cpu_percent": 24.9, "learning_rate": 0.00025, "loss_mean": 0.37, "n_updates": 0}, {"reward": 900, "eps": 0.1271, "len": 250, "time": 10895.67, "timesteps": 388068, "cpu_memory": 7.4, "cpu_percent": 24.9, "learning_rate": 0.00025, "loss_mean": 0.37, "n_updates": 0}, {"reward": 520, "eps": 0.1266, "len": 200, "time": 10901.73, "timesteps": 388268, "cpu_memory": 7.4, "cpu_percent": 24.9, "learning_rate": 0.00025, "loss_mean": 0.37, "n_updates": 0}, {"reward": 680, "eps": 0.1262, "len": 171, "time": 10907.18, "timesteps": 388439, "cpu_memory": 7.4, "cpu_percent": 25.0, "learning_rate": 0.00025, "loss_mean": 0.36, "n_updates": 0}, {"reward": 870, "eps": 0.1258, "len": 202, "time": 10913.25, "timesteps": 388641, "cpu_memory": 7.4, "cpu_percent": 25.0, "learning_rate": 0.00025, "loss_mean": 0.36, "n_updates": 0}, {"reward": 1010, "eps": 0.1253, "len": 248, "time": 10920.84, "timesteps": 388889, "cpu_memory": 7.41, "cpu_percent": 25.0, "learning_rate": 0.00025, "loss_mean": 0.35, "n_updates": 0}, {"reward": 460, "eps": 0.1248, "len": 145, "time": 10925.36, "timesteps": 389034, "cpu_memory": 7.41, "cpu_percent": 25.0, "learning_rate": 0.00025, "loss_mean": 0.35, "n_updates": 0}, {"reward": 840, "eps": 0.1244, "len": 212, "time": 10931.73, "timesteps": 389246, "cpu_memory": 7.41, "cpu_percent": 25.0, "learning_rate": 0.00025, "loss_mean": 0.36, "n_updates": 0}]