[{"reward": 870, "eps": 0.2355, "len": 207, "time": 9441.08, "timesteps": 339860, "cpu_memory": 7.03, "cpu_percent": 23.8, "learning_rate": 0.00025, "loss_mean": 0.35, "n_updates": 0}, {"reward": 1020, "eps": 0.235, "len": 340106, "time": 9449.16, "timesteps": 340106, "cpu_memory": 7.07, "cpu_percent": 23.9, "learning_rate": 0.00025, "loss_mean": 0.37, "n_updates": 0}, {"reward": 710, "eps": 0.2345, "len": 205, "time": 9455.38, "timesteps": 340311, "cpu_memory": 7.07, "cpu_percent": 23.9, "learning_rate": 0.00025, "loss_mean": 0.36, "n_updates": 0}, {"reward": 600, "eps": 0.2341, "len": 139, "time": 9459.62, "timesteps": 340450, "cpu_memory": 7.07, "cpu_percent": 23.9, "learning_rate": 0.00025, "loss_mean": 0.38, "n_updates": 0}, {"reward": 1310, "eps": 0.2337, "len": 271, "time": 9467.76, "timesteps": 340721, "cpu_memory": 7.07, "cpu_percent": 23.9, "learning_rate": 0.00025, "loss_mean": 0.38, "n_updates": 0}, {"reward": 600, "eps": 0.2332, "len": 161, "time": 9472.6, "timesteps": 340882, "cpu_memory": 7.07, "cpu_percent": 23.9, "learning_rate": 0.00025, "loss_mean": 0.38, "n_updates": 0}, {"reward": 470, "eps": 0.2328, "len": 151, "time": 9477.08, "timesteps": 341033, "cpu_memory": 7.07, "cpu_percent": 23.9, "learning_rate": 0.00025, "loss_mean": 0.39, "n_updates": 0}, {"reward": 920, "eps": 0.2324, "len": 215, "time": 9483.41, "timesteps": 341248, "cpu_memory": 7.07, "cpu_percent": 23.9, "learning_rate": 0.00025, "loss_mean": 0.37, "n_updates": 0}, {"reward": 720, "eps": 0.232, "len": 168, "time": 9488.46, "timesteps": 341416, "cpu_memory": 7.08, "cpu_percent": 23.9, "learning_rate": 0.00025, "loss_mean": 0.38, "n_updates": 0}, {"reward": 760, "eps": 0.2316, "len": 223, "time": 9495.07, "timesteps": 341639, "cpu_memory": 7.08, "cpu_percent": 23.9, "learning_rate": 0.00025, "loss_mean": 0.38, "n_updates": 0}, {"reward": 790, "eps": 0.231, "len": 244, "time": 9502.42, "timesteps": 341883, "cpu_memory": 7.08, "cpu_percent": 23.9, "learning_rate": 0.00025, "loss_mean": 0.39, "n_updates": 0}, {"reward": 1270, "eps": 0.2304, "len": 290, "time": 9511.09, "timesteps": 342173, "cpu_memory": 7.08, "cpu_percent": 23.9, "learning_rate": 0.00025, "loss_mean": 0.38, "n_updates": 0}, {"reward": 860, "eps": 0.2298, "len": 264, "time": 9518.89, "timesteps": 342437, "cpu_memory": 7.08, "cpu_percent": 23.9, "learning_rate": 0.00025, "loss_mean": 0.37, "n_updates": 0}, {"reward": 850, "eps": 0.2293, "len": 197, "time": 9524.93, "timesteps": 342634, "cpu_memory": 7.08, "cpu_percent": 23.9, "learning_rate": 0.00025, "loss_mean": 0.36, "n_updates": 0}, {"reward": 240, "eps": 0.229, "len": 77, "time": 9527.28, "timesteps": 342711, "cpu_memory": 7.09, "cpu_percent": 23.9, "learning_rate": 0.00025, "loss_mean": 0.35, "n_updates": 0}, {"reward": 430, "eps": 0.2287, "len": 181, "time": 9532.69, "timesteps": 342892, "cpu_memory": 7.09, "cpu_percent": 23.9, "learning_rate": 0.00025, "loss_mean": 0.35, "n_updates": 0}, {"reward": 690, "eps": 0.2283, "len": 140, "time": 9536.92, "timesteps": 343032, "cpu_memory": 7.09, "cpu_percent": 24.0, "learning_rate": 0.00025, "loss_mean": 0.36, "n_updates": 0}, {"reward": 1120, "eps": 0.2279, "len": 244, "time": 9544.2, "timesteps": 343276, "cpu_memory": 7.09, "cpu_percent": 23.9, "learning_rate": 0.00025, "loss_mean": 0.35, "n_updates": 0}, {"reward": 550, "eps": 0.2274, "len": 170, "time": 9549.3, "timesteps": 343446, "cpu_memory": 7.09, "cpu_percent": 23.9, "learning_rate": 0.00025, "loss_mean": 0.34, "n_updates": 0}, {"reward": 830, "eps": 0.227, "len": 183, "time": 9554.65, "timesteps": 343629, "cpu_memory": 7.09, "cpu_percent": 23.9, "learning_rate": 0.00025, "loss_mean": 0.33, "n_updates": 0}, {"reward": 620, "eps": 0.2267, "len": 163, "time": 9559.62, "timesteps": 343792, "cpu_memory": 7.09, "cpu_percent": 24.0, "learning_rate": 0.00025, "loss_mean": 0.34, "n_updates": 0}, {"reward": 960, "eps": 0.2262, "len": 230, "time": 9566.46, "timesteps": 344022, "cpu_memory": 7.1, "cpu_percent": 24.0, "learning_rate": 0.00025, "loss_mean": 0.35, "n_updates": 0}, {"reward": 710, "eps": 0.2258, "len": 159, "time": 9571.23, "timesteps": 344181, "cpu_memory": 7.1, "cpu_percent": 24.0, "learning_rate": 0.00025, "loss_mean": 0.33, "n_updates": 0}, {"reward": 830, "eps": 0.2253, "len": 234, "time": 9578.15, "timesteps": 344415, "cpu_memory": 7.1, "cpu_percent": 24.0, "learning_rate": 0.00025, "loss_mean": 0.33, "n_updates": 0}, {"reward": 570, "eps": 0.2249, "len": 175, "time": 9583.38, "timesteps": 344590, "cpu_memory": 7.1, "cpu_percent": 24.0, "learning_rate": 0.00025, "loss_mean": 0.37, "n_updates": 0}, {"reward": 840, "eps": 0.2244, "len": 208, "time": 9589.74, "timesteps": 344798, "cpu_memory": 7.1, "cpu_percent": 24.1, "learning_rate": 0.00025, "loss_mean": 0.36, "n_updates": 0}, {"reward": 1010, "eps": 0.2239, "len": 240, "time": 9596.83, "timesteps": 345038, "cpu_memory": 7.1, "cpu_percent": 24.1, "learning_rate": 0.00025, "loss_mean": 0.35, "n_updates": 0}, {"reward": 740, "eps": 0.2234, "len": 190, "time": 9602.49, "timesteps": 345228, "cpu_memory": 7.1, "cpu_percent": 24.1, "learning_rate": 0.00025, "loss_mean": 0.34, "n_updates": 0}, {"reward": 1080, "eps": 0.223, "len": 241, "time": 9609.68, "timesteps": 345469, "cpu_memory": 7.11, "cpu_percent": 24.1, "learning_rate": 0.00025, "loss_mean": 0.36, "n_updates": 0}, {"reward": 1340, "eps": 0.2223, "len": 379, "time": 9620.72, "timesteps": 345848, "cpu_memory": 7.11, "cpu_percent": 24.1, "learning_rate": 0.00025, "loss_mean": 0.35, "n_updates": 0}, {"reward": 610, "eps": 0.2217, "len": 155, "time": 9625.26, "timesteps": 346003, "cpu_memory": 7.11, "cpu_percent": 24.1, "learning_rate": 0.00025, "loss_mean": 0.36, "n_updates": 0}, {"reward": 810, "eps": 0.2212, "len": 220, "time": 9631.72, "timesteps": 346223, "cpu_memory": 7.11, "cpu_percent": 24.1, "learning_rate": 0.00025, "loss_mean": 0.37, "n_updates": 0}, {"reward": 810, "eps": 0.2208, "len": 158, "time": 9636.37, "timesteps": 346381, "cpu_memory": 7.11, "cpu_percent": 24.1, "learning_rate": 0.00025, "loss_mean": 0.35, "n_updates": 0}, {"reward": 540, "eps": 0.2204, "len": 225, "time": 9642.89, "timesteps": 346606, "cpu_memory": 7.11, "cpu_percent": 24.1, "learning_rate": 0.00025, "loss_mean": 0.34, "n_updates": 0}, {"reward": 810, "eps": 0.2199, "len": 185, "time": 9648.3, "timesteps": 346791, "cpu_memory": 7.12, "cpu_percent": 24.1, "learning_rate": 0.00025, "loss_mean": 0.35, "n_updates": 0}, {"reward": 1130, "eps": 0.2194, "len": 263, "time": 9656.11, "timesteps": 347054, "cpu_memory": 7.12, "cpu_percent": 24.1, "learning_rate": 0.00025, "loss_mean": 0.35, "n_updates": 0}, {"reward": 450, "eps": 0.219, "len": 118, "time": 9659.63, "timesteps": 347172, "cpu_memory": 7.12, "cpu_percent": 24.1, "learning_rate": 0.00025, "loss_mean": 0.38, "n_updates": 0}, {"reward": 870, "eps": 0.2186, "len": 221, "time": 9666.35, "timesteps": 347393, "cpu_memory": 7.12, "cpu_percent": 24.1, "learning_rate": 0.00025, "loss_mean": 0.36, "n_updates": 0}, {"reward": 1290, "eps": 0.218, "len": 304, "time": 9675.11, "timesteps": 347697, "cpu_memory": 7.12, "cpu_percent": 24.1, "learning_rate": 0.00025, "loss_mean": 0.37, "n_updates": 0}, {"reward": 720, "eps": 0.2174, "len": 241, "time": 9682.17, "timesteps": 347938, "cpu_memory": 7.12, "cpu_percent": 24.1, "learning_rate": 0.00025, "loss_mean": 0.38, "n_updates": 0}, {"reward": 510, "eps": 0.2169, "len": 168, "time": 9687.11, "timesteps": 348106, "cpu_memory": 7.13, "cpu_percent": 24.1, "learning_rate": 0.00025, "loss_mean": 0.38, "n_updates": 0}, {"reward": 630, "eps": 0.2166, "len": 172, "time": 9692.2, "timesteps": 348278, "cpu_memory": 7.13, "cpu_percent": 24.1, "learning_rate": 0.00025, "loss_mean": 0.37, "n_updates": 0}, {"reward": 970, "eps": 0.2161, "len": 226, "time": 9698.89, "timesteps": 348504, "cpu_memory": 7.13, "cpu_percent": 24.1, "learning_rate": 0.00025, "loss_mean": 0.38, "n_updates": 0}, {"reward": 1070, "eps": 0.2156, "len": 272, "time": 9706.73, "timesteps": 348776, "cpu_memory": 7.13, "cpu_percent": 24.1, "learning_rate": 0.00025, "loss_mean": 0.37, "n_updates": 0}, {"reward": 660, "eps": 0.215, "len": 198, "time": 9712.55, "timesteps": 348974, "cpu_memory": 7.13, "cpu_percent": 24.1, "learning_rate": 0.00025, "loss_mean": 0.36, "n_updates": 0}, {"reward": 900, "eps": 0.2145, "len": 233, "time": 9719.32, "timesteps": 349207, "cpu_memory": 7.13, "cpu_percent": 24.1, "learning_rate": 0.00025, "loss_mean": 0.37, "n_updates": 0}, {"reward": 620, "eps": 0.2141, "len": 189, "time": 9724.91, "timesteps": 349396, "cpu_memory": 7.14, "cpu_percent": 24.2, "learning_rate": 0.00025, "loss_mean": 0.38, "n_updates": 0}, {"reward": 400, "eps": 0.2137, "len": 132, "time": 9728.76, "timesteps": 349528, "cpu_memory": 7.14, "cpu_percent": 24.2, "learning_rate": 0.00025, "loss_mean": 0.38, "n_updates": 0}]