[{"reward": 760, "eps": 0.1, "len": 161, "time": 15452.56, "timesteps": 529953, "cpu_memory": 8.51, "cpu_percent": 28.5, "learning_rate": 0.00025, "loss_mean": 0.28, "n_updates": 0}, {"reward": 730, "eps": 0.1, "len": 530158, "time": 15459.23, "timesteps": 530158, "cpu_memory": 8.51, "cpu_percent": 28.5, "learning_rate": 0.00025, "loss_mean": 0.29, "n_updates": 0}, {"reward": 700, "eps": 0.1, "len": 186, "time": 15464.72, "timesteps": 530344, "cpu_memory": 8.51, "cpu_percent": 28.5, "learning_rate": 0.00025, "loss_mean": 0.3, "n_updates": 0}, {"reward": 1020, "eps": 0.1, "len": 240, "time": 15471.75, "timesteps": 530584, "cpu_memory": 8.51, "cpu_percent": 28.5, "learning_rate": 0.00025, "loss_mean": 0.29, "n_updates": 0}, {"reward": 800, "eps": 0.1, "len": 262, "time": 15479.55, "timesteps": 530846, "cpu_memory": 8.52, "cpu_percent": 28.6, "learning_rate": 0.00025, "loss_mean": 0.29, "n_updates": 0}, {"reward": 1030, "eps": 0.1, "len": 263, "time": 15487.24, "timesteps": 531109, "cpu_memory": 8.52, "cpu_percent": 28.6, "learning_rate": 0.00025, "loss_mean": 0.29, "n_updates": 0}, {"reward": 740, "eps": 0.1, "len": 211, "time": 15493.38, "timesteps": 531320, "cpu_memory": 8.52, "cpu_percent": 28.6, "learning_rate": 0.00025, "loss_mean": 0.29, "n_updates": 0}, {"reward": 1120, "eps": 0.1, "len": 268, "time": 15501.31, "timesteps": 531588, "cpu_memory": 8.52, "cpu_percent": 28.6, "learning_rate": 0.00025, "loss_mean": 0.29, "n_updates": 0}, {"reward": 670, "eps": 0.1, "len": 198, "time": 15507.18, "timesteps": 531786, "cpu_memory": 8.52, "cpu_percent": 28.6, "learning_rate": 0.00025, "loss_mean": 0.29, "n_updates": 0}, {"reward": 490, "eps": 0.1, "len": 180, "time": 15512.5, "timesteps": 531966, "cpu_memory": 8.52, "cpu_percent": 28.6, "learning_rate": 0.00025, "loss_mean": 0.28, "n_updates": 0}, {"reward": 1130, "eps": 0.1, "len": 289, "time": 15520.93, "timesteps": 532255, "cpu_memory": 8.53, "cpu_percent": 28.6, "learning_rate": 0.00025, "loss_mean": 0.28, "n_updates": 0}, {"reward": 740, "eps": 0.1, "len": 235, "time": 15527.76, "timesteps": 532490, "cpu_memory": 8.53, "cpu_percent": 28.6, "learning_rate": 0.00025, "loss_mean": 0.27, "n_updates": 0}, {"reward": 640, "eps": 0.1, "len": 159, "time": 15532.42, "timesteps": 532649, "cpu_memory": 8.53, "cpu_percent": 28.6, "learning_rate": 0.00025, "loss_mean": 0.29, "n_updates": 0}, {"reward": 840, "eps": 0.1, "len": 213, "time": 15538.78, "timesteps": 532862, "cpu_memory": 8.53, "cpu_percent": 28.6, "learning_rate": 0.00025, "loss_mean": 0.26, "n_updates": 0}, {"reward": 790, "eps": 0.1, "len": 203, "time": 15544.82, "timesteps": 533065, "cpu_memory": 8.53, "cpu_percent": 28.6, "learning_rate": 0.00025, "loss_mean": 0.28, "n_updates": 0}, {"reward": 710, "eps": 0.1, "len": 177, "time": 15550.07, "timesteps": 533242, "cpu_memory": 8.53, "cpu_percent": 28.6, "learning_rate": 0.00025, "loss_mean": 0.28, "n_updates": 0}, {"reward": 640, "eps": 0.1, "len": 157, "time": 15554.73, "timesteps": 533399, "cpu_memory": 8.54, "cpu_percent": 28.6, "learning_rate": 0.00025, "loss_mean": 0.27, "n_updates": 0}, {"reward": 1180, "eps": 0.1, "len": 244, "time": 15561.82, "timesteps": 533643, "cpu_memory": 8.54, "cpu_percent": 28.6, "learning_rate": 0.00025, "loss_mean": 0.27, "n_updates": 0}, {"reward": 820, "eps": 0.1, "len": 226, "time": 15568.39, "timesteps": 533869, "cpu_memory": 8.54, "cpu_percent": 28.6, "learning_rate": 0.00025, "loss_mean": 0.28, "n_updates": 0}, {"reward": 570, "eps": 0.1, "len": 146, "time": 15572.7, "timesteps": 534015, "cpu_memory": 8.54, "cpu_percent": 28.6, "learning_rate": 0.00025, "loss_mean": 0.27, "n_updates": 0}, {"reward": 520, "eps": 0.1, "len": 150, "time": 15577.22, "timesteps": 534165, "cpu_memory": 8.54, "cpu_percent": 28.6, "learning_rate": 0.00025, "loss_mean": 0.28, "n_updates": 0}, {"reward": 910, "eps": 0.1, "len": 221, "time": 15583.64, "timesteps": 534386, "cpu_memory": 8.54, "cpu_percent": 28.6, "learning_rate": 0.00025, "loss_mean": 0.29, "n_updates": 0}, {"reward": 710, "eps": 0.1, "len": 200, "time": 15589.46, "timesteps": 534586, "cpu_memory": 8.54, "cpu_percent": 28.6, "learning_rate": 0.00025, "loss_mean": 0.29, "n_updates": 0}, {"reward": 720, "eps": 0.1, "len": 187, "time": 15594.94, "timesteps": 534773, "cpu_memory": 8.55, "cpu_percent": 28.6, "learning_rate": 0.00025, "loss_mean": 0.28, "n_updates": 0}, {"reward": 1030, "eps": 0.1, "len": 210, "time": 15601.04, "timesteps": 534983, "cpu_memory": 8.55, "cpu_percent": 28.6, "learning_rate": 0.00025, "loss_mean": 0.28, "n_updates": 0}, {"reward": 630, "eps": 0.1, "len": 172, "time": 15606.16, "timesteps": 535155, "cpu_memory": 8.55, "cpu_percent": 28.7, "learning_rate": 0.00025, "loss_mean": 0.26, "n_updates": 0}, {"reward": 620, "eps": 0.1, "len": 129, "time": 15610.06, "timesteps": 535284, "cpu_memory": 8.55, "cpu_percent": 28.7, "learning_rate": 0.00025, "loss_mean": 0.28, "n_updates": 0}, {"reward": 1060, "eps": 0.1, "len": 231, "time": 15616.74, "timesteps": 535515, "cpu_memory": 8.55, "cpu_percent": 28.7, "learning_rate": 0.00025, "loss_mean": 0.28, "n_updates": 0}, {"reward": 730, "eps": 0.1, "len": 146, "time": 15621.03, "timesteps": 535661, "cpu_memory": 8.55, "cpu_percent": 28.7, "learning_rate": 0.00025, "loss_mean": 0.28, "n_updates": 0}, {"reward": 1230, "eps": 0.1, "len": 338, "time": 15630.98, "timesteps": 535999, "cpu_memory": 8.56, "cpu_percent": 28.7, "learning_rate": 0.00025, "loss_mean": 0.29, "n_updates": 0}, {"reward": 650, "eps": 0.1, "len": 166, "time": 15635.96, "timesteps": 536165, "cpu_memory": 8.56, "cpu_percent": 28.7, "learning_rate": 0.00025, "loss_mean": 0.27, "n_updates": 0}, {"reward": 950, "eps": 0.1, "len": 238, "time": 15642.88, "timesteps": 536403, "cpu_memory": 8.56, "cpu_percent": 28.7, "learning_rate": 0.00025, "loss_mean": 0.28, "n_updates": 0}, {"reward": 580, "eps": 0.1, "len": 129, "time": 15646.67, "timesteps": 536532, "cpu_memory": 8.56, "cpu_percent": 28.7, "learning_rate": 0.00025, "loss_mean": 0.29, "n_updates": 0}, {"reward": 1360, "eps": 0.1, "len": 308, "time": 15655.54, "timesteps": 536840, "cpu_memory": 8.56, "cpu_percent": 28.7, "learning_rate": 0.00025, "loss_mean": 0.26, "n_updates": 0}, {"reward": 400, "eps": 0.1, "len": 134, "time": 15659.63, "timesteps": 536974, "cpu_memory": 8.56, "cpu_percent": 28.7, "learning_rate": 0.00025, "loss_mean": 0.27, "n_updates": 0}, {"reward": 1190, "eps": 0.1, "len": 257, "time": 15667.3, "timesteps": 537231, "cpu_memory": 8.57, "cpu_percent": 28.7, "learning_rate": 0.00025, "loss_mean": 0.28, "n_updates": 0}, {"reward": 700, "eps": 0.1, "len": 181, "time": 15672.47, "timesteps": 537412, "cpu_memory": 8.57, "cpu_percent": 28.7, "learning_rate": 0.00025, "loss_mean": 0.28, "n_updates": 0}, {"reward": 1050, "eps": 0.1, "len": 245, "time": 15679.5, "timesteps": 537657, "cpu_memory": 8.57, "cpu_percent": 28.7, "learning_rate": 0.00025, "loss_mean": 0.28, "n_updates": 0}, {"reward": 1500, "eps": 0.1, "len": 352, "time": 15689.78, "timesteps": 538009, "cpu_memory": 8.57, "cpu_percent": 28.7, "learning_rate": 0.00025, "loss_mean": 0.27, "n_updates": 0}, {"reward": 1070, "eps": 0.1, "len": 272, "time": 15697.74, "timesteps": 538281, "cpu_memory": 8.57, "cpu_percent": 28.8, "learning_rate": 0.00025, "loss_mean": 0.29, "n_updates": 0}, {"reward": 860, "eps": 0.1, "len": 254, "time": 15705.23, "timesteps": 538535, "cpu_memory": 8.58, "cpu_percent": 28.8, "learning_rate": 0.00025, "loss_mean": 0.27, "n_updates": 0}, {"reward": 640, "eps": 0.1, "len": 167, "time": 15710.12, "timesteps": 538702, "cpu_memory": 8.58, "cpu_percent": 28.8, "learning_rate": 0.00025, "loss_mean": 0.26, "n_updates": 0}, {"reward": 1000, "eps": 0.1, "len": 207, "time": 15716.17, "timesteps": 538909, "cpu_memory": 8.58, "cpu_percent": 28.8, "learning_rate": 0.00025, "loss_mean": 0.28, "n_updates": 0}, {"reward": 810, "eps": 0.1, "len": 209, "time": 15722.37, "timesteps": 539118, "cpu_memory": 8.58, "cpu_percent": 28.8, "learning_rate": 0.00025, "loss_mean": 0.28, "n_updates": 0}]