[{"reward": 860, "eps": 0.1, "len": 205, "time": 16336.05, "timesteps": 559941, "cpu_memory": 8.74, "cpu_percent": 29.4, "learning_rate": 0.00025, "loss_mean": 0.26, "n_updates": 0}, {"reward": 730, "eps": 0.1, "len": 560145, "time": 16342.67, "timesteps": 560145, "cpu_memory": 8.75, "cpu_percent": 29.3, "learning_rate": 0.00025, "loss_mean": 0.27, "n_updates": 0}, {"reward": 890, "eps": 0.1, "len": 204, "time": 16348.62, "timesteps": 560349, "cpu_memory": 8.75, "cpu_percent": 29.3, "learning_rate": 0.00025, "loss_mean": 0.28, "n_updates": 0}, {"reward": 650, "eps": 0.1, "len": 175, "time": 16353.74, "timesteps": 560524, "cpu_memory": 8.75, "cpu_percent": 29.3, "learning_rate": 0.00025, "loss_mean": 0.27, "n_updates": 0}, {"reward": 620, "eps": 0.1, "len": 177, "time": 16359.07, "timesteps": 560701, "cpu_memory": 8.75, "cpu_percent": 29.3, "learning_rate": 0.00025, "loss_mean": 0.26, "n_updates": 0}, {"reward": 850, "eps": 0.1, "len": 236, "time": 16366.01, "timesteps": 560937, "cpu_memory": 8.76, "cpu_percent": 29.4, "learning_rate": 0.00025, "loss_mean": 0.26, "n_updates": 0}, {"reward": 950, "eps": 0.1, "len": 203, "time": 16371.97, "timesteps": 561140, "cpu_memory": 8.76, "cpu_percent": 29.4, "learning_rate": 0.00025, "loss_mean": 0.27, "n_updates": 0}, {"reward": 880, "eps": 0.1, "len": 232, "time": 16378.74, "timesteps": 561372, "cpu_memory": 8.76, "cpu_percent": 29.4, "learning_rate": 0.00025, "loss_mean": 0.26, "n_updates": 0}, {"reward": 1110, "eps": 0.1, "len": 288, "time": 16387.25, "timesteps": 561660, "cpu_memory": 8.76, "cpu_percent": 29.4, "learning_rate": 0.00025, "loss_mean": 0.26, "n_updates": 0}, {"reward": 860, "eps": 0.1, "len": 226, "time": 16393.84, "timesteps": 561886, "cpu_memory": 8.76, "cpu_percent": 29.4, "learning_rate": 0.00025, "loss_mean": 0.27, "n_updates": 0}, {"reward": 1160, "eps": 0.1, "len": 291, "time": 16402.39, "timesteps": 562177, "cpu_memory": 8.77, "cpu_percent": 29.4, "learning_rate": 0.00025, "loss_mean": 0.28, "n_updates": 0}, {"reward": 470, "eps": 0.1, "len": 111, "time": 16405.67, "timesteps": 562288, "cpu_memory": 8.77, "cpu_percent": 29.4, "learning_rate": 0.00025, "loss_mean": 0.27, "n_updates": 0}, {"reward": 920, "eps": 0.1, "len": 197, "time": 16411.31, "timesteps": 562485, "cpu_memory": 8.77, "cpu_percent": 29.4, "learning_rate": 0.00025, "loss_mean": 0.26, "n_updates": 0}, {"reward": 740, "eps": 0.1, "len": 180, "time": 16416.64, "timesteps": 562665, "cpu_memory": 8.77, "cpu_percent": 29.4, "learning_rate": 0.00025, "loss_mean": 0.26, "n_updates": 0}, {"reward": 930, "eps": 0.1, "len": 258, "time": 16424.31, "timesteps": 562923, "cpu_memory": 8.77, "cpu_percent": 29.4, "learning_rate": 0.00025, "loss_mean": 0.26, "n_updates": 0}, {"reward": 870, "eps": 0.1, "len": 233, "time": 16431.01, "timesteps": 563156, "cpu_memory": 8.77, "cpu_percent": 29.4, "learning_rate": 0.00025, "loss_mean": 0.27, "n_updates": 0}, {"reward": 580, "eps": 0.1, "len": 178, "time": 16436.3, "timesteps": 563334, "cpu_memory": 8.77, "cpu_percent": 29.4, "learning_rate": 0.00025, "loss_mean": 0.26, "n_updates": 0}, {"reward": 880, "eps": 0.1, "len": 228, "time": 16442.98, "timesteps": 563562, "cpu_memory": 8.78, "cpu_percent": 29.4, "learning_rate": 0.00025, "loss_mean": 0.26, "n_updates": 0}, {"reward": 530, "eps": 0.1, "len": 149, "time": 16447.39, "timesteps": 563711, "cpu_memory": 8.78, "cpu_percent": 29.4, "learning_rate": 0.00025, "loss_mean": 0.27, "n_updates": 0}, {"reward": 850, "eps": 0.1, "len": 217, "time": 16453.87, "timesteps": 563928, "cpu_memory": 8.78, "cpu_percent": 29.4, "learning_rate": 0.00025, "loss_mean": 0.26, "n_updates": 0}, {"reward": 1090, "eps": 0.1, "len": 251, "time": 16461.16, "timesteps": 564179, "cpu_memory": 8.78, "cpu_percent": 29.4, "learning_rate": 0.00025, "loss_mean": 0.25, "n_updates": 0}, {"reward": 1170, "eps": 0.1, "len": 262, "time": 16468.84, "timesteps": 564441, "cpu_memory": 8.78, "cpu_percent": 29.4, "learning_rate": 0.00025, "loss_mean": 0.27, "n_updates": 0}, {"reward": 800, "eps": 0.1, "len": 210, "time": 16475.17, "timesteps": 564651, "cpu_memory": 8.79, "cpu_percent": 29.4, "learning_rate": 0.00025, "loss_mean": 0.27, "n_updates": 0}, {"reward": 1030, "eps": 0.1, "len": 277, "time": 16483.48, "timesteps": 564928, "cpu_memory": 8.79, "cpu_percent": 29.4, "learning_rate": 0.00025, "loss_mean": 0.27, "n_updates": 0}, {"reward": 390, "eps": 0.1, "len": 109, "time": 16486.78, "timesteps": 565037, "cpu_memory": 8.79, "cpu_percent": 29.4, "learning_rate": 0.00025, "loss_mean": 0.28, "n_updates": 0}, {"reward": 700, "eps": 0.1, "len": 190, "time": 16492.4, "timesteps": 565227, "cpu_memory": 8.79, "cpu_percent": 29.4, "learning_rate": 0.00025, "loss_mean": 0.26, "n_updates": 0}, {"reward": 720, "eps": 0.1, "len": 196, "time": 16498.27, "timesteps": 565423, "cpu_memory": 8.79, "cpu_percent": 29.4, "learning_rate": 0.00025, "loss_mean": 0.26, "n_updates": 0}, {"reward": 1320, "eps": 0.1, "len": 324, "time": 16507.63, "timesteps": 565747, "cpu_memory": 8.79, "cpu_percent": 29.4, "learning_rate": 0.00025, "loss_mean": 0.27, "n_updates": 0}, {"reward": 770, "eps": 0.1, "len": 203, "time": 16513.74, "timesteps": 565950, "cpu_memory": 8.8, "cpu_percent": 29.5, "learning_rate": 0.00025, "loss_mean": 0.27, "n_updates": 0}, {"reward": 1310, "eps": 0.1, "len": 263, "time": 16521.38, "timesteps": 566213, "cpu_memory": 8.8, "cpu_percent": 29.5, "learning_rate": 0.00025, "loss_mean": 0.25, "n_updates": 0}, {"reward": 670, "eps": 0.1, "len": 159, "time": 16526.22, "timesteps": 566372, "cpu_memory": 8.8, "cpu_percent": 29.5, "learning_rate": 0.00025, "loss_mean": 0.26, "n_updates": 0}, {"reward": 980, "eps": 0.1, "len": 279, "time": 16534.31, "timesteps": 566651, "cpu_memory": 8.8, "cpu_percent": 29.5, "learning_rate": 0.00025, "loss_mean": 0.26, "n_updates": 0}, {"reward": 1050, "eps": 0.1, "len": 257, "time": 16541.74, "timesteps": 566908, "cpu_memory": 8.8, "cpu_percent": 29.5, "learning_rate": 0.00025, "loss_mean": 0.25, "n_updates": 0}, {"reward": 1280, "eps": 0.1, "len": 391, "time": 16553.23, "timesteps": 567299, "cpu_memory": 8.81, "cpu_percent": 29.5, "learning_rate": 0.00025, "loss_mean": 0.26, "n_updates": 0}, {"reward": 560, "eps": 0.1, "len": 154, "time": 16557.96, "timesteps": 567453, "cpu_memory": 8.81, "cpu_percent": 29.5, "learning_rate": 0.00025, "loss_mean": 0.25, "n_updates": 0}, {"reward": 1370, "eps": 0.1, "len": 339, "time": 16567.96, "timesteps": 567792, "cpu_memory": 8.81, "cpu_percent": 29.5, "learning_rate": 0.00025, "loss_mean": 0.26, "n_updates": 0}, {"reward": 1020, "eps": 0.1, "len": 186, "time": 16573.39, "timesteps": 567978, "cpu_memory": 8.81, "cpu_percent": 29.5, "learning_rate": 0.00025, "loss_mean": 0.26, "n_updates": 0}, {"reward": 610, "eps": 0.1, "len": 182, "time": 16578.9, "timesteps": 568160, "cpu_memory": 8.81, "cpu_percent": 29.6, "learning_rate": 0.00025, "loss_mean": 0.27, "n_updates": 0}, {"reward": 1080, "eps": 0.1, "len": 246, "time": 16585.97, "timesteps": 568406, "cpu_memory": 8.81, "cpu_percent": 29.6, "learning_rate": 0.00025, "loss_mean": 0.27, "n_updates": 0}, {"reward": 1130, "eps": 0.1, "len": 255, "time": 16593.5, "timesteps": 568661, "cpu_memory": 8.82, "cpu_percent": 29.6, "learning_rate": 0.00025, "loss_mean": 0.26, "n_updates": 0}, {"reward": 700, "eps": 0.1, "len": 198, "time": 16599.34, "timesteps": 568859, "cpu_memory": 8.82, "cpu_percent": 29.6, "learning_rate": 0.00025, "loss_mean": 0.26, "n_updates": 0}, {"reward": 910, "eps": 0.1, "len": 234, "time": 16606.27, "timesteps": 569093, "cpu_memory": 8.82, "cpu_percent": 29.6, "learning_rate": 0.00025, "loss_mean": 0.27, "n_updates": 0}, {"reward": 700, "eps": 0.1, "len": 167, "time": 16611.23, "timesteps": 569260, "cpu_memory": 8.82, "cpu_percent": 29.6, "learning_rate": 0.00025, "loss_mean": 0.27, "n_updates": 0}, {"reward": 810, "eps": 0.1, "len": 170, "time": 16616.14, "timesteps": 569430, "cpu_memory": 8.82, "cpu_percent": 29.6, "learning_rate": 0.00025, "loss_mean": 0.27, "n_updates": 0}, {"reward": 1120, "eps": 0.1, "len": 248, "time": 16623.39, "timesteps": 569678, "cpu_memory": 8.82, "cpu_percent": 29.6, "learning_rate": 0.00025, "loss_mean": 0.25, "n_updates": 0}]