[{"reward": 860, "eps": 0.4831, "len": 253, "time": 6264.06, "timesteps": 229848, "cpu_memory": 6.23, "cpu_percent": 21.2, "learning_rate": 0.00025, "loss_mean": 0.39, "n_updates": 0}, {"reward": 1050, "eps": 0.4825, "len": 230117, "time": 6272.34, "timesteps": 230117, "cpu_memory": 6.24, "cpu_percent": 21.3, "learning_rate": 0.00025, "loss_mean": 0.4, "n_updates": 0}, {"reward": 310, "eps": 0.4821, "len": 120, "time": 6275.75, "timesteps": 230237, "cpu_memory": 6.24, "cpu_percent": 21.3, "learning_rate": 0.00025, "loss_mean": 0.39, "n_updates": 0}, {"reward": 900, "eps": 0.4817, "len": 270, "time": 6283.19, "timesteps": 230507, "cpu_memory": 6.24, "cpu_percent": 21.3, "learning_rate": 0.00025, "loss_mean": 0.39, "n_updates": 0}, {"reward": 250, "eps": 0.4813, "len": 94, "time": 6285.84, "timesteps": 230601, "cpu_memory": 6.24, "cpu_percent": 21.3, "learning_rate": 0.00025, "loss_mean": 0.4, "n_updates": 0}, {"reward": 660, "eps": 0.4809, "len": 213, "time": 6291.73, "timesteps": 230814, "cpu_memory": 6.24, "cpu_percent": 21.3, "learning_rate": 0.00025, "loss_mean": 0.41, "n_updates": 0}, {"reward": 570, "eps": 0.4805, "len": 151, "time": 6295.95, "timesteps": 230965, "cpu_memory": 6.24, "cpu_percent": 21.3, "learning_rate": 0.00025, "loss_mean": 0.41, "n_updates": 0}, {"reward": 700, "eps": 0.4801, "len": 235, "time": 6302.56, "timesteps": 231200, "cpu_memory": 6.24, "cpu_percent": 21.3, "learning_rate": 0.00025, "loss_mean": 0.38, "n_updates": 0}, {"reward": 850, "eps": 0.4796, "len": 218, "time": 6308.61, "timesteps": 231418, "cpu_memory": 6.25, "cpu_percent": 21.3, "learning_rate": 0.00025, "loss_mean": 0.39, "n_updates": 0}, {"reward": 680, "eps": 0.4791, "len": 204, "time": 6314.4, "timesteps": 231622, "cpu_memory": 6.25, "cpu_percent": 21.3, "learning_rate": 0.00025, "loss_mean": 0.41, "n_updates": 0}, {"reward": 870, "eps": 0.4786, "len": 241, "time": 6321.09, "timesteps": 231863, "cpu_memory": 6.25, "cpu_percent": 21.3, "learning_rate": 0.00025, "loss_mean": 0.37, "n_updates": 0}, {"reward": 620, "eps": 0.4781, "len": 199, "time": 6326.71, "timesteps": 232062, "cpu_memory": 6.25, "cpu_percent": 21.3, "learning_rate": 0.00025, "loss_mean": 0.39, "n_updates": 0}, {"reward": 730, "eps": 0.4776, "len": 194, "time": 6332.04, "timesteps": 232256, "cpu_memory": 6.25, "cpu_percent": 21.3, "learning_rate": 0.00025, "loss_mean": 0.36, "n_updates": 0}, {"reward": 650, "eps": 0.4773, "len": 143, "time": 6336.04, "timesteps": 232399, "cpu_memory": 6.25, "cpu_percent": 21.3, "learning_rate": 0.00025, "loss_mean": 0.37, "n_updates": 0}, {"reward": 690, "eps": 0.4769, "len": 202, "time": 6341.67, "timesteps": 232601, "cpu_memory": 6.25, "cpu_percent": 21.3, "learning_rate": 0.00025, "loss_mean": 0.38, "n_updates": 0}, {"reward": 660, "eps": 0.4764, "len": 223, "time": 6347.8, "timesteps": 232824, "cpu_memory": 6.25, "cpu_percent": 21.3, "learning_rate": 0.00025, "loss_mean": 0.38, "n_updates": 0}, {"reward": 420, "eps": 0.476, "len": 172, "time": 6352.58, "timesteps": 232996, "cpu_memory": 6.26, "cpu_percent": 21.3, "learning_rate": 0.00025, "loss_mean": 0.4, "n_updates": 0}, {"reward": 840, "eps": 0.4755, "len": 260, "time": 6359.92, "timesteps": 233256, "cpu_memory": 6.26, "cpu_percent": 21.3, "learning_rate": 0.00025, "loss_mean": 0.38, "n_updates": 0}, {"reward": 410, "eps": 0.475, "len": 171, "time": 6364.7, "timesteps": 233427, "cpu_memory": 6.26, "cpu_percent": 21.4, "learning_rate": 0.00025, "loss_mean": 0.4, "n_updates": 0}, {"reward": 570, "eps": 0.4746, "len": 207, "time": 6370.49, "timesteps": 233634, "cpu_memory": 6.26, "cpu_percent": 21.4, "learning_rate": 0.00025, "loss_mean": 0.38, "n_updates": 0}, {"reward": 720, "eps": 0.4741, "len": 202, "time": 6376.03, "timesteps": 233836, "cpu_memory": 6.26, "cpu_percent": 21.4, "learning_rate": 0.00025, "loss_mean": 0.38, "n_updates": 0}, {"reward": 730, "eps": 0.4737, "len": 184, "time": 6381.11, "timesteps": 234020, "cpu_memory": 6.26, "cpu_percent": 21.4, "learning_rate": 0.00025, "loss_mean": 0.37, "n_updates": 0}, {"reward": 650, "eps": 0.4732, "len": 243, "time": 6387.87, "timesteps": 234263, "cpu_memory": 6.27, "cpu_percent": 21.4, "learning_rate": 0.00025, "loss_mean": 0.35, "n_updates": 0}, {"reward": 1040, "eps": 0.4726, "len": 267, "time": 6395.48, "timesteps": 234530, "cpu_memory": 6.27, "cpu_percent": 21.4, "learning_rate": 0.00025, "loss_mean": 0.38, "n_updates": 0}, {"reward": 380, "eps": 0.4722, "len": 127, "time": 6398.92, "timesteps": 234657, "cpu_memory": 6.27, "cpu_percent": 21.4, "learning_rate": 0.00025, "loss_mean": 0.4, "n_updates": 0}, {"reward": 650, "eps": 0.4718, "len": 206, "time": 6404.7, "timesteps": 234863, "cpu_memory": 6.27, "cpu_percent": 21.4, "learning_rate": 0.00025, "loss_mean": 0.38, "n_updates": 0}, {"reward": 820, "eps": 0.4713, "len": 251, "time": 6411.66, "timesteps": 235114, "cpu_memory": 6.27, "cpu_percent": 21.4, "learning_rate": 0.00025, "loss_mean": 0.39, "n_updates": 0}, {"reward": 560, "eps": 0.4708, "len": 184, "time": 6416.8, "timesteps": 235298, "cpu_memory": 6.27, "cpu_percent": 21.4, "learning_rate": 0.00025, "loss_mean": 0.44, "n_updates": 0}, {"reward": 640, "eps": 0.4704, "len": 186, "time": 6422.19, "timesteps": 235484, "cpu_memory": 6.27, "cpu_percent": 21.4, "learning_rate": 0.00025, "loss_mean": 0.42, "n_updates": 0}, {"reward": 630, "eps": 0.47, "len": 163, "time": 6426.81, "timesteps": 235647, "cpu_memory": 6.27, "cpu_percent": 21.4, "learning_rate": 0.00025, "loss_mean": 0.37, "n_updates": 0}, {"reward": 990, "eps": 0.4695, "len": 296, "time": 6435.0, "timesteps": 235943, "cpu_memory": 6.28, "cpu_percent": 21.4, "learning_rate": 0.00025, "loss_mean": 0.39, "n_updates": 0}, {"reward": 590, "eps": 0.4689, "len": 193, "time": 6440.28, "timesteps": 236136, "cpu_memory": 6.28, "cpu_percent": 21.4, "learning_rate": 0.00025, "loss_mean": 0.39, "n_updates": 0}, {"reward": 600, "eps": 0.4685, "len": 189, "time": 6445.65, "timesteps": 236325, "cpu_memory": 6.28, "cpu_percent": 21.3, "learning_rate": 0.00025, "loss_mean": 0.42, "n_updates": 0}, {"reward": 940, "eps": 0.468, "len": 248, "time": 6452.67, "timesteps": 236573, "cpu_memory": 6.28, "cpu_percent": 21.3, "learning_rate": 0.00025, "loss_mean": 0.38, "n_updates": 0}, {"reward": 540, "eps": 0.4676, "len": 139, "time": 6456.6, "timesteps": 236712, "cpu_memory": 6.28, "cpu_percent": 21.3, "learning_rate": 0.00025, "loss_mean": 0.35, "n_updates": 0}, {"reward": 540, "eps": 0.4672, "len": 142, "time": 6460.56, "timesteps": 236854, "cpu_memory": 6.28, "cpu_percent": 21.3, "learning_rate": 0.00025, "loss_mean": 0.37, "n_updates": 0}, {"reward": 810, "eps": 0.4668, "len": 207, "time": 6466.32, "timesteps": 237061, "cpu_memory": 6.28, "cpu_percent": 21.4, "learning_rate": 0.00025, "loss_mean": 0.37, "n_updates": 0}, {"reward": 650, "eps": 0.4664, "len": 162, "time": 6470.84, "timesteps": 237223, "cpu_memory": 6.29, "cpu_percent": 21.3, "learning_rate": 0.00025, "loss_mean": 0.37, "n_updates": 0}, {"reward": 920, "eps": 0.4659, "len": 270, "time": 6478.29, "timesteps": 237493, "cpu_memory": 6.29, "cpu_percent": 21.3, "learning_rate": 0.00025, "loss_mean": 0.36, "n_updates": 0}, {"reward": 900, "eps": 0.4654, "len": 246, "time": 6485.33, "timesteps": 237739, "cpu_memory": 6.29, "cpu_percent": 21.3, "learning_rate": 0.00025, "loss_mean": 0.38, "n_updates": 0}, {"reward": 650, "eps": 0.4649, "len": 176, "time": 6490.18, "timesteps": 237915, "cpu_memory": 6.29, "cpu_percent": 21.3, "learning_rate": 0.00025, "loss_mean": 0.4, "n_updates": 0}, {"reward": 710, "eps": 0.4644, "len": 222, "time": 6496.36, "timesteps": 238137, "cpu_memory": 6.29, "cpu_percent": 21.3, "learning_rate": 0.00025, "loss_mean": 0.37, "n_updates": 0}, {"reward": 940, "eps": 0.4639, "len": 227, "time": 6502.72, "timesteps": 238364, "cpu_memory": 6.29, "cpu_percent": 21.3, "learning_rate": 0.00025, "loss_mean": 0.36, "n_updates": 0}, {"reward": 780, "eps": 0.4635, "len": 194, "time": 6508.17, "timesteps": 238558, "cpu_memory": 6.3, "cpu_percent": 21.4, "learning_rate": 0.00025, "loss_mean": 0.38, "n_updates": 0}, {"reward": 830, "eps": 0.4629, "len": 305, "time": 6516.84, "timesteps": 238863, "cpu_memory": 6.3, "cpu_percent": 21.4, "learning_rate": 0.00025, "loss_mean": 0.37, "n_updates": 0}, {"reward": 470, "eps": 0.4624, "len": 149, "time": 6521.01, "timesteps": 239012, "cpu_memory": 6.3, "cpu_percent": 21.4, "learning_rate": 0.00025, "loss_mean": 0.36, "n_updates": 0}, {"reward": 780, "eps": 0.462, "len": 228, "time": 6527.47, "timesteps": 239240, "cpu_memory": 6.3, "cpu_percent": 21.4, "learning_rate": 0.00025, "loss_mean": 0.38, "n_updates": 0}, {"reward": 1070, "eps": 0.4614, "len": 263, "time": 6534.72, "timesteps": 239503, "cpu_memory": 6.3, "cpu_percent": 21.4, "learning_rate": 0.00025, "loss_mean": 0.41, "n_updates": 0}, {"reward": 900, "eps": 0.4608, "len": 313, "time": 6543.24, "timesteps": 239816, "cpu_memory": 6.3, "cpu_percent": 21.4, "learning_rate": 0.00025, "loss_mean": 0.42, "n_updates": 0}]