[{"reward": 340, "eps": 0.1912, "len": 98, "time": 10026.59, "timesteps": 359499, "cpu_memory": 7.18, "cpu_percent": 24.3, "learning_rate": 0.00025, "loss_mean": 0.36, "n_updates": 0}, {"reward": 1130, "eps": 0.1908, "len": 268, "time": 10034.72, "timesteps": 359767, "cpu_memory": 7.18, "cpu_percent": 24.3, "learning_rate": 0.00025, "loss_mean": 0.36, "n_updates": 0}, {"reward": 650, "eps": 0.1903, "len": 178, "time": 10040.15, "timesteps": 359945, "cpu_memory": 7.18, "cpu_percent": 24.3, "learning_rate": 0.00025, "loss_mean": 0.37, "n_updates": 0}, {"reward": 940, "eps": 0.1898, "len": 260, "time": 10048.6, "timesteps": 360205, "cpu_memory": 7.22, "cpu_percent": 24.3, "learning_rate": 0.00025, "loss_mean": 0.35, "n_updates": 0}, {"reward": 660, "eps": 0.1893, "len": 186, "time": 10054.27, "timesteps": 360391, "cpu_memory": 7.22, "cpu_percent": 24.3, "learning_rate": 0.00025, "loss_mean": 0.35, "n_updates": 0}, {"reward": 790, "eps": 0.1889, "len": 239, "time": 10061.65, "timesteps": 360630, "cpu_memory": 7.22, "cpu_percent": 24.3, "learning_rate": 0.00025, "loss_mean": 0.38, "n_updates": 0}, {"reward": 820, "eps": 0.1883, "len": 228, "time": 10068.5, "timesteps": 360858, "cpu_memory": 7.22, "cpu_percent": 24.4, "learning_rate": 0.00025, "loss_mean": 0.37, "n_updates": 0}, {"reward": 760, "eps": 0.1878, "len": 201, "time": 10074.44, "timesteps": 361059, "cpu_memory": 7.22, "cpu_percent": 24.4, "learning_rate": 0.00025, "loss_mean": 0.37, "n_updates": 0}, {"reward": 1340, "eps": 0.1873, "len": 305, "time": 10083.34, "timesteps": 361364, "cpu_memory": 7.23, "cpu_percent": 24.4, "learning_rate": 0.00025, "loss_mean": 0.35, "n_updates": 0}, {"reward": 810, "eps": 0.1867, "len": 222, "time": 10090.03, "timesteps": 361586, "cpu_memory": 7.23, "cpu_percent": 24.4, "learning_rate": 0.00025, "loss_mean": 0.35, "n_updates": 0}, {"reward": 770, "eps": 0.1862, "len": 193, "time": 10095.85, "timesteps": 361779, "cpu_memory": 7.23, "cpu_percent": 24.4, "learning_rate": 0.00025, "loss_mean": 0.34, "n_updates": 0}, {"reward": 880, "eps": 0.1857, "len": 253, "time": 10103.39, "timesteps": 362032, "cpu_memory": 7.23, "cpu_percent": 24.4, "learning_rate": 0.00025, "loss_mean": 0.35, "n_updates": 0}, {"reward": 460, "eps": 0.1853, "len": 132, "time": 10107.37, "timesteps": 362164, "cpu_memory": 7.23, "cpu_percent": 24.4, "learning_rate": 0.00025, "loss_mean": 0.34, "n_updates": 0}, {"reward": 740, "eps": 0.1849, "len": 180, "time": 10112.75, "timesteps": 362344, "cpu_memory": 7.23, "cpu_percent": 24.4, "learning_rate": 0.00025, "loss_mean": 0.33, "n_updates": 0}, {"reward": 1060, "eps": 0.1844, "len": 286, "time": 10121.45, "timesteps": 362630, "cpu_memory": 7.24, "cpu_percent": 24.5, "learning_rate": 0.00025, "loss_mean": 0.36, "n_updates": 0}, {"reward": 1030, "eps": 0.1838, "len": 283, "time": 10130.01, "timesteps": 362913, "cpu_memory": 7.24, "cpu_percent": 24.5, "learning_rate": 0.00025, "loss_mean": 0.35, "n_updates": 0}, {"reward": 1050, "eps": 0.1832, "len": 234, "time": 10137.04, "timesteps": 363147, "cpu_memory": 7.24, "cpu_percent": 24.5, "learning_rate": 0.00025, "loss_mean": 0.38, "n_updates": 0}, {"reward": 640, "eps": 0.1827, "len": 185, "time": 10142.53, "timesteps": 363332, "cpu_memory": 7.24, "cpu_percent": 24.5, "learning_rate": 0.00025, "loss_mean": 0.37, "n_updates": 0}, {"reward": 800, "eps": 0.1823, "len": 203, "time": 10148.64, "timesteps": 363535, "cpu_memory": 7.24, "cpu_percent": 24.5, "learning_rate": 0.00025, "loss_mean": 0.36, "n_updates": 0}, {"reward": 980, "eps": 0.1818, "len": 241, "time": 10155.87, "timesteps": 363776, "cpu_memory": 7.25, "cpu_percent": 24.5, "learning_rate": 0.00025, "loss_mean": 0.37, "n_updates": 0}, {"reward": 580, "eps": 0.1813, "len": 166, "time": 10160.85, "timesteps": 363942, "cpu_memory": 7.25, "cpu_percent": 24.5, "learning_rate": 0.00025, "loss_mean": 0.34, "n_updates": 0}, {"reward": 810, "eps": 0.1808, "len": 279, "time": 10169.11, "timesteps": 364221, "cpu_memory": 7.25, "cpu_percent": 24.5, "learning_rate": 0.00025, "loss_mean": 0.34, "n_updates": 0}, {"reward": 780, "eps": 0.1803, "len": 197, "time": 10175.09, "timesteps": 364418, "cpu_memory": 7.25, "cpu_percent": 24.5, "learning_rate": 0.00025, "loss_mean": 0.34, "n_updates": 0}, {"reward": 630, "eps": 0.1798, "len": 217, "time": 10181.58, "timesteps": 364635, "cpu_memory": 7.25, "cpu_percent": 24.5, "learning_rate": 0.00025, "loss_mean": 0.33, "n_updates": 0}, {"reward": 890, "eps": 0.1793, "len": 235, "time": 10188.71, "timesteps": 364870, "cpu_memory": 7.25, "cpu_percent": 24.5, "learning_rate": 0.00025, "loss_mean": 0.33, "n_updates": 0}, {"reward": 860, "eps": 0.1788, "len": 193, "time": 10194.57, "timesteps": 365063, "cpu_memory": 7.26, "cpu_percent": 24.5, "learning_rate": 0.00025, "loss_mean": 0.32, "n_updates": 0}, {"reward": 840, "eps": 0.1783, "len": 253, "time": 10202.09, "timesteps": 365316, "cpu_memory": 7.26, "cpu_percent": 24.5, "learning_rate": 0.00025, "loss_mean": 0.34, "n_updates": 0}, {"reward": 760, "eps": 0.1778, "len": 172, "time": 10207.29, "timesteps": 365488, "cpu_memory": 7.26, "cpu_percent": 24.5, "learning_rate": 0.00025, "loss_mean": 0.33, "n_updates": 0}, {"reward": 1040, "eps": 0.1774, "len": 231, "time": 10214.29, "timesteps": 365719, "cpu_memory": 7.26, "cpu_percent": 24.6, "learning_rate": 0.00025, "loss_mean": 0.35, "n_updates": 0}, {"reward": 730, "eps": 0.1769, "len": 180, "time": 10219.62, "timesteps": 365899, "cpu_memory": 7.26, "cpu_percent": 24.6, "learning_rate": 0.00025, "loss_mean": 0.32, "n_updates": 0}, {"reward": 240, "eps": 0.1766, "len": 112, "time": 10223.1, "timesteps": 366011, "cpu_memory": 7.26, "cpu_percent": 24.6, "learning_rate": 0.00025, "loss_mean": 0.35, "n_updates": 0}, {"reward": 920, "eps": 0.1762, "len": 278, "time": 10231.44, "timesteps": 366289, "cpu_memory": 7.26, "cpu_percent": 24.6, "learning_rate": 0.00025, "loss_mean": 0.32, "n_updates": 0}, {"reward": 430, "eps": 0.1757, "len": 157, "time": 10236.2, "timesteps": 366446, "cpu_memory": 7.27, "cpu_percent": 24.6, "learning_rate": 0.00025, "loss_mean": 0.34, "n_updates": 0}, {"reward": 1110, "eps": 0.1752, "len": 264, "time": 10244.05, "timesteps": 366710, "cpu_memory": 7.27, "cpu_percent": 24.6, "learning_rate": 0.00025, "loss_mean": 0.34, "n_updates": 0}, {"reward": 970, "eps": 0.1747, "len": 209, "time": 10250.34, "timesteps": 366919, "cpu_memory": 7.27, "cpu_percent": 24.6, "learning_rate": 0.00025, "loss_mean": 0.37, "n_updates": 0}, {"reward": 1210, "eps": 0.1741, "len": 268, "time": 10258.37, "timesteps": 367187, "cpu_memory": 7.27, "cpu_percent": 24.6, "learning_rate": 0.00025, "loss_mean": 0.35, "n_updates": 0}, {"reward": 590, "eps": 0.1737, "len": 141, "time": 10262.62, "timesteps": 367328, "cpu_memory": 7.27, "cpu_percent": 24.6, "learning_rate": 0.00025, "loss_mean": 0.35, "n_updates": 0}, {"reward": 940, "eps": 0.1733, "len": 214, "time": 10269.11, "timesteps": 367542, "cpu_memory": 7.27, "cpu_percent": 24.6, "learning_rate": 0.00025, "loss_mean": 0.34, "n_updates": 0}, {"reward": 230, "eps": 0.1729, "len": 85, "time": 10271.72, "timesteps": 367627, "cpu_memory": 7.27, "cpu_percent": 24.6, "learning_rate": 0.00025, "loss_mean": 0.34, "n_updates": 0}, {"reward": 660, "eps": 0.1726, "len": 247, "time": 10279.47, "timesteps": 367874, "cpu_memory": 7.28, "cpu_percent": 24.6, "learning_rate": 0.00025, "loss_mean": 0.35, "n_updates": 0}, {"reward": 920, "eps": 0.172, "len": 223, "time": 10286.5, "timesteps": 368097, "cpu_memory": 7.28, "cpu_percent": 24.6, "learning_rate": 0.00025, "loss_mean": 0.34, "n_updates": 0}, {"reward": 450, "eps": 0.1716, "len": 135, "time": 10290.69, "timesteps": 368232, "cpu_memory": 7.28, "cpu_percent": 24.6, "learning_rate": 0.00025, "loss_mean": 0.35, "n_updates": 0}, {"reward": 960, "eps": 0.1713, "len": 194, "time": 10296.65, "timesteps": 368426, "cpu_memory": 7.28, "cpu_percent": 24.6, "learning_rate": 0.00025, "loss_mean": 0.34, "n_updates": 0}, {"reward": 570, "eps": 0.1709, "len": 129, "time": 10300.68, "timesteps": 368555, "cpu_memory": 7.28, "cpu_percent": 24.6, "learning_rate": 0.00025, "loss_mean": 0.35, "n_updates": 0}, {"reward": 980, "eps": 0.1705, "len": 219, "time": 10307.52, "timesteps": 368774, "cpu_memory": 7.28, "cpu_percent": 24.6, "learning_rate": 0.00025, "loss_mean": 0.33, "n_updates": 0}, {"reward": 970, "eps": 0.17, "len": 263, "time": 10315.73, "timesteps": 369037, "cpu_memory": 7.29, "cpu_percent": 24.6, "learning_rate": 0.00025, "loss_mean": 0.35, "n_updates": 0}, {"reward": 1200, "eps": 0.1693, "len": 284, "time": 10324.44, "timesteps": 369321, "cpu_memory": 7.29, "cpu_percent": 24.6, "learning_rate": 0.00025, "loss_mean": 0.32, "n_updates": 0}, {"reward": 700, "eps": 0.1688, "len": 207, "time": 10330.76, "timesteps": 369528, "cpu_memory": 7.29, "cpu_percent": 24.6, "learning_rate": 0.00025, "loss_mean": 0.33, "n_updates": 0}]