[{"reward": 1040, "eps": 0.1, "len": 231, "time": 25425.39, "timesteps": 869813, "cpu_memory": 11.15, "cpu_percent": 37.1, "learning_rate": 0.00025, "loss_mean": 0.2, "n_updates": 0}, {"reward": 1000, "eps": 0.1, "len": 870093, "time": 25434.23, "timesteps": 870093, "cpu_memory": 11.19, "cpu_percent": 37.2, "learning_rate": 0.00025, "loss_mean": 0.19, "n_updates": 0}, {"reward": 550, "eps": 0.1, "len": 133, "time": 25438.09, "timesteps": 870226, "cpu_memory": 11.19, "cpu_percent": 37.2, "learning_rate": 0.00025, "loss_mean": 0.19, "n_updates": 0}, {"reward": 1260, "eps": 0.1, "len": 256, "time": 25445.66, "timesteps": 870482, "cpu_memory": 11.19, "cpu_percent": 37.2, "learning_rate": 0.00025, "loss_mean": 0.19, "n_updates": 0}, {"reward": 660, "eps": 0.1, "len": 196, "time": 25451.34, "timesteps": 870678, "cpu_memory": 11.19, "cpu_percent": 37.2, "learning_rate": 0.00025, "loss_mean": 0.19, "n_updates": 0}, {"reward": 900, "eps": 0.1, "len": 193, "time": 25456.92, "timesteps": 870871, "cpu_memory": 11.19, "cpu_percent": 37.2, "learning_rate": 0.00025, "loss_mean": 0.2, "n_updates": 0}, {"reward": 1270, "eps": 0.1, "len": 229, "time": 25463.71, "timesteps": 871100, "cpu_memory": 11.2, "cpu_percent": 37.2, "learning_rate": 0.00025, "loss_mean": 0.21, "n_updates": 0}, {"reward": 1140, "eps": 0.1, "len": 226, "time": 25470.28, "timesteps": 871326, "cpu_memory": 11.2, "cpu_percent": 37.2, "learning_rate": 0.00025, "loss_mean": 0.2, "n_updates": 0}, {"reward": 1040, "eps": 0.1, "len": 262, "time": 25478.17, "timesteps": 871588, "cpu_memory": 11.2, "cpu_percent": 37.2, "learning_rate": 0.00025, "loss_mean": 0.19, "n_updates": 0}, {"reward": 1000, "eps": 0.1, "len": 239, "time": 25485.19, "timesteps": 871827, "cpu_memory": 11.2, "cpu_percent": 37.2, "learning_rate": 0.00025, "loss_mean": 0.19, "n_updates": 0}, {"reward": 790, "eps": 0.1, "len": 189, "time": 25490.79, "timesteps": 872016, "cpu_memory": 11.2, "cpu_percent": 37.2, "learning_rate": 0.00025, "loss_mean": 0.2, "n_updates": 0}, {"reward": 1010, "eps": 0.1, "len": 270, "time": 25498.66, "timesteps": 872286, "cpu_memory": 11.21, "cpu_percent": 37.2, "learning_rate": 0.00025, "loss_mean": 0.2, "n_updates": 0}, {"reward": 1540, "eps": 0.1, "len": 354, "time": 25509.0, "timesteps": 872640, "cpu_memory": 11.21, "cpu_percent": 37.3, "learning_rate": 0.00025, "loss_mean": 0.21, "n_updates": 0}, {"reward": 590, "eps": 0.1, "len": 181, "time": 25514.35, "timesteps": 872821, "cpu_memory": 11.21, "cpu_percent": 37.3, "learning_rate": 0.00025, "loss_mean": 0.2, "n_updates": 0}, {"reward": 910, "eps": 0.1, "len": 211, "time": 25520.38, "timesteps": 873032, "cpu_memory": 11.21, "cpu_percent": 37.3, "learning_rate": 0.00025, "loss_mean": 0.19, "n_updates": 0}, {"reward": 1040, "eps": 0.1, "len": 260, "time": 25527.98, "timesteps": 873292, "cpu_memory": 11.21, "cpu_percent": 37.3, "learning_rate": 0.00025, "loss_mean": 0.2, "n_updates": 0}, {"reward": 810, "eps": 0.1, "len": 181, "time": 25533.24, "timesteps": 873473, "cpu_memory": 11.21, "cpu_percent": 37.3, "learning_rate": 0.00025, "loss_mean": 0.2, "n_updates": 0}, {"reward": 1080, "eps": 0.1, "len": 283, "time": 25541.55, "timesteps": 873756, "cpu_memory": 11.22, "cpu_percent": 37.3, "learning_rate": 0.00025, "loss_mean": 0.2, "n_updates": 0}, {"reward": 760, "eps": 0.1, "len": 170, "time": 25546.6, "timesteps": 873926, "cpu_memory": 11.22, "cpu_percent": 37.3, "learning_rate": 0.00025, "loss_mean": 0.2, "n_updates": 0}, {"reward": 430, "eps": 0.1, "len": 114, "time": 25549.92, "timesteps": 874040, "cpu_memory": 11.22, "cpu_percent": 37.3, "learning_rate": 0.00025, "loss_mean": 0.2, "n_updates": 0}, {"reward": 1350, "eps": 0.1, "len": 311, "time": 25559.03, "timesteps": 874351, "cpu_memory": 11.22, "cpu_percent": 37.3, "learning_rate": 0.00025, "loss_mean": 0.2, "n_updates": 0}, {"reward": 900, "eps": 0.1, "len": 176, "time": 25564.16, "timesteps": 874527, "cpu_memory": 11.22, "cpu_percent": 37.3, "learning_rate": 0.00025, "loss_mean": 0.2, "n_updates": 0}, {"reward": 460, "eps": 0.1, "len": 141, "time": 25568.37, "timesteps": 874668, "cpu_memory": 11.22, "cpu_percent": 37.3, "learning_rate": 0.00025, "loss_mean": 0.19, "n_updates": 0}, {"reward": 810, "eps": 0.1, "len": 196, "time": 25574.02, "timesteps": 874864, "cpu_memory": 11.23, "cpu_percent": 37.3, "learning_rate": 0.00025, "loss_mean": 0.2, "n_updates": 0}, {"reward": 1110, "eps": 0.1, "len": 204, "time": 25579.92, "timesteps": 875068, "cpu_memory": 11.23, "cpu_percent": 37.3, "learning_rate": 0.00025, "loss_mean": 0.19, "n_updates": 0}, {"reward": 850, "eps": 0.1, "len": 275, "time": 25587.91, "timesteps": 875343, "cpu_memory": 11.23, "cpu_percent": 37.3, "learning_rate": 0.00025, "loss_mean": 0.2, "n_updates": 0}, {"reward": 1150, "eps": 0.1, "len": 224, "time": 25594.4, "timesteps": 875567, "cpu_memory": 11.23, "cpu_percent": 37.3, "learning_rate": 0.00025, "loss_mean": 0.2, "n_updates": 0}, {"reward": 810, "eps": 0.1, "len": 195, "time": 25600.11, "timesteps": 875762, "cpu_memory": 11.23, "cpu_percent": 37.3, "learning_rate": 0.00025, "loss_mean": 0.2, "n_updates": 0}, {"reward": 310, "eps": 0.1, "len": 124, "time": 25603.71, "timesteps": 875886, "cpu_memory": 11.23, "cpu_percent": 37.3, "learning_rate": 0.00025, "loss_mean": 0.18, "n_updates": 0}, {"reward": 1530, "eps": 0.1, "len": 376, "time": 25614.62, "timesteps": 876262, "cpu_memory": 11.24, "cpu_percent": 37.3, "learning_rate": 0.00025, "loss_mean": 0.2, "n_updates": 0}, {"reward": 400, "eps": 0.1, "len": 132, "time": 25618.53, "timesteps": 876394, "cpu_memory": 11.24, "cpu_percent": 37.3, "learning_rate": 0.00025, "loss_mean": 0.19, "n_updates": 0}, {"reward": 660, "eps": 0.1, "len": 182, "time": 25623.81, "timesteps": 876576, "cpu_memory": 11.24, "cpu_percent": 37.3, "learning_rate": 0.00025, "loss_mean": 0.2, "n_updates": 0}, {"reward": 850, "eps": 0.1, "len": 205, "time": 25629.86, "timesteps": 876781, "cpu_memory": 11.24, "cpu_percent": 37.4, "learning_rate": 0.00025, "loss_mean": 0.2, "n_updates": 0}, {"reward": 860, "eps": 0.1, "len": 222, "time": 25636.27, "timesteps": 877003, "cpu_memory": 11.24, "cpu_percent": 37.4, "learning_rate": 0.00025, "loss_mean": 0.2, "n_updates": 0}, {"reward": 1000, "eps": 0.1, "len": 230, "time": 25643.04, "timesteps": 877233, "cpu_memory": 11.24, "cpu_percent": 37.4, "learning_rate": 0.00025, "loss_mean": 0.2, "n_updates": 0}, {"reward": 1160, "eps": 0.1, "len": 294, "time": 25651.64, "timesteps": 877527, "cpu_memory": 11.25, "cpu_percent": 37.4, "learning_rate": 0.00025, "loss_mean": 0.21, "n_updates": 0}, {"reward": 910, "eps": 0.1, "len": 209, "time": 25657.76, "timesteps": 877736, "cpu_memory": 11.25, "cpu_percent": 37.4, "learning_rate": 0.00025, "loss_mean": 0.2, "n_updates": 0}, {"reward": 540, "eps": 0.1, "len": 191, "time": 25663.41, "timesteps": 877927, "cpu_memory": 11.25, "cpu_percent": 37.4, "learning_rate": 0.00025, "loss_mean": 0.2, "n_updates": 0}, {"reward": 850, "eps": 0.1, "len": 174, "time": 25668.52, "timesteps": 878101, "cpu_memory": 11.25, "cpu_percent": 37.4, "learning_rate": 0.00025, "loss_mean": 0.2, "n_updates": 0}, {"reward": 1470, "eps": 0.1, "len": 335, "time": 25678.2, "timesteps": 878436, "cpu_memory": 11.25, "cpu_percent": 37.4, "learning_rate": 0.00025, "loss_mean": 0.2, "n_updates": 0}, {"reward": 690, "eps": 0.1, "len": 209, "time": 25684.3, "timesteps": 878645, "cpu_memory": 11.26, "cpu_percent": 37.4, "learning_rate": 0.00025, "loss_mean": 0.21, "n_updates": 0}, {"reward": 1070, "eps": 0.1, "len": 219, "time": 25690.82, "timesteps": 878864, "cpu_memory": 11.26, "cpu_percent": 37.4, "learning_rate": 0.00025, "loss_mean": 0.2, "n_updates": 0}, {"reward": 1380, "eps": 0.1, "len": 280, "time": 25698.89, "timesteps": 879144, "cpu_memory": 11.26, "cpu_percent": 37.4, "learning_rate": 0.00025, "loss_mean": 0.2, "n_updates": 0}, {"reward": 680, "eps": 0.1, "len": 270, "time": 25706.69, "timesteps": 879414, "cpu_memory": 11.26, "cpu_percent": 37.4, "learning_rate": 0.00025, "loss_mean": 0.2, "n_updates": 0}]