[{"reward": 870, "eps": 0.1, "len": 208, "time": 19844.85, "timesteps": 679329, "cpu_memory": 9.68, "cpu_percent": 32.3, "learning_rate": 0.00025, "loss_mean": 0.21, "n_updates": 0}, {"reward": 920, "eps": 0.1, "len": 272, "time": 19852.79, "timesteps": 679601, "cpu_memory": 9.68, "cpu_percent": 32.3, "learning_rate": 0.00025, "loss_mean": 0.22, "n_updates": 0}, {"reward": 710, "eps": 0.1, "len": 226, "time": 19859.31, "timesteps": 679827, "cpu_memory": 9.68, "cpu_percent": 32.3, "learning_rate": 0.00025, "loss_mean": 0.21, "n_updates": 0}, {"reward": 1050, "eps": 0.1, "len": 212, "time": 19866.25, "timesteps": 680039, "cpu_memory": 9.68, "cpu_percent": 32.3, "learning_rate": 0.00025, "loss_mean": 0.21, "n_updates": 0}, {"reward": 440, "eps": 0.1, "len": 155, "time": 19870.74, "timesteps": 680194, "cpu_memory": 9.68, "cpu_percent": 32.3, "learning_rate": 0.00025, "loss_mean": 0.22, "n_updates": 0}, {"reward": 790, "eps": 0.1, "len": 212, "time": 19876.93, "timesteps": 680406, "cpu_memory": 9.68, "cpu_percent": 32.3, "learning_rate": 0.00025, "loss_mean": 0.21, "n_updates": 0}, {"reward": 760, "eps": 0.1, "len": 185, "time": 19882.41, "timesteps": 680591, "cpu_memory": 9.68, "cpu_percent": 32.3, "learning_rate": 0.00025, "loss_mean": 0.22, "n_updates": 0}, {"reward": 720, "eps": 0.1, "len": 176, "time": 19887.5, "timesteps": 680767, "cpu_memory": 9.68, "cpu_percent": 32.3, "learning_rate": 0.00025, "loss_mean": 0.21, "n_updates": 0}, {"reward": 660, "eps": 0.1, "len": 165, "time": 19892.34, "timesteps": 680932, "cpu_memory": 9.69, "cpu_percent": 32.3, "learning_rate": 0.00025, "loss_mean": 0.21, "n_updates": 0}, {"reward": 770, "eps": 0.1, "len": 192, "time": 19898.14, "timesteps": 681124, "cpu_memory": 9.69, "cpu_percent": 32.3, "learning_rate": 0.00025, "loss_mean": 0.21, "n_updates": 0}, {"reward": 950, "eps": 0.1, "len": 265, "time": 19905.94, "timesteps": 681389, "cpu_memory": 9.69, "cpu_percent": 32.3, "learning_rate": 0.00025, "loss_mean": 0.22, "n_updates": 0}, {"reward": 530, "eps": 0.1, "len": 184, "time": 19911.37, "timesteps": 681573, "cpu_memory": 9.69, "cpu_percent": 32.3, "learning_rate": 0.00025, "loss_mean": 0.22, "n_updates": 0}, {"reward": 1050, "eps": 0.1, "len": 231, "time": 19918.0, "timesteps": 681804, "cpu_memory": 9.69, "cpu_percent": 32.3, "learning_rate": 0.00025, "loss_mean": 0.21, "n_updates": 0}, {"reward": 840, "eps": 0.1, "len": 173, "time": 19922.92, "timesteps": 681977, "cpu_memory": 9.69, "cpu_percent": 32.3, "learning_rate": 0.00025, "loss_mean": 0.2, "n_updates": 0}, {"reward": 570, "eps": 0.1, "len": 160, "time": 19927.72, "timesteps": 682137, "cpu_memory": 9.7, "cpu_percent": 32.4, "learning_rate": 0.00025, "loss_mean": 0.2, "n_updates": 0}, {"reward": 1070, "eps": 0.1, "len": 237, "time": 19934.56, "timesteps": 682374, "cpu_memory": 9.7, "cpu_percent": 32.4, "learning_rate": 0.00025, "loss_mean": 0.2, "n_updates": 0}, {"reward": 500, "eps": 0.1, "len": 132, "time": 19938.42, "timesteps": 682506, "cpu_memory": 9.7, "cpu_percent": 32.4, "learning_rate": 0.00025, "loss_mean": 0.22, "n_updates": 0}, {"reward": 660, "eps": 0.1, "len": 151, "time": 19942.84, "timesteps": 682657, "cpu_memory": 9.7, "cpu_percent": 32.4, "learning_rate": 0.00025, "loss_mean": 0.22, "n_updates": 0}, {"reward": 620, "eps": 0.1, "len": 202, "time": 19948.67, "timesteps": 682859, "cpu_memory": 9.7, "cpu_percent": 32.4, "learning_rate": 0.00025, "loss_mean": 0.21, "n_updates": 0}, {"reward": 430, "eps": 0.1, "len": 123, "time": 19952.35, "timesteps": 682982, "cpu_memory": 9.7, "cpu_percent": 32.4, "learning_rate": 0.00025, "loss_mean": 0.22, "n_updates": 0}, {"reward": 1020, "eps": 0.1, "len": 249, "time": 19959.66, "timesteps": 683231, "cpu_memory": 9.7, "cpu_percent": 32.4, "learning_rate": 0.00025, "loss_mean": 0.2, "n_updates": 0}, {"reward": 640, "eps": 0.1, "len": 161, "time": 19964.44, "timesteps": 683392, "cpu_memory": 9.71, "cpu_percent": 32.4, "learning_rate": 0.00025, "loss_mean": 0.22, "n_updates": 0}, {"reward": 510, "eps": 0.1, "len": 145, "time": 19968.67, "timesteps": 683537, "cpu_memory": 9.71, "cpu_percent": 32.4, "learning_rate": 0.00025, "loss_mean": 0.22, "n_updates": 0}, {"reward": 1250, "eps": 0.1, "len": 306, "time": 19977.58, "timesteps": 683843, "cpu_memory": 9.71, "cpu_percent": 32.4, "learning_rate": 0.00025, "loss_mean": 0.21, "n_updates": 0}, {"reward": 710, "eps": 0.1, "len": 160, "time": 19982.16, "timesteps": 684003, "cpu_memory": 9.71, "cpu_percent": 32.4, "learning_rate": 0.00025, "loss_mean": 0.21, "n_updates": 0}, {"reward": 360, "eps": 0.1, "len": 118, "time": 19985.64, "timesteps": 684121, "cpu_memory": 9.71, "cpu_percent": 32.4, "learning_rate": 0.00025, "loss_mean": 0.21, "n_updates": 0}, {"reward": 1120, "eps": 0.1, "len": 241, "time": 19992.68, "timesteps": 684362, "cpu_memory": 9.71, "cpu_percent": 32.4, "learning_rate": 0.00025, "loss_mean": 0.22, "n_updates": 0}, {"reward": 600, "eps": 0.1, "len": 158, "time": 19997.32, "timesteps": 684520, "cpu_memory": 9.71, "cpu_percent": 32.4, "learning_rate": 0.00025, "loss_mean": 0.22, "n_updates": 0}, {"reward": 660, "eps": 0.1, "len": 135, "time": 20001.28, "timesteps": 684655, "cpu_memory": 9.72, "cpu_percent": 32.4, "learning_rate": 0.00025, "loss_mean": 0.22, "n_updates": 0}, {"reward": 610, "eps": 0.1, "len": 155, "time": 20005.77, "timesteps": 684810, "cpu_memory": 9.72, "cpu_percent": 32.4, "learning_rate": 0.00025, "loss_mean": 0.21, "n_updates": 0}, {"reward": 740, "eps": 0.1, "len": 173, "time": 20010.77, "timesteps": 684983, "cpu_memory": 9.72, "cpu_percent": 32.4, "learning_rate": 0.00025, "loss_mean": 0.2, "n_updates": 0}, {"reward": 840, "eps": 0.1, "len": 177, "time": 20015.93, "timesteps": 685160, "cpu_memory": 9.72, "cpu_percent": 32.4, "learning_rate": 0.00025, "loss_mean": 0.21, "n_updates": 0}, {"reward": 420, "eps": 0.1, "len": 129, "time": 20019.71, "timesteps": 685289, "cpu_memory": 9.72, "cpu_percent": 32.4, "learning_rate": 0.00025, "loss_mean": 0.19, "n_updates": 0}, {"reward": 1110, "eps": 0.1, "len": 254, "time": 20027.13, "timesteps": 685543, "cpu_memory": 9.72, "cpu_percent": 32.4, "learning_rate": 0.00025, "loss_mean": 0.21, "n_updates": 0}, {"reward": 540, "eps": 0.1, "len": 144, "time": 20031.44, "timesteps": 685687, "cpu_memory": 9.72, "cpu_percent": 32.4, "learning_rate": 0.00025, "loss_mean": 0.21, "n_updates": 0}, {"reward": 670, "eps": 0.1, "len": 180, "time": 20036.69, "timesteps": 685867, "cpu_memory": 9.72, "cpu_percent": 32.4, "learning_rate": 0.00025, "loss_mean": 0.21, "n_updates": 0}, {"reward": 1140, "eps": 0.1, "len": 242, "time": 20043.84, "timesteps": 686109, "cpu_memory": 9.73, "cpu_percent": 32.4, "learning_rate": 0.00025, "loss_mean": 0.21, "n_updates": 0}, {"reward": 1330, "eps": 0.1, "len": 243, "time": 20050.84, "timesteps": 686352, "cpu_memory": 9.73, "cpu_percent": 32.5, "learning_rate": 0.00025, "loss_mean": 0.21, "n_updates": 0}, {"reward": 930, "eps": 0.1, "len": 246, "time": 20058.03, "timesteps": 686598, "cpu_memory": 9.73, "cpu_percent": 32.5, "learning_rate": 0.00025, "loss_mean": 0.21, "n_updates": 0}, {"reward": 830, "eps": 0.1, "len": 214, "time": 20064.32, "timesteps": 686812, "cpu_memory": 9.73, "cpu_percent": 32.5, "learning_rate": 0.00025, "loss_mean": 0.21, "n_updates": 0}, {"reward": 1520, "eps": 0.1, "len": 387, "time": 20075.45, "timesteps": 687199, "cpu_memory": 9.73, "cpu_percent": 32.5, "learning_rate": 0.00025, "loss_mean": 0.21, "n_updates": 0}, {"reward": 830, "eps": 0.1, "len": 191, "time": 20080.98, "timesteps": 687390, "cpu_memory": 9.74, "cpu_percent": 32.5, "learning_rate": 0.00025, "loss_mean": 0.22, "n_updates": 0}, {"reward": 1130, "eps": 0.1, "len": 226, "time": 20087.64, "timesteps": 687616, "cpu_memory": 9.74, "cpu_percent": 32.5, "learning_rate": 0.00025, "loss_mean": 0.22, "n_updates": 0}, {"reward": 1000, "eps": 0.1, "len": 205, "time": 20093.7, "timesteps": 687821, "cpu_memory": 9.74, "cpu_percent": 32.5, "learning_rate": 0.00025, "loss_mean": 0.21, "n_updates": 0}, {"reward": 900, "eps": 0.1, "len": 240, "time": 20100.67, "timesteps": 688061, "cpu_memory": 9.74, "cpu_percent": 32.6, "learning_rate": 0.00025, "loss_mean": 0.22, "n_updates": 0}, {"reward": 670, "eps": 0.1, "len": 180, "time": 20105.87, "timesteps": 688241, "cpu_memory": 9.74, "cpu_percent": 32.6, "learning_rate": 0.00025, "loss_mean": 0.22, "n_updates": 0}, {"reward": 730, "eps": 0.1, "len": 174, "time": 20110.96, "timesteps": 688415, "cpu_memory": 9.74, "cpu_percent": 32.6, "learning_rate": 0.00025, "loss_mean": 0.22, "n_updates": 0}, {"reward": 1110, "eps": 0.1, "len": 243, "time": 20118.09, "timesteps": 688658, "cpu_memory": 9.75, "cpu_percent": 32.6, "learning_rate": 0.00025, "loss_mean": 0.21, "n_updates": 0}, {"reward": 1070, "eps": 0.1, "len": 246, "time": 20125.27, "timesteps": 688904, "cpu_memory": 9.75, "cpu_percent": 32.6, "learning_rate": 0.00025, "loss_mean": 0.21, "n_updates": 0}, {"reward": 1360, "eps": 0.1, "len": 323, "time": 20134.58, "timesteps": 689227, "cpu_memory": 9.75, "cpu_percent": 32.6, "learning_rate": 0.00025, "loss_mean": 0.21, "n_updates": 0}, {"reward": 830, "eps": 0.1, "len": 214, "time": 20140.74, "timesteps": 689441, "cpu_memory": 9.75, "cpu_percent": 32.6, "learning_rate": 0.00025, "loss_mean": 0.22, "n_updates": 0}, {"reward": 1020, "eps": 0.1, "len": 211, "time": 20147.01, "timesteps": 689652, "cpu_memory": 9.75, "cpu_percent": 32.6, "learning_rate": 0.00025, "loss_mean": 0.21, "n_updates": 0}]