[{"reward": 360, "eps": 0.7755, "len": 139, "time": 2649.81, "timesteps": 99867, "cpu_memory": 5.36, "cpu_percent": 18.3, "learning_rate": 0.00025, "loss_mean": 0.39, "n_updates": 0}, {"reward": 510, "eps": 0.7751, "len": 100028, "time": 2654.65, "timesteps": 100028, "cpu_memory": 5.37, "cpu_percent": 18.4, "learning_rate": 0.00025, "loss_mean": 0.46, "n_updates": 0}, {"reward": 400, "eps": 0.7748, "len": 130, "time": 2658.2, "timesteps": 100158, "cpu_memory": 5.37, "cpu_percent": 18.4, "learning_rate": 0.00025, "loss_mean": 0.45, "n_updates": 0}, {"reward": 380, "eps": 0.7744, "len": 178, "time": 2662.92, "timesteps": 100336, "cpu_memory": 5.37, "cpu_percent": 18.4, "learning_rate": 0.00025, "loss_mean": 0.48, "n_updates": 0}, {"reward": 520, "eps": 0.7741, "len": 167, "time": 2667.34, "timesteps": 100503, "cpu_memory": 5.37, "cpu_percent": 18.4, "learning_rate": 0.00025, "loss_mean": 0.47, "n_updates": 0}, {"reward": 670, "eps": 0.7736, "len": 210, "time": 2672.82, "timesteps": 100713, "cpu_memory": 5.37, "cpu_percent": 18.4, "learning_rate": 0.00025, "loss_mean": 0.46, "n_updates": 0}, {"reward": 230, "eps": 0.7733, "len": 116, "time": 2675.99, "timesteps": 100829, "cpu_memory": 5.37, "cpu_percent": 18.4, "learning_rate": 0.00025, "loss_mean": 0.59, "n_updates": 0}, {"reward": 360, "eps": 0.773, "len": 137, "time": 2679.71, "timesteps": 100966, "cpu_memory": 5.37, "cpu_percent": 18.4, "learning_rate": 0.00025, "loss_mean": 0.39, "n_updates": 0}, {"reward": 660, "eps": 0.7726, "len": 230, "time": 2685.8, "timesteps": 101196, "cpu_memory": 5.38, "cpu_percent": 18.4, "learning_rate": 0.00025, "loss_mean": 0.44, "n_updates": 0}, {"reward": 920, "eps": 0.772, "len": 286, "time": 2693.74, "timesteps": 101482, "cpu_memory": 5.38, "cpu_percent": 18.5, "learning_rate": 0.00025, "loss_mean": 0.36, "n_updates": 0}, {"reward": 730, "eps": 0.7714, "len": 269, "time": 2700.84, "timesteps": 101751, "cpu_memory": 5.38, "cpu_percent": 18.5, "learning_rate": 0.00025, "loss_mean": 0.35, "n_updates": 0}, {"reward": 380, "eps": 0.7709, "len": 145, "time": 2704.73, "timesteps": 101896, "cpu_memory": 5.38, "cpu_percent": 18.5, "learning_rate": 0.00025, "loss_mean": 0.34, "n_updates": 0}, {"reward": 390, "eps": 0.7706, "len": 129, "time": 2708.19, "timesteps": 102025, "cpu_memory": 5.38, "cpu_percent": 18.5, "learning_rate": 0.00025, "loss_mean": 0.29, "n_updates": 0}, {"reward": 520, "eps": 0.7703, "len": 160, "time": 2712.4, "timesteps": 102185, "cpu_memory": 5.38, "cpu_percent": 18.5, "learning_rate": 0.00025, "loss_mean": 0.3, "n_updates": 0}, {"reward": 460, "eps": 0.7699, "len": 184, "time": 2717.27, "timesteps": 102369, "cpu_memory": 5.38, "cpu_percent": 18.5, "learning_rate": 0.00025, "loss_mean": 0.34, "n_updates": 0}, {"reward": 410, "eps": 0.7695, "len": 147, "time": 2721.29, "timesteps": 102516, "cpu_memory": 5.38, "cpu_percent": 18.5, "learning_rate": 0.00025, "loss_mean": 0.43, "n_updates": 0}, {"reward": 740, "eps": 0.7691, "len": 225, "time": 2727.27, "timesteps": 102741, "cpu_memory": 5.39, "cpu_percent": 18.5, "learning_rate": 0.00025, "loss_mean": 0.36, "n_updates": 0}, {"reward": 300, "eps": 0.7687, "len": 146, "time": 2731.22, "timesteps": 102887, "cpu_memory": 5.39, "cpu_percent": 18.5, "learning_rate": 0.00025, "loss_mean": 0.52, "n_updates": 0}, {"reward": 550, "eps": 0.7683, "len": 195, "time": 2736.46, "timesteps": 103082, "cpu_memory": 5.39, "cpu_percent": 18.5, "learning_rate": 0.00025, "loss_mean": 0.51, "n_updates": 0}, {"reward": 410, "eps": 0.7679, "len": 150, "time": 2740.47, "timesteps": 103232, "cpu_memory": 5.39, "cpu_percent": 18.5, "learning_rate": 0.00025, "loss_mean": 0.36, "n_updates": 0}, {"reward": 490, "eps": 0.7675, "len": 166, "time": 2744.89, "timesteps": 103398, "cpu_memory": 5.39, "cpu_percent": 18.5, "learning_rate": 0.00025, "loss_mean": 0.3, "n_updates": 0}, {"reward": 550, "eps": 0.7672, "len": 164, "time": 2749.22, "timesteps": 103562, "cpu_memory": 5.39, "cpu_percent": 18.5, "learning_rate": 0.00025, "loss_mean": 0.38, "n_updates": 0}, {"reward": 540, "eps": 0.7667, "len": 222, "time": 2755.21, "timesteps": 103784, "cpu_memory": 5.39, "cpu_percent": 18.5, "learning_rate": 0.00025, "loss_mean": 0.93, "n_updates": 0}, {"reward": 840, "eps": 0.7663, "len": 194, "time": 2760.48, "timesteps": 103978, "cpu_memory": 5.39, "cpu_percent": 18.5, "learning_rate": 0.00025, "loss_mean": 0.48, "n_updates": 0}, {"reward": 380, "eps": 0.7659, "len": 136, "time": 2764.2, "timesteps": 104114, "cpu_memory": 5.39, "cpu_percent": 18.5, "learning_rate": 0.00025, "loss_mean": 0.46, "n_updates": 0}, {"reward": 500, "eps": 0.7655, "len": 171, "time": 2768.79, "timesteps": 104285, "cpu_memory": 5.4, "cpu_percent": 18.5, "learning_rate": 0.00025, "loss_mean": 0.51, "n_updates": 0}, {"reward": 470, "eps": 0.7652, "len": 136, "time": 2772.41, "timesteps": 104421, "cpu_memory": 5.4, "cpu_percent": 18.5, "learning_rate": 0.00025, "loss_mean": 0.53, "n_updates": 0}, {"reward": 680, "eps": 0.7648, "len": 203, "time": 2777.93, "timesteps": 104624, "cpu_memory": 5.4, "cpu_percent": 18.6, "learning_rate": 0.00025, "loss_mean": 0.5, "n_updates": 0}, {"reward": 400, "eps": 0.7644, "len": 180, "time": 2782.87, "timesteps": 104804, "cpu_memory": 5.4, "cpu_percent": 18.6, "learning_rate": 0.00025, "loss_mean": 0.38, "n_updates": 0}, {"reward": 340, "eps": 0.764, "len": 135, "time": 2786.57, "timesteps": 104939, "cpu_memory": 5.4, "cpu_percent": 18.6, "learning_rate": 0.00025, "loss_mean": 0.41, "n_updates": 0}, {"reward": 610, "eps": 0.7636, "len": 221, "time": 2792.5, "timesteps": 105160, "cpu_memory": 5.4, "cpu_percent": 18.6, "learning_rate": 0.00025, "loss_mean": 0.4, "n_updates": 0}, {"reward": 370, "eps": 0.7632, "len": 154, "time": 2796.74, "timesteps": 105314, "cpu_memory": 5.4, "cpu_percent": 18.6, "learning_rate": 0.00025, "loss_mean": 0.38, "n_updates": 0}, {"reward": 560, "eps": 0.7629, "len": 159, "time": 2800.99, "timesteps": 105473, "cpu_memory": 5.4, "cpu_percent": 18.6, "learning_rate": 0.00025, "loss_mean": 0.36, "n_updates": 0}, {"reward": 480, "eps": 0.7625, "len": 150, "time": 2805.06, "timesteps": 105623, "cpu_memory": 5.4, "cpu_percent": 18.6, "learning_rate": 0.00025, "loss_mean": 0.59, "n_updates": 0}, {"reward": 460, "eps": 0.7622, "len": 169, "time": 2809.57, "timesteps": 105792, "cpu_memory": 5.4, "cpu_percent": 18.6, "learning_rate": 0.00025, "loss_mean": 0.42, "n_updates": 0}, {"reward": 650, "eps": 0.7617, "len": 205, "time": 2815.19, "timesteps": 105997, "cpu_memory": 5.41, "cpu_percent": 18.6, "learning_rate": 0.00025, "loss_mean": 0.4, "n_updates": 0}, {"reward": 240, "eps": 0.7614, "len": 125, "time": 2818.53, "timesteps": 106122, "cpu_memory": 5.41, "cpu_percent": 18.6, "learning_rate": 0.00025, "loss_mean": 0.33, "n_updates": 0}, {"reward": 640, "eps": 0.761, "len": 237, "time": 2824.94, "timesteps": 106359, "cpu_memory": 5.41, "cpu_percent": 18.6, "learning_rate": 0.00025, "loss_mean": 0.41, "n_updates": 0}, {"reward": 580, "eps": 0.7605, "len": 191, "time": 2830.04, "timesteps": 106550, "cpu_memory": 5.41, "cpu_percent": 18.6, "learning_rate": 0.00025, "loss_mean": 0.5, "n_updates": 0}, {"reward": 710, "eps": 0.7601, "len": 184, "time": 2835.04, "timesteps": 106734, "cpu_memory": 5.41, "cpu_percent": 18.6, "learning_rate": 0.00025, "loss_mean": 0.41, "n_updates": 0}, {"reward": 380, "eps": 0.7597, "len": 150, "time": 2839.04, "timesteps": 106884, "cpu_memory": 5.41, "cpu_percent": 18.6, "learning_rate": 0.00025, "loss_mean": 0.34, "n_updates": 0}, {"reward": 440, "eps": 0.7593, "len": 196, "time": 2844.26, "timesteps": 107080, "cpu_memory": 5.41, "cpu_percent": 18.6, "learning_rate": 0.00025, "loss_mean": 0.47, "n_updates": 0}, {"reward": 550, "eps": 0.7589, "len": 168, "time": 2848.89, "timesteps": 107248, "cpu_memory": 5.41, "cpu_percent": 18.6, "learning_rate": 0.00025, "loss_mean": 0.42, "n_updates": 0}, {"reward": 540, "eps": 0.7585, "len": 189, "time": 2854.05, "timesteps": 107437, "cpu_memory": 5.42, "cpu_percent": 18.6, "learning_rate": 0.00025, "loss_mean": 0.37, "n_updates": 0}, {"reward": 290, "eps": 0.7581, "len": 161, "time": 2858.39, "timesteps": 107598, "cpu_memory": 5.42, "cpu_percent": 18.6, "learning_rate": 0.00025, "loss_mean": 0.37, "n_updates": 0}, {"reward": 510, "eps": 0.7577, "len": 144, "time": 2862.21, "timesteps": 107742, "cpu_memory": 5.42, "cpu_percent": 18.6, "learning_rate": 0.00025, "loss_mean": 0.41, "n_updates": 0}, {"reward": 700, "eps": 0.7574, "len": 193, "time": 2867.41, "timesteps": 107935, "cpu_memory": 5.42, "cpu_percent": 18.6, "learning_rate": 0.00025, "loss_mean": 0.36, "n_updates": 0}, {"reward": 350, "eps": 0.757, "len": 129, "time": 2870.82, "timesteps": 108064, "cpu_memory": 5.42, "cpu_percent": 18.6, "learning_rate": 0.00025, "loss_mean": 0.32, "n_updates": 0}, {"reward": 270, "eps": 0.7567, "len": 140, "time": 2874.53, "timesteps": 108204, "cpu_memory": 5.42, "cpu_percent": 18.6, "learning_rate": 0.00025, "loss_mean": 0.34, "n_updates": 0}, {"reward": 490, "eps": 0.7563, "len": 174, "time": 2879.27, "timesteps": 108378, "cpu_memory": 5.42, "cpu_percent": 18.6, "learning_rate": 0.00025, "loss_mean": 0.31, "n_updates": 0}, {"reward": 430, "eps": 0.756, "len": 148, "time": 2883.25, "timesteps": 108526, "cpu_memory": 5.42, "cpu_percent": 18.6, "learning_rate": 0.00025, "loss_mean": 0.39, "n_updates": 0}, {"reward": 300, "eps": 0.7557, "len": 119, "time": 2886.45, "timesteps": 108645, "cpu_memory": 5.42, "cpu_percent": 18.6, "learning_rate": 0.00025, "loss_mean": 0.33, "n_updates": 0}, {"reward": 860, "eps": 0.7553, "len": 209, "time": 2892.0, "timesteps": 108854, "cpu_memory": 5.42, "cpu_percent": 18.6, "learning_rate": 0.00025, "loss_mean": 0.34, "n_updates": 0}, {"reward": 460, "eps": 0.7549, "len": 186, "time": 2897.05, "timesteps": 109040, "cpu_memory": 5.43, "cpu_percent": 18.6, "learning_rate": 0.00025, "loss_mean": 0.28, "n_updates": 0}, {"reward": 610, "eps": 0.7545, "len": 168, "time": 2901.6, "timesteps": 109208, "cpu_memory": 5.43, "cpu_percent": 18.6, "learning_rate": 0.00025, "loss_mean": 0.28, "n_updates": 0}, {"reward": 360, "eps": 0.7541, "len": 143, "time": 2905.4, "timesteps": 109351, "cpu_memory": 5.43, "cpu_percent": 18.6, "learning_rate": 0.00025, "loss_mean": 0.3, "n_updates": 0}, {"reward": 330, "eps": 0.7538, "len": 128, "time": 2909.0, "timesteps": 109479, "cpu_memory": 5.43, "cpu_percent": 18.7, "learning_rate": 0.00025, "loss_mean": 0.4, "n_updates": 0}]