[{"reward": 1170, "eps": 0.1, "len": 289, "time": 14523.79, "timesteps": 499379, "cpu_memory": 8.27, "cpu_percent": 27.8, "learning_rate": 0.00025, "loss_mean": 0.31, "n_updates": 0}, {"reward": 830, "eps": 0.1, "len": 217, "time": 14530.83, "timesteps": 499596, "cpu_memory": 8.27, "cpu_percent": 27.8, "learning_rate": 0.00025, "loss_mean": 0.29, "n_updates": 0}, {"reward": 1020, "eps": 0.1, "len": 236, "time": 14538.42, "timesteps": 499832, "cpu_memory": 8.27, "cpu_percent": 27.8, "learning_rate": 0.00025, "loss_mean": 0.31, "n_updates": 0}, {"reward": 1010, "eps": 0.1, "len": 249, "time": 14547.04, "timesteps": 500081, "cpu_memory": 8.26, "cpu_percent": 27.8, "learning_rate": 0.00025, "loss_mean": 0.28, "n_updates": 0}, {"reward": 840, "eps": 0.1, "len": 238, "time": 14554.75, "timesteps": 500319, "cpu_memory": 8.26, "cpu_percent": 27.8, "learning_rate": 0.00025, "loss_mean": 0.3, "n_updates": 0}, {"reward": 470, "eps": 0.1, "len": 149, "time": 14559.68, "timesteps": 500468, "cpu_memory": 8.27, "cpu_percent": 27.8, "learning_rate": 0.00025, "loss_mean": 0.3, "n_updates": 0}, {"reward": 940, "eps": 0.1, "len": 190, "time": 14565.84, "timesteps": 500658, "cpu_memory": 8.27, "cpu_percent": 27.8, "learning_rate": 0.00025, "loss_mean": 0.29, "n_updates": 0}, {"reward": 870, "eps": 0.1, "len": 272, "time": 14574.74, "timesteps": 500930, "cpu_memory": 8.27, "cpu_percent": 27.8, "learning_rate": 0.00025, "loss_mean": 0.3, "n_updates": 0}, {"reward": 870, "eps": 0.1, "len": 225, "time": 14581.98, "timesteps": 501155, "cpu_memory": 8.27, "cpu_percent": 27.8, "learning_rate": 0.00025, "loss_mean": 0.3, "n_updates": 0}, {"reward": 1060, "eps": 0.1, "len": 217, "time": 14588.96, "timesteps": 501372, "cpu_memory": 8.27, "cpu_percent": 27.8, "learning_rate": 0.00025, "loss_mean": 0.31, "n_updates": 0}, {"reward": 810, "eps": 0.1, "len": 218, "time": 14595.92, "timesteps": 501590, "cpu_memory": 8.27, "cpu_percent": 27.8, "learning_rate": 0.00025, "loss_mean": 0.3, "n_updates": 0}, {"reward": 1100, "eps": 0.1, "len": 311, "time": 14606.03, "timesteps": 501901, "cpu_memory": 8.28, "cpu_percent": 27.8, "learning_rate": 0.00025, "loss_mean": 0.3, "n_updates": 0}, {"reward": 1310, "eps": 0.1, "len": 259, "time": 14614.31, "timesteps": 502160, "cpu_memory": 8.28, "cpu_percent": 27.8, "learning_rate": 0.00025, "loss_mean": 0.29, "n_updates": 0}, {"reward": 510, "eps": 0.1, "len": 174, "time": 14619.93, "timesteps": 502334, "cpu_memory": 8.28, "cpu_percent": 27.8, "learning_rate": 0.00025, "loss_mean": 0.27, "n_updates": 0}, {"reward": 920, "eps": 0.1, "len": 204, "time": 14626.62, "timesteps": 502538, "cpu_memory": 8.28, "cpu_percent": 27.8, "learning_rate": 0.00025, "loss_mean": 0.3, "n_updates": 0}, {"reward": 900, "eps": 0.1, "len": 192, "time": 14633.05, "timesteps": 502730, "cpu_memory": 8.28, "cpu_percent": 27.9, "learning_rate": 0.00025, "loss_mean": 0.3, "n_updates": 0}, {"reward": 900, "eps": 0.1, "len": 162, "time": 14638.27, "timesteps": 502892, "cpu_memory": 8.28, "cpu_percent": 27.9, "learning_rate": 0.00025, "loss_mean": 0.29, "n_updates": 0}, {"reward": 700, "eps": 0.1, "len": 171, "time": 14643.71, "timesteps": 503063, "cpu_memory": 8.29, "cpu_percent": 27.9, "learning_rate": 0.00025, "loss_mean": 0.29, "n_updates": 0}, {"reward": 910, "eps": 0.1, "len": 223, "time": 14650.79, "timesteps": 503286, "cpu_memory": 8.29, "cpu_percent": 27.9, "learning_rate": 0.00025, "loss_mean": 0.3, "n_updates": 0}, {"reward": 770, "eps": 0.1, "len": 230, "time": 14658.15, "timesteps": 503516, "cpu_memory": 8.29, "cpu_percent": 27.9, "learning_rate": 0.00025, "loss_mean": 0.29, "n_updates": 0}, {"reward": 1120, "eps": 0.1, "len": 302, "time": 14667.86, "timesteps": 503818, "cpu_memory": 8.29, "cpu_percent": 27.9, "learning_rate": 0.00025, "loss_mean": 0.31, "n_updates": 0}, {"reward": 960, "eps": 0.1, "len": 222, "time": 14674.87, "timesteps": 504040, "cpu_memory": 8.29, "cpu_percent": 27.9, "learning_rate": 0.00025, "loss_mean": 0.31, "n_updates": 0}, {"reward": 1030, "eps": 0.1, "len": 226, "time": 14682.01, "timesteps": 504266, "cpu_memory": 8.3, "cpu_percent": 27.9, "learning_rate": 0.00025, "loss_mean": 0.3, "n_updates": 0}, {"reward": 750, "eps": 0.1, "len": 186, "time": 14687.89, "timesteps": 504452, "cpu_memory": 8.3, "cpu_percent": 27.9, "learning_rate": 0.00025, "loss_mean": 0.31, "n_updates": 0}, {"reward": 1160, "eps": 0.1, "len": 253, "time": 14696.27, "timesteps": 504705, "cpu_memory": 8.3, "cpu_percent": 27.9, "learning_rate": 0.00025, "loss_mean": 0.32, "n_updates": 0}, {"reward": 420, "eps": 0.1, "len": 131, "time": 14700.44, "timesteps": 504836, "cpu_memory": 8.3, "cpu_percent": 27.9, "learning_rate": 0.00025, "loss_mean": 0.35, "n_updates": 0}, {"reward": 500, "eps": 0.1, "len": 186, "time": 14706.4, "timesteps": 505022, "cpu_memory": 8.3, "cpu_percent": 27.9, "learning_rate": 0.00025, "loss_mean": 0.3, "n_updates": 0}, {"reward": 810, "eps": 0.1, "len": 168, "time": 14711.76, "timesteps": 505190, "cpu_memory": 8.3, "cpu_percent": 27.9, "learning_rate": 0.00025, "loss_mean": 0.3, "n_updates": 0}, {"reward": 720, "eps": 0.1, "len": 196, "time": 14717.94, "timesteps": 505386, "cpu_memory": 8.3, "cpu_percent": 27.9, "learning_rate": 0.00025, "loss_mean": 0.31, "n_updates": 0}, {"reward": 630, "eps": 0.1, "len": 157, "time": 14722.99, "timesteps": 505543, "cpu_memory": 8.31, "cpu_percent": 27.9, "learning_rate": 0.00025, "loss_mean": 0.3, "n_updates": 0}, {"reward": 660, "eps": 0.1, "len": 221, "time": 14730.24, "timesteps": 505764, "cpu_memory": 8.31, "cpu_percent": 27.9, "learning_rate": 0.00025, "loss_mean": 0.3, "n_updates": 0}, {"reward": 1030, "eps": 0.1, "len": 263, "time": 14738.53, "timesteps": 506027, "cpu_memory": 8.31, "cpu_percent": 27.9, "learning_rate": 0.00025, "loss_mean": 0.3, "n_updates": 0}, {"reward": 720, "eps": 0.1, "len": 193, "time": 14744.71, "timesteps": 506220, "cpu_memory": 8.31, "cpu_percent": 27.9, "learning_rate": 0.00025, "loss_mean": 0.31, "n_updates": 0}, {"reward": 1160, "eps": 0.1, "len": 310, "time": 14754.53, "timesteps": 506530, "cpu_memory": 8.31, "cpu_percent": 27.9, "learning_rate": 0.00025, "loss_mean": 0.3, "n_updates": 0}, {"reward": 1050, "eps": 0.1, "len": 274, "time": 14763.56, "timesteps": 506804, "cpu_memory": 8.32, "cpu_percent": 27.9, "learning_rate": 0.00025, "loss_mean": 0.31, "n_updates": 0}, {"reward": 1060, "eps": 0.1, "len": 251, "time": 14771.78, "timesteps": 507055, "cpu_memory": 8.32, "cpu_percent": 27.9, "learning_rate": 0.00025, "loss_mean": 0.32, "n_updates": 0}, {"reward": 850, "eps": 0.1, "len": 198, "time": 14778.22, "timesteps": 507253, "cpu_memory": 8.32, "cpu_percent": 28.0, "learning_rate": 0.00025, "loss_mean": 0.31, "n_updates": 0}, {"reward": 980, "eps": 0.1, "len": 240, "time": 14785.58, "timesteps": 507493, "cpu_memory": 8.32, "cpu_percent": 28.0, "learning_rate": 0.00025, "loss_mean": 0.31, "n_updates": 0}, {"reward": 830, "eps": 0.1, "len": 249, "time": 14793.17, "timesteps": 507742, "cpu_memory": 8.32, "cpu_percent": 28.0, "learning_rate": 0.00025, "loss_mean": 0.3, "n_updates": 0}, {"reward": 1360, "eps": 0.1, "len": 351, "time": 14803.79, "timesteps": 508093, "cpu_memory": 8.33, "cpu_percent": 28.0, "learning_rate": 0.00025, "loss_mean": 0.31, "n_updates": 0}, {"reward": 880, "eps": 0.1, "len": 225, "time": 14810.53, "timesteps": 508318, "cpu_memory": 8.33, "cpu_percent": 28.0, "learning_rate": 0.00025, "loss_mean": 0.3, "n_updates": 0}, {"reward": 890, "eps": 0.1, "len": 203, "time": 14816.74, "timesteps": 508521, "cpu_memory": 8.33, "cpu_percent": 28.0, "learning_rate": 0.00025, "loss_mean": 0.3, "n_updates": 0}, {"reward": 1230, "eps": 0.1, "len": 288, "time": 14825.71, "timesteps": 508809, "cpu_memory": 8.33, "cpu_percent": 28.0, "learning_rate": 0.00025, "loss_mean": 0.29, "n_updates": 0}, {"reward": 900, "eps": 0.1, "len": 225, "time": 14832.49, "timesteps": 509034, "cpu_memory": 8.33, "cpu_percent": 28.0, "learning_rate": 0.00025, "loss_mean": 0.3, "n_updates": 0}, {"reward": 860, "eps": 0.1, "len": 236, "time": 14839.62, "timesteps": 509270, "cpu_memory": 8.33, "cpu_percent": 28.0, "learning_rate": 0.00025, "loss_mean": 0.31, "n_updates": 0}, {"reward": 1320, "eps": 0.1, "len": 269, "time": 14847.73, "timesteps": 509539, "cpu_memory": 8.34, "cpu_percent": 28.0, "learning_rate": 0.00025, "loss_mean": 0.3, "n_updates": 0}, {"reward": 840, "eps": 0.1, "len": 246, "time": 14855.5, "timesteps": 509785, "cpu_memory": 8.34, "cpu_percent": 28.0, "learning_rate": 0.00025, "loss_mean": 0.3, "n_updates": 0}]