[{"reward": 1070, "eps": 0.1, "len": 257, "time": 23083.33, "timesteps": 789819, "cpu_memory": 10.53, "cpu_percent": 35.1, "learning_rate": 0.00025, "loss_mean": 0.19, "n_updates": 0}, {"reward": 850, "eps": 0.1, "len": 790065, "time": 23091.19, "timesteps": 790065, "cpu_memory": 10.53, "cpu_percent": 35.1, "learning_rate": 0.00025, "loss_mean": 0.19, "n_updates": 0}, {"reward": 1050, "eps": 0.1, "len": 234, "time": 23098.05, "timesteps": 790299, "cpu_memory": 10.53, "cpu_percent": 35.1, "learning_rate": 0.00025, "loss_mean": 0.2, "n_updates": 0}, {"reward": 910, "eps": 0.1, "len": 273, "time": 23106.0, "timesteps": 790572, "cpu_memory": 10.54, "cpu_percent": 35.1, "learning_rate": 0.00025, "loss_mean": 0.21, "n_updates": 0}, {"reward": 750, "eps": 0.1, "len": 216, "time": 23112.24, "timesteps": 790788, "cpu_memory": 10.54, "cpu_percent": 35.1, "learning_rate": 0.00025, "loss_mean": 0.2, "n_updates": 0}, {"reward": 1010, "eps": 0.1, "len": 218, "time": 23118.53, "timesteps": 791006, "cpu_memory": 10.54, "cpu_percent": 35.1, "learning_rate": 0.00025, "loss_mean": 0.2, "n_updates": 0}, {"reward": 780, "eps": 0.1, "len": 204, "time": 23124.48, "timesteps": 791210, "cpu_memory": 10.54, "cpu_percent": 35.1, "learning_rate": 0.00025, "loss_mean": 0.19, "n_updates": 0}, {"reward": 640, "eps": 0.1, "len": 202, "time": 23130.46, "timesteps": 791412, "cpu_memory": 10.54, "cpu_percent": 35.1, "learning_rate": 0.00025, "loss_mean": 0.2, "n_updates": 0}, {"reward": 770, "eps": 0.1, "len": 154, "time": 23135.03, "timesteps": 791566, "cpu_memory": 10.54, "cpu_percent": 35.1, "learning_rate": 0.00025, "loss_mean": 0.2, "n_updates": 0}, {"reward": 1000, "eps": 0.1, "len": 282, "time": 23143.08, "timesteps": 791848, "cpu_memory": 10.55, "cpu_percent": 35.1, "learning_rate": 0.00025, "loss_mean": 0.2, "n_updates": 0}, {"reward": 610, "eps": 0.1, "len": 188, "time": 23148.58, "timesteps": 792036, "cpu_memory": 10.55, "cpu_percent": 35.1, "learning_rate": 0.00025, "loss_mean": 0.2, "n_updates": 0}, {"reward": 1100, "eps": 0.1, "len": 357, "time": 23159.01, "timesteps": 792393, "cpu_memory": 10.55, "cpu_percent": 35.1, "learning_rate": 0.00025, "loss_mean": 0.2, "n_updates": 0}, {"reward": 820, "eps": 0.1, "len": 245, "time": 23166.24, "timesteps": 792638, "cpu_memory": 10.55, "cpu_percent": 35.1, "learning_rate": 0.00025, "loss_mean": 0.2, "n_updates": 0}, {"reward": 770, "eps": 0.1, "len": 201, "time": 23172.03, "timesteps": 792839, "cpu_memory": 10.55, "cpu_percent": 35.1, "learning_rate": 0.00025, "loss_mean": 0.2, "n_updates": 0}, {"reward": 970, "eps": 0.1, "len": 224, "time": 23178.47, "timesteps": 793063, "cpu_memory": 10.56, "cpu_percent": 35.1, "learning_rate": 0.00025, "loss_mean": 0.2, "n_updates": 0}, {"reward": 1010, "eps": 0.1, "len": 238, "time": 23185.4, "timesteps": 793301, "cpu_memory": 10.56, "cpu_percent": 35.2, "learning_rate": 0.00025, "loss_mean": 0.19, "n_updates": 0}, {"reward": 500, "eps": 0.1, "len": 159, "time": 23190.16, "timesteps": 793460, "cpu_memory": 10.56, "cpu_percent": 35.2, "learning_rate": 0.00025, "loss_mean": 0.2, "n_updates": 0}, {"reward": 1270, "eps": 0.1, "len": 280, "time": 23198.39, "timesteps": 793740, "cpu_memory": 10.56, "cpu_percent": 35.2, "learning_rate": 0.00025, "loss_mean": 0.2, "n_updates": 0}, {"reward": 990, "eps": 0.1, "len": 236, "time": 23205.33, "timesteps": 793976, "cpu_memory": 10.56, "cpu_percent": 35.2, "learning_rate": 0.00025, "loss_mean": 0.2, "n_updates": 0}, {"reward": 880, "eps": 0.1, "len": 276, "time": 23213.45, "timesteps": 794252, "cpu_memory": 10.56, "cpu_percent": 35.2, "learning_rate": 0.00025, "loss_mean": 0.19, "n_updates": 0}, {"reward": 580, "eps": 0.1, "len": 136, "time": 23217.62, "timesteps": 794388, "cpu_memory": 10.57, "cpu_percent": 35.2, "learning_rate": 0.00025, "loss_mean": 0.2, "n_updates": 0}, {"reward": 790, "eps": 0.1, "len": 194, "time": 23223.19, "timesteps": 794582, "cpu_memory": 10.57, "cpu_percent": 35.2, "learning_rate": 0.00025, "loss_mean": 0.21, "n_updates": 0}, {"reward": 740, "eps": 0.1, "len": 201, "time": 23229.15, "timesteps": 794783, "cpu_memory": 10.57, "cpu_percent": 35.2, "learning_rate": 0.00025, "loss_mean": 0.2, "n_updates": 0}, {"reward": 820, "eps": 0.1, "len": 185, "time": 23234.57, "timesteps": 794968, "cpu_memory": 10.57, "cpu_percent": 35.2, "learning_rate": 0.00025, "loss_mean": 0.2, "n_updates": 0}, {"reward": 750, "eps": 0.1, "len": 196, "time": 23240.21, "timesteps": 795164, "cpu_memory": 10.57, "cpu_percent": 35.2, "learning_rate": 0.00025, "loss_mean": 0.21, "n_updates": 0}, {"reward": 970, "eps": 0.1, "len": 210, "time": 23246.28, "timesteps": 795374, "cpu_memory": 10.57, "cpu_percent": 35.2, "learning_rate": 0.00025, "loss_mean": 0.2, "n_updates": 0}, {"reward": 890, "eps": 0.1, "len": 204, "time": 23252.22, "timesteps": 795578, "cpu_memory": 10.58, "cpu_percent": 35.2, "learning_rate": 0.00025, "loss_mean": 0.2, "n_updates": 0}, {"reward": 1760, "eps": 0.1, "len": 425, "time": 23264.59, "timesteps": 796003, "cpu_memory": 10.58, "cpu_percent": 35.2, "learning_rate": 0.00025, "loss_mean": 0.2, "n_updates": 0}, {"reward": 680, "eps": 0.1, "len": 205, "time": 23270.6, "timesteps": 796208, "cpu_memory": 10.58, "cpu_percent": 35.2, "learning_rate": 0.00025, "loss_mean": 0.19, "n_updates": 0}, {"reward": 1270, "eps": 0.1, "len": 265, "time": 23278.39, "timesteps": 796473, "cpu_memory": 10.58, "cpu_percent": 35.2, "learning_rate": 0.00025, "loss_mean": 0.2, "n_updates": 0}, {"reward": 1040, "eps": 0.1, "len": 251, "time": 23285.6, "timesteps": 796724, "cpu_memory": 10.58, "cpu_percent": 35.2, "learning_rate": 0.00025, "loss_mean": 0.19, "n_updates": 0}, {"reward": 770, "eps": 0.1, "len": 184, "time": 23291.07, "timesteps": 796908, "cpu_memory": 10.59, "cpu_percent": 35.2, "learning_rate": 0.00025, "loss_mean": 0.2, "n_updates": 0}, {"reward": 1080, "eps": 0.1, "len": 219, "time": 23297.39, "timesteps": 797127, "cpu_memory": 10.59, "cpu_percent": 35.2, "learning_rate": 0.00025, "loss_mean": 0.2, "n_updates": 0}, {"reward": 1450, "eps": 0.1, "len": 336, "time": 23307.04, "timesteps": 797463, "cpu_memory": 10.59, "cpu_percent": 35.2, "learning_rate": 0.00025, "loss_mean": 0.2, "n_updates": 0}, {"reward": 570, "eps": 0.1, "len": 201, "time": 23313.04, "timesteps": 797664, "cpu_memory": 10.59, "cpu_percent": 35.2, "learning_rate": 0.00025, "loss_mean": 0.19, "n_updates": 0}, {"reward": 1010, "eps": 0.1, "len": 240, "time": 23320.13, "timesteps": 797904, "cpu_memory": 10.59, "cpu_percent": 35.2, "learning_rate": 0.00025, "loss_mean": 0.2, "n_updates": 0}, {"reward": 670, "eps": 0.1, "len": 186, "time": 23325.56, "timesteps": 798090, "cpu_memory": 10.59, "cpu_percent": 35.2, "learning_rate": 0.00025, "loss_mean": 0.19, "n_updates": 0}, {"reward": 620, "eps": 0.1, "len": 185, "time": 23330.94, "timesteps": 798275, "cpu_memory": 10.6, "cpu_percent": 35.2, "learning_rate": 0.00025, "loss_mean": 0.19, "n_updates": 0}, {"reward": 1320, "eps": 0.1, "len": 269, "time": 23338.73, "timesteps": 798544, "cpu_memory": 10.6, "cpu_percent": 35.3, "learning_rate": 0.00025, "loss_mean": 0.19, "n_updates": 0}, {"reward": 1250, "eps": 0.1, "len": 266, "time": 23346.49, "timesteps": 798810, "cpu_memory": 10.6, "cpu_percent": 35.3, "learning_rate": 0.00025, "loss_mean": 0.19, "n_updates": 0}, {"reward": 870, "eps": 0.1, "len": 200, "time": 23352.33, "timesteps": 799010, "cpu_memory": 10.6, "cpu_percent": 35.3, "learning_rate": 0.00025, "loss_mean": 0.19, "n_updates": 0}, {"reward": 1090, "eps": 0.1, "len": 220, "time": 23358.69, "timesteps": 799230, "cpu_memory": 10.6, "cpu_percent": 35.3, "learning_rate": 0.00025, "loss_mean": 0.19, "n_updates": 0}, {"reward": 1380, "eps": 0.1, "len": 308, "time": 23367.52, "timesteps": 799538, "cpu_memory": 10.61, "cpu_percent": 35.3, "learning_rate": 0.00025, "loss_mean": 0.2, "n_updates": 0}, {"reward": 600, "eps": 0.1, "len": 149, "time": 23372.1, "timesteps": 799687, "cpu_memory": 10.61, "cpu_percent": 35.3, "learning_rate": 0.00025, "loss_mean": 0.19, "n_updates": 0}]