[{"reward": 520, "eps": 0.4378, "len": 131, "time": 6827.74, "timesteps": 249911, "cpu_memory": 6.38, "cpu_percent": 21.7, "learning_rate": 0.00025, "loss_mean": 0.37, "n_updates": 0}, {"reward": 790, "eps": 0.4374, "len": 250146, "time": 6834.91, "timesteps": 250146, "cpu_memory": 6.38, "cpu_percent": 21.7, "learning_rate": 0.00025, "loss_mean": 0.38, "n_updates": 0}, {"reward": 1160, "eps": 0.4368, "len": 310, "time": 6843.49, "timesteps": 250456, "cpu_memory": 6.38, "cpu_percent": 21.7, "learning_rate": 0.00025, "loss_mean": 0.4, "n_updates": 0}, {"reward": 690, "eps": 0.4363, "len": 187, "time": 6848.8, "timesteps": 250643, "cpu_memory": 6.38, "cpu_percent": 21.7, "learning_rate": 0.00025, "loss_mean": 0.36, "n_updates": 0}, {"reward": 740, "eps": 0.4358, "len": 202, "time": 6854.49, "timesteps": 250845, "cpu_memory": 6.38, "cpu_percent": 21.7, "learning_rate": 0.00025, "loss_mean": 0.35, "n_updates": 0}, {"reward": 540, "eps": 0.4354, "len": 195, "time": 6860.12, "timesteps": 251040, "cpu_memory": 6.38, "cpu_percent": 21.7, "learning_rate": 0.00025, "loss_mean": 0.36, "n_updates": 0}, {"reward": 800, "eps": 0.4349, "len": 266, "time": 6867.71, "timesteps": 251306, "cpu_memory": 6.39, "cpu_percent": 21.7, "learning_rate": 0.00025, "loss_mean": 0.38, "n_updates": 0}, {"reward": 470, "eps": 0.4344, "len": 123, "time": 6871.25, "timesteps": 251429, "cpu_memory": 6.39, "cpu_percent": 21.7, "learning_rate": 0.00025, "loss_mean": 0.41, "n_updates": 0}, {"reward": 590, "eps": 0.4341, "len": 196, "time": 6876.72, "timesteps": 251625, "cpu_memory": 6.39, "cpu_percent": 21.8, "learning_rate": 0.00025, "loss_mean": 0.38, "n_updates": 0}, {"reward": 550, "eps": 0.4337, "len": 165, "time": 6881.32, "timesteps": 251790, "cpu_memory": 6.39, "cpu_percent": 21.8, "learning_rate": 0.00025, "loss_mean": 0.39, "n_updates": 0}, {"reward": 1090, "eps": 0.4332, "len": 285, "time": 6889.34, "timesteps": 252075, "cpu_memory": 6.39, "cpu_percent": 21.8, "learning_rate": 0.00025, "loss_mean": 0.39, "n_updates": 0}, {"reward": 530, "eps": 0.4327, "len": 147, "time": 6893.62, "timesteps": 252222, "cpu_memory": 6.39, "cpu_percent": 21.7, "learning_rate": 0.00025, "loss_mean": 0.36, "n_updates": 0}, {"reward": 760, "eps": 0.4322, "len": 231, "time": 6900.17, "timesteps": 252453, "cpu_memory": 6.39, "cpu_percent": 21.8, "learning_rate": 0.00025, "loss_mean": 0.37, "n_updates": 0}, {"reward": 680, "eps": 0.4318, "len": 168, "time": 6905.03, "timesteps": 252621, "cpu_memory": 6.39, "cpu_percent": 21.8, "learning_rate": 0.00025, "loss_mean": 0.38, "n_updates": 0}, {"reward": 620, "eps": 0.4314, "len": 146, "time": 6909.29, "timesteps": 252767, "cpu_memory": 6.4, "cpu_percent": 21.8, "learning_rate": 0.00025, "loss_mean": 0.36, "n_updates": 0}, {"reward": 860, "eps": 0.431, "len": 232, "time": 6915.75, "timesteps": 252999, "cpu_memory": 6.4, "cpu_percent": 21.8, "learning_rate": 0.00025, "loss_mean": 0.37, "n_updates": 0}, {"reward": 810, "eps": 0.4305, "len": 206, "time": 6921.55, "timesteps": 253205, "cpu_memory": 6.4, "cpu_percent": 21.8, "learning_rate": 0.00025, "loss_mean": 0.37, "n_updates": 0}, {"reward": 690, "eps": 0.43, "len": 266, "time": 6929.23, "timesteps": 253471, "cpu_memory": 6.4, "cpu_percent": 21.8, "learning_rate": 0.00025, "loss_mean": 0.36, "n_updates": 0}, {"reward": 820, "eps": 0.4295, "len": 157, "time": 6933.64, "timesteps": 253628, "cpu_memory": 6.4, "cpu_percent": 21.8, "learning_rate": 0.00025, "loss_mean": 0.37, "n_updates": 0}, {"reward": 630, "eps": 0.4292, "len": 164, "time": 6938.26, "timesteps": 253792, "cpu_memory": 6.4, "cpu_percent": 21.8, "learning_rate": 0.00025, "loss_mean": 0.37, "n_updates": 0}, {"reward": 650, "eps": 0.4287, "len": 211, "time": 6944.16, "timesteps": 254003, "cpu_memory": 6.4, "cpu_percent": 21.8, "learning_rate": 0.00025, "loss_mean": 0.34, "n_updates": 0}, {"reward": 360, "eps": 0.4283, "len": 127, "time": 6947.78, "timesteps": 254130, "cpu_memory": 6.41, "cpu_percent": 21.8, "learning_rate": 0.00025, "loss_mean": 0.36, "n_updates": 0}, {"reward": 1070, "eps": 0.4279, "len": 242, "time": 6954.7, "timesteps": 254372, "cpu_memory": 6.41, "cpu_percent": 21.8, "learning_rate": 0.00025, "loss_mean": 0.34, "n_updates": 0}, {"reward": 500, "eps": 0.4275, "len": 169, "time": 6959.46, "timesteps": 254541, "cpu_memory": 6.41, "cpu_percent": 21.8, "learning_rate": 0.00025, "loss_mean": 0.36, "n_updates": 0}, {"reward": 810, "eps": 0.427, "len": 209, "time": 6965.52, "timesteps": 254750, "cpu_memory": 6.41, "cpu_percent": 21.8, "learning_rate": 0.00025, "loss_mean": 0.37, "n_updates": 0}, {"reward": 720, "eps": 0.4266, "len": 167, "time": 6970.21, "timesteps": 254917, "cpu_memory": 6.41, "cpu_percent": 21.8, "learning_rate": 0.00025, "loss_mean": 0.35, "n_updates": 0}, {"reward": 870, "eps": 0.4262, "len": 203, "time": 6975.91, "timesteps": 255120, "cpu_memory": 6.41, "cpu_percent": 21.8, "learning_rate": 0.00025, "loss_mean": 0.34, "n_updates": 0}, {"reward": 400, "eps": 0.4258, "len": 144, "time": 6979.91, "timesteps": 255264, "cpu_memory": 6.41, "cpu_percent": 21.8, "learning_rate": 0.00025, "loss_mean": 0.38, "n_updates": 0}, {"reward": 620, "eps": 0.4255, "len": 169, "time": 6984.82, "timesteps": 255433, "cpu_memory": 6.41, "cpu_percent": 21.8, "learning_rate": 0.00025, "loss_mean": 0.39, "n_updates": 0}, {"reward": 510, "eps": 0.4251, "len": 132, "time": 6988.66, "timesteps": 255565, "cpu_memory": 6.42, "cpu_percent": 21.8, "learning_rate": 0.00025, "loss_mean": 0.39, "n_updates": 0}, {"reward": 520, "eps": 0.4248, "len": 126, "time": 6992.28, "timesteps": 255691, "cpu_memory": 6.42, "cpu_percent": 21.8, "learning_rate": 0.00025, "loss_mean": 0.41, "n_updates": 0}, {"reward": 800, "eps": 0.4245, "len": 198, "time": 6997.79, "timesteps": 255889, "cpu_memory": 6.42, "cpu_percent": 21.8, "learning_rate": 0.00025, "loss_mean": 0.39, "n_updates": 0}, {"reward": 400, "eps": 0.4241, "len": 124, "time": 7001.26, "timesteps": 256013, "cpu_memory": 6.42, "cpu_percent": 21.8, "learning_rate": 0.00025, "loss_mean": 0.38, "n_updates": 0}, {"reward": 640, "eps": 0.4238, "len": 194, "time": 7006.64, "timesteps": 256207, "cpu_memory": 6.42, "cpu_percent": 21.8, "learning_rate": 0.00025, "loss_mean": 0.34, "n_updates": 0}, {"reward": 780, "eps": 0.4233, "len": 207, "time": 7012.44, "timesteps": 256414, "cpu_memory": 6.42, "cpu_percent": 21.8, "learning_rate": 0.00025, "loss_mean": 0.35, "n_updates": 0}, {"reward": 910, "eps": 0.4228, "len": 242, "time": 7019.3, "timesteps": 256656, "cpu_memory": 6.42, "cpu_percent": 21.9, "learning_rate": 0.00025, "loss_mean": 0.36, "n_updates": 0}, {"reward": 580, "eps": 0.4223, "len": 194, "time": 7024.78, "timesteps": 256850, "cpu_memory": 6.42, "cpu_percent": 21.9, "learning_rate": 0.00025, "loss_mean": 0.36, "n_updates": 0}, {"reward": 560, "eps": 0.4219, "len": 154, "time": 7029.09, "timesteps": 257004, "cpu_memory": 6.43, "cpu_percent": 21.9, "learning_rate": 0.00025, "loss_mean": 0.34, "n_updates": 0}, {"reward": 400, "eps": 0.4216, "len": 114, "time": 7032.35, "timesteps": 257118, "cpu_memory": 6.43, "cpu_percent": 21.9, "learning_rate": 0.00025, "loss_mean": 0.35, "n_updates": 0}, {"reward": 1010, "eps": 0.4212, "len": 224, "time": 7038.73, "timesteps": 257342, "cpu_memory": 6.43, "cpu_percent": 21.9, "learning_rate": 0.00025, "loss_mean": 0.36, "n_updates": 0}, {"reward": 700, "eps": 0.4208, "len": 199, "time": 7044.31, "timesteps": 257541, "cpu_memory": 6.43, "cpu_percent": 21.9, "learning_rate": 0.00025, "loss_mean": 0.37, "n_updates": 0}, {"reward": 830, "eps": 0.4203, "len": 232, "time": 7050.97, "timesteps": 257773, "cpu_memory": 6.43, "cpu_percent": 21.9, "learning_rate": 0.00025, "loss_mean": 0.34, "n_updates": 0}, {"reward": 570, "eps": 0.4198, "len": 181, "time": 7056.15, "timesteps": 257954, "cpu_memory": 6.43, "cpu_percent": 21.9, "learning_rate": 0.00025, "loss_mean": 0.37, "n_updates": 0}, {"reward": 790, "eps": 0.4194, "len": 220, "time": 7062.27, "timesteps": 258174, "cpu_memory": 6.43, "cpu_percent": 21.9, "learning_rate": 0.00025, "loss_mean": 0.37, "n_updates": 0}, {"reward": 530, "eps": 0.419, "len": 129, "time": 7065.85, "timesteps": 258303, "cpu_memory": 6.43, "cpu_percent": 21.9, "learning_rate": 0.00025, "loss_mean": 0.39, "n_updates": 0}, {"reward": 350, "eps": 0.4187, "len": 99, "time": 7068.76, "timesteps": 258402, "cpu_memory": 6.44, "cpu_percent": 21.9, "learning_rate": 0.00025, "loss_mean": 0.39, "n_updates": 0}, {"reward": 650, "eps": 0.4184, "len": 180, "time": 7073.88, "timesteps": 258582, "cpu_memory": 6.44, "cpu_percent": 21.9, "learning_rate": 0.00025, "loss_mean": 0.4, "n_updates": 0}, {"reward": 590, "eps": 0.418, "len": 157, "time": 7078.28, "timesteps": 258739, "cpu_memory": 6.44, "cpu_percent": 21.9, "learning_rate": 0.00025, "loss_mean": 0.39, "n_updates": 0}, {"reward": 580, "eps": 0.4176, "len": 186, "time": 7083.66, "timesteps": 258925, "cpu_memory": 6.44, "cpu_percent": 21.9, "learning_rate": 0.00025, "loss_mean": 0.39, "n_updates": 0}, {"reward": 1120, "eps": 0.4171, "len": 323, "time": 7092.8, "timesteps": 259248, "cpu_memory": 6.44, "cpu_percent": 21.9, "learning_rate": 0.00025, "loss_mean": 0.34, "n_updates": 0}, {"reward": 620, "eps": 0.4165, "len": 163, "time": 7097.41, "timesteps": 259411, "cpu_memory": 6.44, "cpu_percent": 22.0, "learning_rate": 0.00025, "loss_mean": 0.36, "n_updates": 0}, {"reward": 680, "eps": 0.4161, "len": 190, "time": 7102.75, "timesteps": 259601, "cpu_memory": 6.44, "cpu_percent": 22.0, "learning_rate": 0.00025, "loss_mean": 0.34, "n_updates": 0}]