[{"reward": 1040, "eps": 0.4156, "len": 222, "time": 7109.04, "timesteps": 259823, "cpu_memory": 6.45, "cpu_percent": 22.0, "learning_rate": 0.00025, "loss_mean": 0.37, "n_updates": 0}, {"reward": 600, "eps": 0.4152, "len": 260024, "time": 7115.43, "timesteps": 260024, "cpu_memory": 6.45, "cpu_percent": 21.9, "learning_rate": 0.00025, "loss_mean": 0.37, "n_updates": 0}, {"reward": 540, "eps": 0.4148, "len": 156, "time": 7119.88, "timesteps": 260180, "cpu_memory": 6.45, "cpu_percent": 22.0, "learning_rate": 0.00025, "loss_mean": 0.38, "n_updates": 0}, {"reward": 810, "eps": 0.4144, "len": 200, "time": 7125.53, "timesteps": 260380, "cpu_memory": 6.45, "cpu_percent": 22.0, "learning_rate": 0.00025, "loss_mean": 0.39, "n_updates": 0}, {"reward": 470, "eps": 0.414, "len": 153, "time": 7129.8, "timesteps": 260533, "cpu_memory": 6.45, "cpu_percent": 22.0, "learning_rate": 0.00025, "loss_mean": 0.38, "n_updates": 0}, {"reward": 680, "eps": 0.4135, "len": 241, "time": 7136.54, "timesteps": 260774, "cpu_memory": 6.45, "cpu_percent": 22.0, "learning_rate": 0.00025, "loss_mean": 0.37, "n_updates": 0}, {"reward": 350, "eps": 0.4131, "len": 133, "time": 7140.31, "timesteps": 260907, "cpu_memory": 6.45, "cpu_percent": 22.0, "learning_rate": 0.00025, "loss_mean": 0.37, "n_updates": 0}, {"reward": 750, "eps": 0.4127, "len": 207, "time": 7146.4, "timesteps": 261114, "cpu_memory": 6.46, "cpu_percent": 22.0, "learning_rate": 0.00025, "loss_mean": 0.38, "n_updates": 0}, {"reward": 690, "eps": 0.4123, "len": 190, "time": 7152.03, "timesteps": 261304, "cpu_memory": 6.46, "cpu_percent": 22.0, "learning_rate": 0.00025, "loss_mean": 0.37, "n_updates": 0}, {"reward": 820, "eps": 0.4118, "len": 241, "time": 7158.84, "timesteps": 261545, "cpu_memory": 6.46, "cpu_percent": 22.0, "learning_rate": 0.00025, "loss_mean": 0.38, "n_updates": 0}, {"reward": 510, "eps": 0.4114, "len": 144, "time": 7162.91, "timesteps": 261689, "cpu_memory": 6.46, "cpu_percent": 22.0, "learning_rate": 0.00025, "loss_mean": 0.42, "n_updates": 0}, {"reward": 700, "eps": 0.411, "len": 202, "time": 7168.76, "timesteps": 261891, "cpu_memory": 6.46, "cpu_percent": 22.0, "learning_rate": 0.00025, "loss_mean": 0.37, "n_updates": 0}, {"reward": 1030, "eps": 0.4105, "len": 260, "time": 7176.41, "timesteps": 262151, "cpu_memory": 6.46, "cpu_percent": 22.0, "learning_rate": 0.00025, "loss_mean": 0.39, "n_updates": 0}, {"reward": 770, "eps": 0.4099, "len": 215, "time": 7182.53, "timesteps": 262366, "cpu_memory": 6.46, "cpu_percent": 22.0, "learning_rate": 0.00025, "loss_mean": 0.38, "n_updates": 0}, {"reward": 670, "eps": 0.4094, "len": 212, "time": 7188.49, "timesteps": 262578, "cpu_memory": 6.47, "cpu_percent": 22.0, "learning_rate": 0.00025, "loss_mean": 0.38, "n_updates": 0}, {"reward": 500, "eps": 0.409, "len": 139, "time": 7192.39, "timesteps": 262717, "cpu_memory": 6.47, "cpu_percent": 22.0, "learning_rate": 0.00025, "loss_mean": 0.37, "n_updates": 0}, {"reward": 820, "eps": 0.4087, "len": 175, "time": 7197.3, "timesteps": 262892, "cpu_memory": 6.47, "cpu_percent": 22.0, "learning_rate": 0.00025, "loss_mean": 0.37, "n_updates": 0}, {"reward": 830, "eps": 0.4083, "len": 199, "time": 7202.9, "timesteps": 263091, "cpu_memory": 6.47, "cpu_percent": 22.0, "learning_rate": 0.00025, "loss_mean": 0.35, "n_updates": 0}, {"reward": 560, "eps": 0.4078, "len": 183, "time": 7208.24, "timesteps": 263274, "cpu_memory": 6.47, "cpu_percent": 22.0, "learning_rate": 0.00025, "loss_mean": 0.35, "n_updates": 0}, {"reward": 860, "eps": 0.4074, "len": 225, "time": 7214.65, "timesteps": 263499, "cpu_memory": 6.47, "cpu_percent": 22.0, "learning_rate": 0.00025, "loss_mean": 0.36, "n_updates": 0}, {"reward": 320, "eps": 0.407, "len": 133, "time": 7218.39, "timesteps": 263632, "cpu_memory": 6.47, "cpu_percent": 22.0, "learning_rate": 0.00025, "loss_mean": 0.38, "n_updates": 0}, {"reward": 1150, "eps": 0.4065, "len": 304, "time": 7226.94, "timesteps": 263936, "cpu_memory": 6.48, "cpu_percent": 22.0, "learning_rate": 0.00025, "loss_mean": 0.39, "n_updates": 0}, {"reward": 940, "eps": 0.4058, "len": 275, "time": 7234.89, "timesteps": 264211, "cpu_memory": 6.48, "cpu_percent": 22.0, "learning_rate": 0.00025, "loss_mean": 0.36, "n_updates": 0}, {"reward": 450, "eps": 0.4053, "len": 184, "time": 7240.16, "timesteps": 264395, "cpu_memory": 6.48, "cpu_percent": 22.0, "learning_rate": 0.00025, "loss_mean": 0.37, "n_updates": 0}, {"reward": 670, "eps": 0.4049, "len": 178, "time": 7245.29, "timesteps": 264573, "cpu_memory": 6.48, "cpu_percent": 22.0, "learning_rate": 0.00025, "loss_mean": 0.35, "n_updates": 0}, {"reward": 1010, "eps": 0.4044, "len": 298, "time": 7253.62, "timesteps": 264871, "cpu_memory": 6.48, "cpu_percent": 22.0, "learning_rate": 0.00025, "loss_mean": 0.38, "n_updates": 0}, {"reward": 740, "eps": 0.4038, "len": 216, "time": 7259.72, "timesteps": 265087, "cpu_memory": 6.48, "cpu_percent": 22.0, "learning_rate": 0.00025, "loss_mean": 0.36, "n_updates": 0}, {"reward": 1100, "eps": 0.4033, "len": 250, "time": 7267.07, "timesteps": 265337, "cpu_memory": 6.49, "cpu_percent": 22.0, "learning_rate": 0.00025, "loss_mean": 0.39, "n_updates": 0}, {"reward": 840, "eps": 0.4027, "len": 245, "time": 7274.0, "timesteps": 265582, "cpu_memory": 6.49, "cpu_percent": 22.0, "learning_rate": 0.00025, "loss_mean": 0.37, "n_updates": 0}, {"reward": 450, "eps": 0.4023, "len": 140, "time": 7277.96, "timesteps": 265722, "cpu_memory": 6.49, "cpu_percent": 22.0, "learning_rate": 0.00025, "loss_mean": 0.36, "n_updates": 0}, {"reward": 790, "eps": 0.4019, "len": 199, "time": 7283.53, "timesteps": 265921, "cpu_memory": 6.49, "cpu_percent": 22.0, "learning_rate": 0.00025, "loss_mean": 0.38, "n_updates": 0}, {"reward": 680, "eps": 0.4015, "len": 201, "time": 7289.23, "timesteps": 266122, "cpu_memory": 6.49, "cpu_percent": 22.0, "learning_rate": 0.00025, "loss_mean": 0.4, "n_updates": 0}, {"reward": 410, "eps": 0.401, "len": 162, "time": 7293.76, "timesteps": 266284, "cpu_memory": 6.49, "cpu_percent": 22.1, "learning_rate": 0.00025, "loss_mean": 0.39, "n_updates": 0}, {"reward": 750, "eps": 0.4006, "len": 218, "time": 7300.06, "timesteps": 266502, "cpu_memory": 6.49, "cpu_percent": 22.1, "learning_rate": 0.00025, "loss_mean": 0.37, "n_updates": 0}, {"reward": 860, "eps": 0.4001, "len": 202, "time": 7305.66, "timesteps": 266704, "cpu_memory": 6.49, "cpu_percent": 22.1, "learning_rate": 0.00025, "loss_mean": 0.36, "n_updates": 0}, {"reward": 850, "eps": 0.3996, "len": 255, "time": 7312.88, "timesteps": 266959, "cpu_memory": 6.5, "cpu_percent": 22.1, "learning_rate": 0.00025, "loss_mean": 0.34, "n_updates": 0}, {"reward": 660, "eps": 0.3991, "len": 218, "time": 7319.09, "timesteps": 267177, "cpu_memory": 6.5, "cpu_percent": 22.1, "learning_rate": 0.00025, "loss_mean": 0.36, "n_updates": 0}, {"reward": 530, "eps": 0.3987, "len": 165, "time": 7323.68, "timesteps": 267342, "cpu_memory": 6.5, "cpu_percent": 22.1, "learning_rate": 0.00025, "loss_mean": 0.35, "n_updates": 0}, {"reward": 650, "eps": 0.3982, "len": 206, "time": 7329.64, "timesteps": 267548, "cpu_memory": 6.5, "cpu_percent": 22.1, "learning_rate": 0.00025, "loss_mean": 0.36, "n_updates": 0}, {"reward": 1170, "eps": 0.3977, "len": 293, "time": 7337.97, "timesteps": 267841, "cpu_memory": 6.5, "cpu_percent": 22.1, "learning_rate": 0.00025, "loss_mean": 0.39, "n_updates": 0}, {"reward": 560, "eps": 0.3971, "len": 188, "time": 7343.26, "timesteps": 268029, "cpu_memory": 6.5, "cpu_percent": 22.1, "learning_rate": 0.00025, "loss_mean": 0.37, "n_updates": 0}, {"reward": 310, "eps": 0.3968, "len": 147, "time": 7347.52, "timesteps": 268176, "cpu_memory": 6.51, "cpu_percent": 22.1, "learning_rate": 0.00025, "loss_mean": 0.37, "n_updates": 0}, {"reward": 880, "eps": 0.3964, "len": 202, "time": 7353.24, "timesteps": 268378, "cpu_memory": 6.51, "cpu_percent": 22.1, "learning_rate": 0.00025, "loss_mean": 0.36, "n_updates": 0}, {"reward": 580, "eps": 0.3959, "len": 187, "time": 7358.53, "timesteps": 268565, "cpu_memory": 6.51, "cpu_percent": 22.1, "learning_rate": 0.00025, "loss_mean": 0.37, "n_updates": 0}, {"reward": 590, "eps": 0.3955, "len": 190, "time": 7364.02, "timesteps": 268755, "cpu_memory": 6.51, "cpu_percent": 22.1, "learning_rate": 0.00025, "loss_mean": 0.36, "n_updates": 0}, {"reward": 1170, "eps": 0.395, "len": 261, "time": 7371.4, "timesteps": 269016, "cpu_memory": 6.51, "cpu_percent": 22.1, "learning_rate": 0.00025, "loss_mean": 0.36, "n_updates": 0}, {"reward": 630, "eps": 0.3945, "len": 203, "time": 7377.08, "timesteps": 269219, "cpu_memory": 6.51, "cpu_percent": 22.1, "learning_rate": 0.00025, "loss_mean": 0.37, "n_updates": 0}, {"reward": 620, "eps": 0.394, "len": 264, "time": 7384.47, "timesteps": 269483, "cpu_memory": 6.52, "cpu_percent": 22.1, "learning_rate": 0.00025, "loss_mean": 0.33, "n_updates": 0}, {"reward": 580, "eps": 0.3935, "len": 136, "time": 7388.33, "timesteps": 269619, "cpu_memory": 6.52, "cpu_percent": 22.1, "learning_rate": 0.00025, "loss_mean": 0.39, "n_updates": 0}]