[{"reward": 850, "eps": 0.6183, "len": 251, "time": 4560.73, "timesteps": 169755, "cpu_memory": 5.82, "cpu_percent": 19.9, "learning_rate": 0.00025, "loss_mean": 0.31, "n_updates": 0}, {"reward": 820, "eps": 0.6178, "len": 209, "time": 4566.67, "timesteps": 169964, "cpu_memory": 5.82, "cpu_percent": 19.9, "learning_rate": 0.00025, "loss_mean": 0.3, "n_updates": 0}, {"reward": 510, "eps": 0.6174, "len": 159, "time": 4571.78, "timesteps": 170123, "cpu_memory": 5.83, "cpu_percent": 20.0, "learning_rate": 0.00025, "loss_mean": 0.3, "n_updates": 0}, {"reward": 570, "eps": 0.617, "len": 163, "time": 4576.41, "timesteps": 170286, "cpu_memory": 5.83, "cpu_percent": 20.0, "learning_rate": 0.00025, "loss_mean": 0.3, "n_updates": 0}, {"reward": 1030, "eps": 0.6165, "len": 276, "time": 4584.19, "timesteps": 170562, "cpu_memory": 5.83, "cpu_percent": 20.0, "learning_rate": 0.00025, "loss_mean": 0.28, "n_updates": 0}, {"reward": 420, "eps": 0.6161, "len": 160, "time": 4588.72, "timesteps": 170722, "cpu_memory": 5.83, "cpu_percent": 20.0, "learning_rate": 0.00025, "loss_mean": 0.28, "n_updates": 0}, {"reward": 870, "eps": 0.6156, "len": 272, "time": 4596.34, "timesteps": 170994, "cpu_memory": 5.83, "cpu_percent": 20.0, "learning_rate": 0.00025, "loss_mean": 0.27, "n_updates": 0}, {"reward": 700, "eps": 0.615, "len": 243, "time": 4603.17, "timesteps": 171237, "cpu_memory": 5.83, "cpu_percent": 20.0, "learning_rate": 0.00025, "loss_mean": 0.31, "n_updates": 0}, {"reward": 480, "eps": 0.6146, "len": 139, "time": 4607.07, "timesteps": 171376, "cpu_memory": 5.83, "cpu_percent": 20.0, "learning_rate": 0.00025, "loss_mean": 0.3, "n_updates": 0}, {"reward": 730, "eps": 0.6142, "len": 164, "time": 4611.62, "timesteps": 171540, "cpu_memory": 5.84, "cpu_percent": 20.0, "learning_rate": 0.00025, "loss_mean": 0.3, "n_updates": 0}, {"reward": 730, "eps": 0.6138, "len": 165, "time": 4616.23, "timesteps": 171705, "cpu_memory": 5.84, "cpu_percent": 20.0, "learning_rate": 0.00025, "loss_mean": 0.28, "n_updates": 0}, {"reward": 440, "eps": 0.6135, "len": 148, "time": 4620.37, "timesteps": 171853, "cpu_memory": 5.84, "cpu_percent": 20.0, "learning_rate": 0.00025, "loss_mean": 0.28, "n_updates": 0}, {"reward": 400, "eps": 0.6132, "len": 132, "time": 4624.05, "timesteps": 171985, "cpu_memory": 5.84, "cpu_percent": 20.0, "learning_rate": 0.00025, "loss_mean": 0.28, "n_updates": 0}, {"reward": 790, "eps": 0.6128, "len": 222, "time": 4630.03, "timesteps": 172207, "cpu_memory": 5.84, "cpu_percent": 20.0, "learning_rate": 0.00025, "loss_mean": 0.3, "n_updates": 0}, {"reward": 340, "eps": 0.6124, "len": 121, "time": 4633.52, "timesteps": 172328, "cpu_memory": 5.84, "cpu_percent": 20.0, "learning_rate": 0.00025, "loss_mean": 0.31, "n_updates": 0}, {"reward": 690, "eps": 0.612, "len": 197, "time": 4638.98, "timesteps": 172525, "cpu_memory": 5.84, "cpu_percent": 20.0, "learning_rate": 0.00025, "loss_mean": 0.31, "n_updates": 0}, {"reward": 640, "eps": 0.6116, "len": 207, "time": 4644.57, "timesteps": 172732, "cpu_memory": 5.84, "cpu_percent": 20.0, "learning_rate": 0.00025, "loss_mean": 0.31, "n_updates": 0}, {"reward": 690, "eps": 0.611, "len": 273, "time": 4651.96, "timesteps": 173005, "cpu_memory": 5.85, "cpu_percent": 20.0, "learning_rate": 0.00025, "loss_mean": 0.33, "n_updates": 0}, {"reward": 600, "eps": 0.6105, "len": 190, "time": 4657.07, "timesteps": 173195, "cpu_memory": 5.85, "cpu_percent": 20.0, "learning_rate": 0.00025, "loss_mean": 0.3, "n_updates": 0}, {"reward": 580, "eps": 0.6101, "len": 160, "time": 4661.33, "timesteps": 173355, "cpu_memory": 5.85, "cpu_percent": 20.0, "learning_rate": 0.00025, "loss_mean": 0.34, "n_updates": 0}, {"reward": 420, "eps": 0.6098, "len": 150, "time": 4665.66, "timesteps": 173505, "cpu_memory": 5.85, "cpu_percent": 20.0, "learning_rate": 0.00025, "loss_mean": 0.34, "n_updates": 0}, {"reward": 600, "eps": 0.6094, "len": 171, "time": 4670.25, "timesteps": 173676, "cpu_memory": 5.85, "cpu_percent": 20.0, "learning_rate": 0.00025, "loss_mean": 0.3, "n_updates": 0}, {"reward": 720, "eps": 0.609, "len": 181, "time": 4675.14, "timesteps": 173857, "cpu_memory": 5.85, "cpu_percent": 20.0, "learning_rate": 0.00025, "loss_mean": 0.31, "n_updates": 0}, {"reward": 440, "eps": 0.6086, "len": 177, "time": 4680.15, "timesteps": 174034, "cpu_memory": 5.85, "cpu_percent": 20.0, "learning_rate": 0.00025, "loss_mean": 0.33, "n_updates": 0}, {"reward": 790, "eps": 0.6082, "len": 216, "time": 4686.35, "timesteps": 174250, "cpu_memory": 5.85, "cpu_percent": 20.0, "learning_rate": 0.00025, "loss_mean": 0.3, "n_updates": 0}, {"reward": 690, "eps": 0.6077, "len": 188, "time": 4691.68, "timesteps": 174438, "cpu_memory": 5.85, "cpu_percent": 20.0, "learning_rate": 0.00025, "loss_mean": 0.31, "n_updates": 0}, {"reward": 360, "eps": 0.6074, "len": 128, "time": 4695.81, "timesteps": 174566, "cpu_memory": 5.86, "cpu_percent": 20.1, "learning_rate": 0.00025, "loss_mean": 0.28, "n_updates": 0}, {"reward": 710, "eps": 0.607, "len": 182, "time": 4700.85, "timesteps": 174748, "cpu_memory": 5.86, "cpu_percent": 20.1, "learning_rate": 0.00025, "loss_mean": 0.31, "n_updates": 0}, {"reward": 640, "eps": 0.6066, "len": 209, "time": 4706.66, "timesteps": 174957, "cpu_memory": 5.86, "cpu_percent": 20.1, "learning_rate": 0.00025, "loss_mean": 0.33, "n_updates": 0}, {"reward": 430, "eps": 0.6062, "len": 134, "time": 4710.35, "timesteps": 175091, "cpu_memory": 5.86, "cpu_percent": 20.1, "learning_rate": 0.00025, "loss_mean": 0.31, "n_updates": 0}, {"reward": 580, "eps": 0.6058, "len": 218, "time": 4716.34, "timesteps": 175309, "cpu_memory": 5.86, "cpu_percent": 20.1, "learning_rate": 0.00025, "loss_mean": 0.31, "n_updates": 0}, {"reward": 390, "eps": 0.6054, "len": 130, "time": 4719.91, "timesteps": 175439, "cpu_memory": 5.86, "cpu_percent": 20.1, "learning_rate": 0.00025, "loss_mean": 0.29, "n_updates": 0}, {"reward": 400, "eps": 0.6051, "len": 145, "time": 4723.92, "timesteps": 175584, "cpu_memory": 5.86, "cpu_percent": 20.1, "learning_rate": 0.00025, "loss_mean": 0.28, "n_updates": 0}, {"reward": 1100, "eps": 0.6046, "len": 329, "time": 4733.09, "timesteps": 175913, "cpu_memory": 5.86, "cpu_percent": 20.1, "learning_rate": 0.00025, "loss_mean": 0.29, "n_updates": 0}, {"reward": 280, "eps": 0.604, "len": 132, "time": 4736.78, "timesteps": 176045, "cpu_memory": 5.87, "cpu_percent": 20.1, "learning_rate": 0.00025, "loss_mean": 0.28, "n_updates": 0}, {"reward": 810, "eps": 0.6036, "len": 245, "time": 4743.47, "timesteps": 176290, "cpu_memory": 5.87, "cpu_percent": 20.1, "learning_rate": 0.00025, "loss_mean": 0.26, "n_updates": 0}, {"reward": 580, "eps": 0.6032, "len": 145, "time": 4747.49, "timesteps": 176435, "cpu_memory": 5.87, "cpu_percent": 20.1, "learning_rate": 0.00025, "loss_mean": 0.28, "n_updates": 0}, {"reward": 520, "eps": 0.6028, "len": 206, "time": 4753.11, "timesteps": 176641, "cpu_memory": 5.87, "cpu_percent": 20.1, "learning_rate": 0.00025, "loss_mean": 0.3, "n_updates": 0}, {"reward": 620, "eps": 0.6023, "len": 190, "time": 4758.41, "timesteps": 176831, "cpu_memory": 5.87, "cpu_percent": 20.1, "learning_rate": 0.00025, "loss_mean": 0.29, "n_updates": 0}, {"reward": 900, "eps": 0.6018, "len": 296, "time": 4766.67, "timesteps": 177127, "cpu_memory": 5.87, "cpu_percent": 20.1, "learning_rate": 0.00025, "loss_mean": 0.31, "n_updates": 0}, {"reward": 390, "eps": 0.6013, "len": 147, "time": 4770.83, "timesteps": 177274, "cpu_memory": 5.87, "cpu_percent": 20.1, "learning_rate": 0.00025, "loss_mean": 0.29, "n_updates": 0}, {"reward": 680, "eps": 0.6009, "len": 206, "time": 4776.7, "timesteps": 177480, "cpu_memory": 5.88, "cpu_percent": 20.1, "learning_rate": 0.00025, "loss_mean": 0.33, "n_updates": 0}, {"reward": 500, "eps": 0.6005, "len": 144, "time": 4780.73, "timesteps": 177624, "cpu_memory": 5.88, "cpu_percent": 20.1, "learning_rate": 0.00025, "loss_mean": 0.32, "n_updates": 0}, {"reward": 530, "eps": 0.6002, "len": 158, "time": 4785.19, "timesteps": 177782, "cpu_memory": 5.88, "cpu_percent": 20.1, "learning_rate": 0.00025, "loss_mean": 0.3, "n_updates": 0}, {"reward": 650, "eps": 0.5997, "len": 217, "time": 4791.27, "timesteps": 177999, "cpu_memory": 5.88, "cpu_percent": 20.1, "learning_rate": 0.00025, "loss_mean": 0.31, "n_updates": 0}, {"reward": 770, "eps": 0.5993, "len": 222, "time": 4797.34, "timesteps": 178221, "cpu_memory": 5.88, "cpu_percent": 20.1, "learning_rate": 0.00025, "loss_mean": 0.3, "n_updates": 0}, {"reward": 780, "eps": 0.5988, "len": 181, "time": 4802.34, "timesteps": 178402, "cpu_memory": 5.88, "cpu_percent": 20.1, "learning_rate": 0.00025, "loss_mean": 0.3, "n_updates": 0}, {"reward": 980, "eps": 0.5983, "len": 223, "time": 4808.44, "timesteps": 178625, "cpu_memory": 5.88, "cpu_percent": 20.1, "learning_rate": 0.00025, "loss_mean": 0.29, "n_updates": 0}, {"reward": 410, "eps": 0.5979, "len": 139, "time": 4812.29, "timesteps": 178764, "cpu_memory": 5.88, "cpu_percent": 20.1, "learning_rate": 0.00025, "loss_mean": 0.3, "n_updates": 0}, {"reward": 990, "eps": 0.5975, "len": 245, "time": 4818.91, "timesteps": 179009, "cpu_memory": 5.89, "cpu_percent": 20.1, "learning_rate": 0.00025, "loss_mean": 0.33, "n_updates": 0}, {"reward": 430, "eps": 0.597, "len": 177, "time": 4823.98, "timesteps": 179186, "cpu_memory": 5.89, "cpu_percent": 20.1, "learning_rate": 0.00025, "loss_mean": 0.33, "n_updates": 0}, {"reward": 770, "eps": 0.5966, "len": 214, "time": 4829.89, "timesteps": 179400, "cpu_memory": 5.89, "cpu_percent": 20.1, "learning_rate": 0.00025, "loss_mean": 0.29, "n_updates": 0}]