[{"reward": 820, "eps": 0.1, "len": 235, "time": 22792.0, "timesteps": 779890, "cpu_memory": 10.46, "cpu_percent": 34.8, "learning_rate": 0.00025, "loss_mean": 0.2, "n_updates": 0}, {"reward": 1180, "eps": 0.1, "len": 780184, "time": 22801.36, "timesteps": 780184, "cpu_memory": 10.45, "cpu_percent": 34.7, "learning_rate": 0.00025, "loss_mean": 0.2, "n_updates": 0}, {"reward": 890, "eps": 0.1, "len": 263, "time": 22809.25, "timesteps": 780447, "cpu_memory": 10.46, "cpu_percent": 34.8, "learning_rate": 0.00025, "loss_mean": 0.2, "n_updates": 0}, {"reward": 1040, "eps": 0.1, "len": 288, "time": 22817.69, "timesteps": 780735, "cpu_memory": 10.46, "cpu_percent": 34.8, "learning_rate": 0.00025, "loss_mean": 0.19, "n_updates": 0}, {"reward": 740, "eps": 0.1, "len": 233, "time": 22824.67, "timesteps": 780968, "cpu_memory": 10.46, "cpu_percent": 34.8, "learning_rate": 0.00025, "loss_mean": 0.2, "n_updates": 0}, {"reward": 1060, "eps": 0.1, "len": 283, "time": 22832.93, "timesteps": 781251, "cpu_memory": 10.46, "cpu_percent": 34.8, "learning_rate": 0.00025, "loss_mean": 0.2, "n_updates": 0}, {"reward": 640, "eps": 0.1, "len": 217, "time": 22839.33, "timesteps": 781468, "cpu_memory": 10.46, "cpu_percent": 34.8, "learning_rate": 0.00025, "loss_mean": 0.21, "n_updates": 0}, {"reward": 930, "eps": 0.1, "len": 234, "time": 22846.25, "timesteps": 781702, "cpu_memory": 10.47, "cpu_percent": 34.8, "learning_rate": 0.00025, "loss_mean": 0.2, "n_updates": 0}, {"reward": 1020, "eps": 0.1, "len": 237, "time": 22853.17, "timesteps": 781939, "cpu_memory": 10.47, "cpu_percent": 34.8, "learning_rate": 0.00025, "loss_mean": 0.21, "n_updates": 0}, {"reward": 860, "eps": 0.1, "len": 234, "time": 22860.1, "timesteps": 782173, "cpu_memory": 10.47, "cpu_percent": 34.8, "learning_rate": 0.00025, "loss_mean": 0.2, "n_updates": 0}, {"reward": 1230, "eps": 0.1, "len": 268, "time": 22867.96, "timesteps": 782441, "cpu_memory": 10.47, "cpu_percent": 34.8, "learning_rate": 0.00025, "loss_mean": 0.21, "n_updates": 0}, {"reward": 690, "eps": 0.1, "len": 174, "time": 22873.09, "timesteps": 782615, "cpu_memory": 10.47, "cpu_percent": 34.8, "learning_rate": 0.00025, "loss_mean": 0.19, "n_updates": 0}, {"reward": 680, "eps": 0.1, "len": 199, "time": 22878.84, "timesteps": 782814, "cpu_memory": 10.48, "cpu_percent": 34.8, "learning_rate": 0.00025, "loss_mean": 0.22, "n_updates": 0}, {"reward": 950, "eps": 0.1, "len": 202, "time": 22884.81, "timesteps": 783016, "cpu_memory": 10.48, "cpu_percent": 34.9, "learning_rate": 0.00025, "loss_mean": 0.2, "n_updates": 0}, {"reward": 960, "eps": 0.1, "len": 242, "time": 22891.83, "timesteps": 783258, "cpu_memory": 10.48, "cpu_percent": 34.9, "learning_rate": 0.00025, "loss_mean": 0.2, "n_updates": 0}, {"reward": 780, "eps": 0.1, "len": 196, "time": 22897.57, "timesteps": 783454, "cpu_memory": 10.48, "cpu_percent": 34.9, "learning_rate": 0.00025, "loss_mean": 0.2, "n_updates": 0}, {"reward": 1200, "eps": 0.1, "len": 276, "time": 22905.66, "timesteps": 783730, "cpu_memory": 10.48, "cpu_percent": 34.9, "learning_rate": 0.00025, "loss_mean": 0.2, "n_updates": 0}, {"reward": 1150, "eps": 0.1, "len": 266, "time": 22913.32, "timesteps": 783996, "cpu_memory": 10.48, "cpu_percent": 34.9, "learning_rate": 0.00025, "loss_mean": 0.21, "n_updates": 0}, {"reward": 710, "eps": 0.1, "len": 196, "time": 22919.09, "timesteps": 784192, "cpu_memory": 10.49, "cpu_percent": 34.9, "learning_rate": 0.00025, "loss_mean": 0.2, "n_updates": 0}, {"reward": 1180, "eps": 0.1, "len": 237, "time": 22925.98, "timesteps": 784429, "cpu_memory": 10.49, "cpu_percent": 34.9, "learning_rate": 0.00025, "loss_mean": 0.21, "n_updates": 0}, {"reward": 880, "eps": 0.1, "len": 214, "time": 22932.17, "timesteps": 784643, "cpu_memory": 10.49, "cpu_percent": 34.9, "learning_rate": 0.00025, "loss_mean": 0.19, "n_updates": 0}, {"reward": 590, "eps": 0.1, "len": 218, "time": 22938.52, "timesteps": 784861, "cpu_memory": 10.49, "cpu_percent": 34.9, "learning_rate": 0.00025, "loss_mean": 0.2, "n_updates": 0}, {"reward": 1010, "eps": 0.1, "len": 198, "time": 22944.27, "timesteps": 785059, "cpu_memory": 10.49, "cpu_percent": 34.9, "learning_rate": 0.00025, "loss_mean": 0.21, "n_updates": 0}, {"reward": 980, "eps": 0.1, "len": 239, "time": 22951.25, "timesteps": 785298, "cpu_memory": 10.49, "cpu_percent": 34.9, "learning_rate": 0.00025, "loss_mean": 0.2, "n_updates": 0}, {"reward": 880, "eps": 0.1, "len": 210, "time": 22957.4, "timesteps": 785508, "cpu_memory": 10.5, "cpu_percent": 35.0, "learning_rate": 0.00025, "loss_mean": 0.21, "n_updates": 0}, {"reward": 1310, "eps": 0.1, "len": 360, "time": 22967.89, "timesteps": 785868, "cpu_memory": 10.5, "cpu_percent": 35.0, "learning_rate": 0.00025, "loss_mean": 0.2, "n_updates": 0}, {"reward": 770, "eps": 0.1, "len": 203, "time": 22973.79, "timesteps": 786071, "cpu_memory": 10.5, "cpu_percent": 35.0, "learning_rate": 0.00025, "loss_mean": 0.21, "n_updates": 0}, {"reward": 960, "eps": 0.1, "len": 240, "time": 22980.76, "timesteps": 786311, "cpu_memory": 10.5, "cpu_percent": 35.0, "learning_rate": 0.00025, "loss_mean": 0.21, "n_updates": 0}, {"reward": 730, "eps": 0.1, "len": 161, "time": 22985.48, "timesteps": 786472, "cpu_memory": 10.5, "cpu_percent": 35.0, "learning_rate": 0.00025, "loss_mean": 0.2, "n_updates": 0}, {"reward": 1010, "eps": 0.1, "len": 288, "time": 22993.79, "timesteps": 786760, "cpu_memory": 10.51, "cpu_percent": 35.0, "learning_rate": 0.00025, "loss_mean": 0.2, "n_updates": 0}, {"reward": 870, "eps": 0.1, "len": 210, "time": 23000.0, "timesteps": 786970, "cpu_memory": 10.51, "cpu_percent": 35.0, "learning_rate": 0.00025, "loss_mean": 0.21, "n_updates": 0}, {"reward": 950, "eps": 0.1, "len": 199, "time": 23005.79, "timesteps": 787169, "cpu_memory": 10.51, "cpu_percent": 35.0, "learning_rate": 0.00025, "loss_mean": 0.2, "n_updates": 0}, {"reward": 490, "eps": 0.1, "len": 134, "time": 23009.8, "timesteps": 787303, "cpu_memory": 10.51, "cpu_percent": 35.0, "learning_rate": 0.00025, "loss_mean": 0.19, "n_updates": 0}, {"reward": 640, "eps": 0.1, "len": 150, "time": 23014.23, "timesteps": 787453, "cpu_memory": 10.51, "cpu_percent": 35.0, "learning_rate": 0.00025, "loss_mean": 0.2, "n_updates": 0}, {"reward": 990, "eps": 0.1, "len": 218, "time": 23020.48, "timesteps": 787671, "cpu_memory": 10.51, "cpu_percent": 35.0, "learning_rate": 0.00025, "loss_mean": 0.2, "n_updates": 0}, {"reward": 1020, "eps": 0.1, "len": 212, "time": 23026.68, "timesteps": 787883, "cpu_memory": 10.51, "cpu_percent": 35.0, "learning_rate": 0.00025, "loss_mean": 0.2, "n_updates": 0}, {"reward": 510, "eps": 0.1, "len": 193, "time": 23032.37, "timesteps": 788076, "cpu_memory": 10.52, "cpu_percent": 35.0, "learning_rate": 0.00025, "loss_mean": 0.2, "n_updates": 0}, {"reward": 1080, "eps": 0.1, "len": 277, "time": 23040.57, "timesteps": 788353, "cpu_memory": 10.52, "cpu_percent": 35.0, "learning_rate": 0.00025, "loss_mean": 0.2, "n_updates": 0}, {"reward": 930, "eps": 0.1, "len": 218, "time": 23046.95, "timesteps": 788571, "cpu_memory": 10.52, "cpu_percent": 35.1, "learning_rate": 0.00025, "loss_mean": 0.2, "n_updates": 0}, {"reward": 600, "eps": 0.1, "len": 146, "time": 23051.16, "timesteps": 788717, "cpu_memory": 10.52, "cpu_percent": 35.1, "learning_rate": 0.00025, "loss_mean": 0.2, "n_updates": 0}, {"reward": 800, "eps": 0.1, "len": 221, "time": 23057.53, "timesteps": 788938, "cpu_memory": 10.52, "cpu_percent": 35.1, "learning_rate": 0.00025, "loss_mean": 0.2, "n_updates": 0}, {"reward": 740, "eps": 0.1, "len": 169, "time": 23062.6, "timesteps": 789107, "cpu_memory": 10.52, "cpu_percent": 35.1, "learning_rate": 0.00025, "loss_mean": 0.19, "n_updates": 0}, {"reward": 570, "eps": 0.1, "len": 197, "time": 23068.36, "timesteps": 789304, "cpu_memory": 10.53, "cpu_percent": 35.1, "learning_rate": 0.00025, "loss_mean": 0.2, "n_updates": 0}, {"reward": 1130, "eps": 0.1, "len": 258, "time": 23075.93, "timesteps": 789562, "cpu_memory": 10.53, "cpu_percent": 35.1, "learning_rate": 0.00025, "loss_mean": 0.21, "n_updates": 0}]