[{"reward": 950, "eps": 0.596, "len": 293, "time": 4837.83, "timesteps": 179693, "cpu_memory": 5.89, "cpu_percent": 20.2, "learning_rate": 0.00025, "loss_mean": 0.32, "n_updates": 0}, {"reward": 460, "eps": 0.5955, "len": 144, "time": 4841.77, "timesteps": 179837, "cpu_memory": 5.89, "cpu_percent": 20.2, "learning_rate": 0.00025, "loss_mean": 0.32, "n_updates": 0}, {"reward": 460, "eps": 0.5952, "len": 155, "time": 4846.03, "timesteps": 179992, "cpu_memory": 5.89, "cpu_percent": 20.2, "learning_rate": 0.00025, "loss_mean": 0.36, "n_updates": 0}, {"reward": 470, "eps": 0.5948, "len": 155, "time": 4850.87, "timesteps": 180147, "cpu_memory": 5.89, "cpu_percent": 20.1, "learning_rate": 0.00025, "loss_mean": 0.33, "n_updates": 0}, {"reward": 750, "eps": 0.5944, "len": 208, "time": 4856.7, "timesteps": 180355, "cpu_memory": 5.89, "cpu_percent": 20.2, "learning_rate": 0.00025, "loss_mean": 0.32, "n_updates": 0}, {"reward": 580, "eps": 0.594, "len": 157, "time": 4861.1, "timesteps": 180512, "cpu_memory": 5.9, "cpu_percent": 20.2, "learning_rate": 0.00025, "loss_mean": 0.32, "n_updates": 0}, {"reward": 490, "eps": 0.5937, "len": 162, "time": 4865.74, "timesteps": 180674, "cpu_memory": 5.9, "cpu_percent": 20.2, "learning_rate": 0.00025, "loss_mean": 0.32, "n_updates": 0}, {"reward": 500, "eps": 0.5933, "len": 155, "time": 4870.06, "timesteps": 180829, "cpu_memory": 5.9, "cpu_percent": 20.2, "learning_rate": 0.00025, "loss_mean": 0.32, "n_updates": 0}, {"reward": 570, "eps": 0.5929, "len": 166, "time": 4874.71, "timesteps": 180995, "cpu_memory": 5.9, "cpu_percent": 20.1, "learning_rate": 0.00025, "loss_mean": 0.3, "n_updates": 0}, {"reward": 920, "eps": 0.5925, "len": 222, "time": 4880.83, "timesteps": 181217, "cpu_memory": 5.9, "cpu_percent": 20.1, "learning_rate": 0.00025, "loss_mean": 0.29, "n_updates": 0}, {"reward": 620, "eps": 0.592, "len": 205, "time": 4886.66, "timesteps": 181422, "cpu_memory": 5.9, "cpu_percent": 20.1, "learning_rate": 0.00025, "loss_mean": 0.33, "n_updates": 0}, {"reward": 860, "eps": 0.5915, "len": 283, "time": 4894.39, "timesteps": 181705, "cpu_memory": 5.9, "cpu_percent": 20.1, "learning_rate": 0.00025, "loss_mean": 0.36, "n_updates": 0}, {"reward": 890, "eps": 0.5909, "len": 231, "time": 4900.7, "timesteps": 181936, "cpu_memory": 5.91, "cpu_percent": 20.1, "learning_rate": 0.00025, "loss_mean": 0.33, "n_updates": 0}, {"reward": 480, "eps": 0.5904, "len": 175, "time": 4905.51, "timesteps": 182111, "cpu_memory": 5.91, "cpu_percent": 20.1, "learning_rate": 0.00025, "loss_mean": 0.33, "n_updates": 0}, {"reward": 480, "eps": 0.5901, "len": 151, "time": 4909.73, "timesteps": 182262, "cpu_memory": 5.91, "cpu_percent": 20.1, "learning_rate": 0.00025, "loss_mean": 0.33, "n_updates": 0}, {"reward": 950, "eps": 0.5897, "len": 223, "time": 4915.89, "timesteps": 182485, "cpu_memory": 5.91, "cpu_percent": 20.2, "learning_rate": 0.00025, "loss_mean": 0.34, "n_updates": 0}, {"reward": 560, "eps": 0.5892, "len": 196, "time": 4921.27, "timesteps": 182681, "cpu_memory": 5.91, "cpu_percent": 20.2, "learning_rate": 0.00025, "loss_mean": 0.33, "n_updates": 0}, {"reward": 910, "eps": 0.5887, "len": 264, "time": 4928.5, "timesteps": 182945, "cpu_memory": 5.91, "cpu_percent": 20.2, "learning_rate": 0.00025, "loss_mean": 0.34, "n_updates": 0}, {"reward": 780, "eps": 0.5881, "len": 210, "time": 4934.25, "timesteps": 183155, "cpu_memory": 5.91, "cpu_percent": 20.2, "learning_rate": 0.00025, "loss_mean": 0.34, "n_updates": 0}, {"reward": 580, "eps": 0.5877, "len": 192, "time": 4939.51, "timesteps": 183347, "cpu_memory": 5.91, "cpu_percent": 20.2, "learning_rate": 0.00025, "loss_mean": 0.35, "n_updates": 0}, {"reward": 630, "eps": 0.5873, "len": 187, "time": 4944.68, "timesteps": 183534, "cpu_memory": 5.92, "cpu_percent": 20.2, "learning_rate": 0.00025, "loss_mean": 0.36, "n_updates": 0}, {"reward": 560, "eps": 0.5868, "len": 181, "time": 4949.92, "timesteps": 183715, "cpu_memory": 5.92, "cpu_percent": 20.2, "learning_rate": 0.00025, "loss_mean": 0.34, "n_updates": 0}, {"reward": 430, "eps": 0.5865, "len": 145, "time": 4953.9, "timesteps": 183860, "cpu_memory": 5.92, "cpu_percent": 20.2, "learning_rate": 0.00025, "loss_mean": 0.33, "n_updates": 0}, {"reward": 520, "eps": 0.5862, "len": 138, "time": 4957.65, "timesteps": 183998, "cpu_memory": 5.92, "cpu_percent": 20.2, "learning_rate": 0.00025, "loss_mean": 0.29, "n_updates": 0}, {"reward": 670, "eps": 0.5858, "len": 222, "time": 4963.73, "timesteps": 184220, "cpu_memory": 5.92, "cpu_percent": 20.2, "learning_rate": 0.00025, "loss_mean": 0.33, "n_updates": 0}, {"reward": 280, "eps": 0.5854, "len": 99, "time": 4966.53, "timesteps": 184319, "cpu_memory": 5.92, "cpu_percent": 20.2, "learning_rate": 0.00025, "loss_mean": 0.31, "n_updates": 0}, {"reward": 450, "eps": 0.5851, "len": 126, "time": 4970.02, "timesteps": 184445, "cpu_memory": 5.92, "cpu_percent": 20.2, "learning_rate": 0.00025, "loss_mean": 0.32, "n_updates": 0}, {"reward": 490, "eps": 0.5848, "len": 206, "time": 4975.73, "timesteps": 184651, "cpu_memory": 5.92, "cpu_percent": 20.2, "learning_rate": 0.00025, "loss_mean": 0.34, "n_updates": 0}, {"reward": 280, "eps": 0.5844, "len": 133, "time": 4979.5, "timesteps": 184784, "cpu_memory": 5.92, "cpu_percent": 20.2, "learning_rate": 0.00025, "loss_mean": 0.37, "n_updates": 0}, {"reward": 580, "eps": 0.584, "len": 174, "time": 4984.33, "timesteps": 184958, "cpu_memory": 5.93, "cpu_percent": 20.2, "learning_rate": 0.00025, "loss_mean": 0.37, "n_updates": 0}, {"reward": 290, "eps": 0.5837, "len": 99, "time": 4987.05, "timesteps": 185057, "cpu_memory": 5.93, "cpu_percent": 20.2, "learning_rate": 0.00025, "loss_mean": 0.39, "n_updates": 0}, {"reward": 450, "eps": 0.5835, "len": 131, "time": 4990.69, "timesteps": 185188, "cpu_memory": 5.93, "cpu_percent": 20.2, "learning_rate": 0.00025, "loss_mean": 0.35, "n_updates": 0}, {"reward": 880, "eps": 0.5831, "len": 200, "time": 4996.2, "timesteps": 185388, "cpu_memory": 5.93, "cpu_percent": 20.2, "learning_rate": 0.00025, "loss_mean": 0.33, "n_updates": 0}, {"reward": 720, "eps": 0.5827, "len": 181, "time": 5001.31, "timesteps": 185569, "cpu_memory": 5.93, "cpu_percent": 20.2, "learning_rate": 0.00025, "loss_mean": 0.32, "n_updates": 0}, {"reward": 400, "eps": 0.5822, "len": 200, "time": 5007.01, "timesteps": 185769, "cpu_memory": 5.93, "cpu_percent": 20.2, "learning_rate": 0.00025, "loss_mean": 0.3, "n_updates": 0}, {"reward": 780, "eps": 0.5818, "len": 226, "time": 5013.37, "timesteps": 185995, "cpu_memory": 5.93, "cpu_percent": 20.3, "learning_rate": 0.00025, "loss_mean": 0.31, "n_updates": 0}, {"reward": 330, "eps": 0.5813, "len": 145, "time": 5017.43, "timesteps": 186140, "cpu_memory": 5.93, "cpu_percent": 20.3, "learning_rate": 0.00025, "loss_mean": 0.32, "n_updates": 0}, {"reward": 720, "eps": 0.581, "len": 174, "time": 5022.28, "timesteps": 186314, "cpu_memory": 5.93, "cpu_percent": 20.3, "learning_rate": 0.00025, "loss_mean": 0.35, "n_updates": 0}, {"reward": 950, "eps": 0.5805, "len": 295, "time": 5030.33, "timesteps": 186609, "cpu_memory": 5.94, "cpu_percent": 20.3, "learning_rate": 0.00025, "loss_mean": 0.33, "n_updates": 0}, {"reward": 640, "eps": 0.5799, "len": 196, "time": 5036.02, "timesteps": 186805, "cpu_memory": 5.94, "cpu_percent": 20.3, "learning_rate": 0.00025, "loss_mean": 0.31, "n_updates": 0}, {"reward": 520, "eps": 0.5795, "len": 170, "time": 5040.88, "timesteps": 186975, "cpu_memory": 5.94, "cpu_percent": 20.3, "learning_rate": 0.00025, "loss_mean": 0.32, "n_updates": 0}, {"reward": 580, "eps": 0.5791, "len": 210, "time": 5046.82, "timesteps": 187185, "cpu_memory": 5.94, "cpu_percent": 20.3, "learning_rate": 0.00025, "loss_mean": 0.31, "n_updates": 0}, {"reward": 400, "eps": 0.5786, "len": 175, "time": 5052.04, "timesteps": 187360, "cpu_memory": 5.94, "cpu_percent": 20.3, "learning_rate": 0.00025, "loss_mean": 0.32, "n_updates": 0}, {"reward": 370, "eps": 0.5783, "len": 154, "time": 5056.52, "timesteps": 187514, "cpu_memory": 5.94, "cpu_percent": 20.3, "learning_rate": 0.00025, "loss_mean": 0.32, "n_updates": 0}, {"reward": 740, "eps": 0.5779, "len": 199, "time": 5062.12, "timesteps": 187713, "cpu_memory": 5.94, "cpu_percent": 20.3, "learning_rate": 0.00025, "loss_mean": 0.34, "n_updates": 0}, {"reward": 540, "eps": 0.5775, "len": 167, "time": 5066.92, "timesteps": 187880, "cpu_memory": 5.95, "cpu_percent": 20.3, "learning_rate": 0.00025, "loss_mean": 0.33, "n_updates": 0}, {"reward": 540, "eps": 0.577, "len": 224, "time": 5073.55, "timesteps": 188104, "cpu_memory": 5.95, "cpu_percent": 20.3, "learning_rate": 0.00025, "loss_mean": 0.32, "n_updates": 0}, {"reward": 730, "eps": 0.5765, "len": 222, "time": 5079.98, "timesteps": 188326, "cpu_memory": 5.95, "cpu_percent": 20.3, "learning_rate": 0.00025, "loss_mean": 0.29, "n_updates": 0}, {"reward": 470, "eps": 0.5761, "len": 139, "time": 5084.05, "timesteps": 188465, "cpu_memory": 5.95, "cpu_percent": 20.3, "learning_rate": 0.00025, "loss_mean": 0.29, "n_updates": 0}, {"reward": 560, "eps": 0.5757, "len": 191, "time": 5089.27, "timesteps": 188656, "cpu_memory": 5.95, "cpu_percent": 20.3, "learning_rate": 0.00025, "loss_mean": 0.33, "n_updates": 0}, {"reward": 450, "eps": 0.5753, "len": 162, "time": 5094.03, "timesteps": 188818, "cpu_memory": 5.95, "cpu_percent": 20.3, "learning_rate": 0.00025, "loss_mean": 0.33, "n_updates": 0}, {"reward": 370, "eps": 0.575, "len": 150, "time": 5098.43, "timesteps": 188968, "cpu_memory": 5.95, "cpu_percent": 20.3, "learning_rate": 0.00025, "loss_mean": 0.31, "n_updates": 0}, {"reward": 560, "eps": 0.5746, "len": 214, "time": 5104.74, "timesteps": 189182, "cpu_memory": 5.95, "cpu_percent": 20.3, "learning_rate": 0.00025, "loss_mean": 0.31, "n_updates": 0}, {"reward": 420, "eps": 0.5742, "len": 139, "time": 5108.66, "timesteps": 189321, "cpu_memory": 5.96, "cpu_percent": 20.3, "learning_rate": 0.00025, "loss_mean": 0.3, "n_updates": 0}, {"reward": 700, "eps": 0.5738, "len": 187, "time": 5113.75, "timesteps": 189508, "cpu_memory": 5.96, "cpu_percent": 20.3, "learning_rate": 0.00025, "loss_mean": 0.31, "n_updates": 0}, {"reward": 800, "eps": 0.5734, "len": 219, "time": 5119.84, "timesteps": 189727, "cpu_memory": 5.96, "cpu_percent": 20.3, "learning_rate": 0.00025, "loss_mean": 0.31, "n_updates": 0}]