[{"reward": 970, "eps": 0.1, "len": 264, "time": 15136.92, "timesteps": 519251, "cpu_memory": 8.42, "cpu_percent": 28.3, "learning_rate": 0.00025, "loss_mean": 0.29, "n_updates": 0}, {"reward": 590, "eps": 0.1, "len": 149, "time": 15141.27, "timesteps": 519400, "cpu_memory": 8.43, "cpu_percent": 28.3, "learning_rate": 0.00025, "loss_mean": 0.29, "n_updates": 0}, {"reward": 1450, "eps": 0.1, "len": 325, "time": 15150.71, "timesteps": 519725, "cpu_memory": 8.43, "cpu_percent": 28.3, "learning_rate": 0.00025, "loss_mean": 0.29, "n_updates": 0}, {"reward": 1140, "eps": 0.1, "len": 292, "time": 15159.89, "timesteps": 520017, "cpu_memory": 8.43, "cpu_percent": 28.3, "learning_rate": 0.00025, "loss_mean": 0.29, "n_updates": 0}, {"reward": 1080, "eps": 0.1, "len": 239, "time": 15167.01, "timesteps": 520256, "cpu_memory": 8.43, "cpu_percent": 28.3, "learning_rate": 0.00025, "loss_mean": 0.29, "n_updates": 0}, {"reward": 840, "eps": 0.1, "len": 233, "time": 15173.8, "timesteps": 520489, "cpu_memory": 8.43, "cpu_percent": 28.3, "learning_rate": 0.00025, "loss_mean": 0.29, "n_updates": 0}, {"reward": 950, "eps": 0.1, "len": 299, "time": 15182.63, "timesteps": 520788, "cpu_memory": 8.44, "cpu_percent": 28.3, "learning_rate": 0.00025, "loss_mean": 0.3, "n_updates": 0}, {"reward": 440, "eps": 0.1, "len": 177, "time": 15187.82, "timesteps": 520965, "cpu_memory": 8.44, "cpu_percent": 28.3, "learning_rate": 0.00025, "loss_mean": 0.29, "n_updates": 0}, {"reward": 1440, "eps": 0.1, "len": 271, "time": 15195.78, "timesteps": 521236, "cpu_memory": 8.44, "cpu_percent": 28.3, "learning_rate": 0.00025, "loss_mean": 0.29, "n_updates": 0}, {"reward": 470, "eps": 0.1, "len": 125, "time": 15199.62, "timesteps": 521361, "cpu_memory": 8.44, "cpu_percent": 28.3, "learning_rate": 0.00025, "loss_mean": 0.31, "n_updates": 0}, {"reward": 450, "eps": 0.1, "len": 151, "time": 15203.96, "timesteps": 521512, "cpu_memory": 8.44, "cpu_percent": 28.3, "learning_rate": 0.00025, "loss_mean": 0.31, "n_updates": 0}, {"reward": 1050, "eps": 0.1, "len": 234, "time": 15210.82, "timesteps": 521746, "cpu_memory": 8.44, "cpu_percent": 28.3, "learning_rate": 0.00025, "loss_mean": 0.29, "n_updates": 0}, {"reward": 1110, "eps": 0.1, "len": 267, "time": 15218.56, "timesteps": 522013, "cpu_memory": 8.45, "cpu_percent": 28.3, "learning_rate": 0.00025, "loss_mean": 0.29, "n_updates": 0}, {"reward": 930, "eps": 0.1, "len": 245, "time": 15225.89, "timesteps": 522258, "cpu_memory": 8.45, "cpu_percent": 28.3, "learning_rate": 0.00025, "loss_mean": 0.28, "n_updates": 0}, {"reward": 1160, "eps": 0.1, "len": 287, "time": 15234.3, "timesteps": 522545, "cpu_memory": 8.45, "cpu_percent": 28.4, "learning_rate": 0.00025, "loss_mean": 0.3, "n_updates": 0}, {"reward": 1030, "eps": 0.1, "len": 261, "time": 15241.97, "timesteps": 522806, "cpu_memory": 8.45, "cpu_percent": 28.4, "learning_rate": 0.00025, "loss_mean": 0.28, "n_updates": 0}, {"reward": 520, "eps": 0.1, "len": 205, "time": 15247.98, "timesteps": 523011, "cpu_memory": 8.45, "cpu_percent": 28.4, "learning_rate": 0.00025, "loss_mean": 0.27, "n_updates": 0}, {"reward": 760, "eps": 0.1, "len": 259, "time": 15255.7, "timesteps": 523270, "cpu_memory": 8.46, "cpu_percent": 28.4, "learning_rate": 0.00025, "loss_mean": 0.29, "n_updates": 0}, {"reward": 720, "eps": 0.1, "len": 190, "time": 15261.41, "timesteps": 523460, "cpu_memory": 8.46, "cpu_percent": 28.4, "learning_rate": 0.00025, "loss_mean": 0.31, "n_updates": 0}, {"reward": 710, "eps": 0.1, "len": 174, "time": 15266.48, "timesteps": 523634, "cpu_memory": 8.46, "cpu_percent": 28.4, "learning_rate": 0.00025, "loss_mean": 0.3, "n_updates": 0}, {"reward": 770, "eps": 0.1, "len": 183, "time": 15271.79, "timesteps": 523817, "cpu_memory": 8.46, "cpu_percent": 28.4, "learning_rate": 0.00025, "loss_mean": 0.31, "n_updates": 0}, {"reward": 940, "eps": 0.1, "len": 271, "time": 15279.63, "timesteps": 524088, "cpu_memory": 8.46, "cpu_percent": 28.4, "learning_rate": 0.00025, "loss_mean": 0.28, "n_updates": 0}, {"reward": 610, "eps": 0.1, "len": 172, "time": 15284.77, "timesteps": 524260, "cpu_memory": 8.46, "cpu_percent": 28.4, "learning_rate": 0.00025, "loss_mean": 0.27, "n_updates": 0}, {"reward": 750, "eps": 0.1, "len": 228, "time": 15291.49, "timesteps": 524488, "cpu_memory": 8.47, "cpu_percent": 28.4, "learning_rate": 0.00025, "loss_mean": 0.28, "n_updates": 0}, {"reward": 1110, "eps": 0.1, "len": 249, "time": 15298.71, "timesteps": 524737, "cpu_memory": 8.47, "cpu_percent": 28.4, "learning_rate": 0.00025, "loss_mean": 0.28, "n_updates": 0}, {"reward": 850, "eps": 0.1, "len": 220, "time": 15305.23, "timesteps": 524957, "cpu_memory": 8.47, "cpu_percent": 28.4, "learning_rate": 0.00025, "loss_mean": 0.29, "n_updates": 0}, {"reward": 1310, "eps": 0.1, "len": 273, "time": 15313.18, "timesteps": 525230, "cpu_memory": 8.47, "cpu_percent": 28.4, "learning_rate": 0.00025, "loss_mean": 0.28, "n_updates": 0}, {"reward": 960, "eps": 0.1, "len": 212, "time": 15319.42, "timesteps": 525442, "cpu_memory": 8.47, "cpu_percent": 28.4, "learning_rate": 0.00025, "loss_mean": 0.28, "n_updates": 0}, {"reward": 570, "eps": 0.1, "len": 163, "time": 15324.32, "timesteps": 525605, "cpu_memory": 8.47, "cpu_percent": 28.4, "learning_rate": 0.00025, "loss_mean": 0.28, "n_updates": 0}, {"reward": 1320, "eps": 0.1, "len": 349, "time": 15334.45, "timesteps": 525954, "cpu_memory": 8.48, "cpu_percent": 28.4, "learning_rate": 0.00025, "loss_mean": 0.29, "n_updates": 0}, {"reward": 730, "eps": 0.1, "len": 210, "time": 15340.65, "timesteps": 526164, "cpu_memory": 8.48, "cpu_percent": 28.4, "learning_rate": 0.00025, "loss_mean": 0.29, "n_updates": 0}, {"reward": 750, "eps": 0.1, "len": 171, "time": 15345.74, "timesteps": 526335, "cpu_memory": 8.48, "cpu_percent": 28.4, "learning_rate": 0.00025, "loss_mean": 0.28, "n_updates": 0}, {"reward": 1200, "eps": 0.1, "len": 233, "time": 15352.54, "timesteps": 526568, "cpu_memory": 8.48, "cpu_percent": 28.4, "learning_rate": 0.00025, "loss_mean": 0.3, "n_updates": 0}, {"reward": 860, "eps": 0.1, "len": 225, "time": 15359.29, "timesteps": 526793, "cpu_memory": 8.48, "cpu_percent": 28.5, "learning_rate": 0.00025, "loss_mean": 0.28, "n_updates": 0}, {"reward": 710, "eps": 0.1, "len": 170, "time": 15364.46, "timesteps": 526963, "cpu_memory": 8.48, "cpu_percent": 28.5, "learning_rate": 0.00025, "loss_mean": 0.29, "n_updates": 0}, {"reward": 1300, "eps": 0.1, "len": 334, "time": 15374.2, "timesteps": 527297, "cpu_memory": 8.49, "cpu_percent": 28.5, "learning_rate": 0.00025, "loss_mean": 0.29, "n_updates": 0}, {"reward": 750, "eps": 0.1, "len": 220, "time": 15380.69, "timesteps": 527517, "cpu_memory": 8.49, "cpu_percent": 28.5, "learning_rate": 0.00025, "loss_mean": 0.29, "n_updates": 0}, {"reward": 880, "eps": 0.1, "len": 205, "time": 15386.78, "timesteps": 527722, "cpu_memory": 8.49, "cpu_percent": 28.5, "learning_rate": 0.00025, "loss_mean": 0.29, "n_updates": 0}, {"reward": 1120, "eps": 0.1, "len": 283, "time": 15395.0, "timesteps": 528005, "cpu_memory": 8.49, "cpu_percent": 28.5, "learning_rate": 0.00025, "loss_mean": 0.29, "n_updates": 0}, {"reward": 660, "eps": 0.1, "len": 152, "time": 15399.4, "timesteps": 528157, "cpu_memory": 8.49, "cpu_percent": 28.5, "learning_rate": 0.00025, "loss_mean": 0.29, "n_updates": 0}, {"reward": 450, "eps": 0.1, "len": 120, "time": 15402.97, "timesteps": 528277, "cpu_memory": 8.5, "cpu_percent": 28.5, "learning_rate": 0.00025, "loss_mean": 0.28, "n_updates": 0}, {"reward": 1250, "eps": 0.1, "len": 261, "time": 15410.69, "timesteps": 528538, "cpu_memory": 8.5, "cpu_percent": 28.5, "learning_rate": 0.00025, "loss_mean": 0.28, "n_updates": 0}, {"reward": 580, "eps": 0.1, "len": 170, "time": 15415.75, "timesteps": 528708, "cpu_memory": 8.5, "cpu_percent": 28.5, "learning_rate": 0.00025, "loss_mean": 0.27, "n_updates": 0}, {"reward": 790, "eps": 0.1, "len": 197, "time": 15421.7, "timesteps": 528905, "cpu_memory": 8.5, "cpu_percent": 28.5, "learning_rate": 0.00025, "loss_mean": 0.28, "n_updates": 0}, {"reward": 1230, "eps": 0.1, "len": 268, "time": 15429.5, "timesteps": 529173, "cpu_memory": 8.5, "cpu_percent": 28.5, "learning_rate": 0.00025, "loss_mean": 0.3, "n_updates": 0}, {"reward": 1010, "eps": 0.1, "len": 240, "time": 15436.46, "timesteps": 529413, "cpu_memory": 8.5, "cpu_percent": 28.5, "learning_rate": 0.00025, "loss_mean": 0.29, "n_updates": 0}, {"reward": 660, "eps": 0.1, "len": 163, "time": 15441.29, "timesteps": 529576, "cpu_memory": 8.51, "cpu_percent": 28.5, "learning_rate": 0.00025, "loss_mean": 0.28, "n_updates": 0}, {"reward": 760, "eps": 0.1, "len": 216, "time": 15447.81, "timesteps": 529792, "cpu_memory": 8.51, "cpu_percent": 28.5, "learning_rate": 0.00025, "loss_mean": 0.29, "n_updates": 0}]