[{"reward": 740, "eps": 0.1, "len": 192, "time": 14861.36, "timesteps": 509977, "cpu_memory": 8.34, "cpu_percent": 28.0, "learning_rate": 0.00025, "loss_mean": 0.31, "n_updates": 0}, {"reward": 660, "eps": 0.1, "len": 510137, "time": 14866.83, "timesteps": 510137, "cpu_memory": 8.35, "cpu_percent": 28.0, "learning_rate": 0.00025, "loss_mean": 0.29, "n_updates": 0}, {"reward": 540, "eps": 0.1, "len": 125, "time": 14870.6, "timesteps": 510262, "cpu_memory": 8.35, "cpu_percent": 28.0, "learning_rate": 0.00025, "loss_mean": 0.29, "n_updates": 0}, {"reward": 790, "eps": 0.1, "len": 172, "time": 14875.87, "timesteps": 510434, "cpu_memory": 8.36, "cpu_percent": 28.0, "learning_rate": 0.00025, "loss_mean": 0.3, "n_updates": 0}, {"reward": 880, "eps": 0.1, "len": 252, "time": 14883.61, "timesteps": 510686, "cpu_memory": 8.36, "cpu_percent": 28.1, "learning_rate": 0.00025, "loss_mean": 0.31, "n_updates": 0}, {"reward": 1210, "eps": 0.1, "len": 244, "time": 14891.02, "timesteps": 510930, "cpu_memory": 8.36, "cpu_percent": 28.1, "learning_rate": 0.00025, "loss_mean": 0.32, "n_updates": 0}, {"reward": 530, "eps": 0.1, "len": 142, "time": 14895.33, "timesteps": 511072, "cpu_memory": 8.36, "cpu_percent": 28.1, "learning_rate": 0.00025, "loss_mean": 0.31, "n_updates": 0}, {"reward": 580, "eps": 0.1, "len": 153, "time": 14899.98, "timesteps": 511225, "cpu_memory": 8.36, "cpu_percent": 28.1, "learning_rate": 0.00025, "loss_mean": 0.31, "n_updates": 0}, {"reward": 1090, "eps": 0.1, "len": 226, "time": 14906.86, "timesteps": 511451, "cpu_memory": 8.36, "cpu_percent": 28.1, "learning_rate": 0.00025, "loss_mean": 0.3, "n_updates": 0}, {"reward": 850, "eps": 0.1, "len": 244, "time": 14914.4, "timesteps": 511695, "cpu_memory": 8.37, "cpu_percent": 28.1, "learning_rate": 0.00025, "loss_mean": 0.31, "n_updates": 0}, {"reward": 1190, "eps": 0.1, "len": 267, "time": 14922.64, "timesteps": 511962, "cpu_memory": 8.37, "cpu_percent": 28.1, "learning_rate": 0.00025, "loss_mean": 0.3, "n_updates": 0}, {"reward": 1330, "eps": 0.1, "len": 323, "time": 14932.18, "timesteps": 512285, "cpu_memory": 8.37, "cpu_percent": 28.1, "learning_rate": 0.00025, "loss_mean": 0.31, "n_updates": 0}, {"reward": 840, "eps": 0.1, "len": 224, "time": 14938.84, "timesteps": 512509, "cpu_memory": 8.37, "cpu_percent": 28.1, "learning_rate": 0.00025, "loss_mean": 0.3, "n_updates": 0}, {"reward": 1490, "eps": 0.1, "len": 420, "time": 14951.17, "timesteps": 512929, "cpu_memory": 8.38, "cpu_percent": 28.2, "learning_rate": 0.00025, "loss_mean": 0.29, "n_updates": 0}, {"reward": 790, "eps": 0.1, "len": 192, "time": 14956.8, "timesteps": 513121, "cpu_memory": 8.38, "cpu_percent": 28.2, "learning_rate": 0.00025, "loss_mean": 0.29, "n_updates": 0}, {"reward": 500, "eps": 0.1, "len": 160, "time": 14961.48, "timesteps": 513281, "cpu_memory": 8.38, "cpu_percent": 28.2, "learning_rate": 0.00025, "loss_mean": 0.28, "n_updates": 0}, {"reward": 860, "eps": 0.1, "len": 254, "time": 14968.91, "timesteps": 513535, "cpu_memory": 8.38, "cpu_percent": 28.2, "learning_rate": 0.00025, "loss_mean": 0.3, "n_updates": 0}, {"reward": 1160, "eps": 0.1, "len": 230, "time": 14975.72, "timesteps": 513765, "cpu_memory": 8.38, "cpu_percent": 28.2, "learning_rate": 0.00025, "loss_mean": 0.3, "n_updates": 0}, {"reward": 770, "eps": 0.1, "len": 206, "time": 14981.92, "timesteps": 513971, "cpu_memory": 8.38, "cpu_percent": 28.2, "learning_rate": 0.00025, "loss_mean": 0.31, "n_updates": 0}, {"reward": 660, "eps": 0.1, "len": 157, "time": 14986.57, "timesteps": 514128, "cpu_memory": 8.38, "cpu_percent": 28.2, "learning_rate": 0.00025, "loss_mean": 0.3, "n_updates": 0}, {"reward": 1020, "eps": 0.1, "len": 252, "time": 14993.86, "timesteps": 514380, "cpu_memory": 8.39, "cpu_percent": 28.2, "learning_rate": 0.00025, "loss_mean": 0.3, "n_updates": 0}, {"reward": 870, "eps": 0.1, "len": 185, "time": 14999.33, "timesteps": 514565, "cpu_memory": 8.39, "cpu_percent": 28.2, "learning_rate": 0.00025, "loss_mean": 0.29, "n_updates": 0}, {"reward": 840, "eps": 0.1, "len": 228, "time": 15006.03, "timesteps": 514793, "cpu_memory": 8.39, "cpu_percent": 28.2, "learning_rate": 0.00025, "loss_mean": 0.28, "n_updates": 0}, {"reward": 680, "eps": 0.1, "len": 164, "time": 15010.92, "timesteps": 514957, "cpu_memory": 8.39, "cpu_percent": 28.2, "learning_rate": 0.00025, "loss_mean": 0.29, "n_updates": 0}, {"reward": 1130, "eps": 0.1, "len": 278, "time": 15018.99, "timesteps": 515235, "cpu_memory": 8.39, "cpu_percent": 28.2, "learning_rate": 0.00025, "loss_mean": 0.29, "n_updates": 0}, {"reward": 570, "eps": 0.1, "len": 151, "time": 15023.39, "timesteps": 515386, "cpu_memory": 8.39, "cpu_percent": 28.2, "learning_rate": 0.00025, "loss_mean": 0.3, "n_updates": 0}, {"reward": 880, "eps": 0.1, "len": 210, "time": 15029.53, "timesteps": 515596, "cpu_memory": 8.4, "cpu_percent": 28.2, "learning_rate": 0.00025, "loss_mean": 0.28, "n_updates": 0}, {"reward": 1240, "eps": 0.1, "len": 305, "time": 15038.45, "timesteps": 515901, "cpu_memory": 8.4, "cpu_percent": 28.2, "learning_rate": 0.00025, "loss_mean": 0.3, "n_updates": 0}, {"reward": 1340, "eps": 0.1, "len": 353, "time": 15048.87, "timesteps": 516254, "cpu_memory": 8.4, "cpu_percent": 28.2, "learning_rate": 0.00025, "loss_mean": 0.29, "n_updates": 0}, {"reward": 950, "eps": 0.1, "len": 252, "time": 15056.19, "timesteps": 516506, "cpu_memory": 8.4, "cpu_percent": 28.2, "learning_rate": 0.00025, "loss_mean": 0.3, "n_updates": 0}, {"reward": 1070, "eps": 0.1, "len": 234, "time": 15063.13, "timesteps": 516740, "cpu_memory": 8.41, "cpu_percent": 28.2, "learning_rate": 0.00025, "loss_mean": 0.28, "n_updates": 0}, {"reward": 960, "eps": 0.1, "len": 214, "time": 15069.53, "timesteps": 516954, "cpu_memory": 8.41, "cpu_percent": 28.2, "learning_rate": 0.00025, "loss_mean": 0.29, "n_updates": 0}, {"reward": 930, "eps": 0.1, "len": 255, "time": 15077.03, "timesteps": 517209, "cpu_memory": 8.41, "cpu_percent": 28.2, "learning_rate": 0.00025, "loss_mean": 0.3, "n_updates": 0}, {"reward": 890, "eps": 0.1, "len": 191, "time": 15082.53, "timesteps": 517400, "cpu_memory": 8.41, "cpu_percent": 28.2, "learning_rate": 0.00025, "loss_mean": 0.3, "n_updates": 0}, {"reward": 1170, "eps": 0.1, "len": 305, "time": 15091.41, "timesteps": 517705, "cpu_memory": 8.41, "cpu_percent": 28.2, "learning_rate": 0.00025, "loss_mean": 0.29, "n_updates": 0}, {"reward": 860, "eps": 0.1, "len": 219, "time": 15098.03, "timesteps": 517924, "cpu_memory": 8.41, "cpu_percent": 28.2, "learning_rate": 0.00025, "loss_mean": 0.29, "n_updates": 0}, {"reward": 440, "eps": 0.1, "len": 132, "time": 15101.95, "timesteps": 518056, "cpu_memory": 8.42, "cpu_percent": 28.2, "learning_rate": 0.00025, "loss_mean": 0.28, "n_updates": 0}, {"reward": 1200, "eps": 0.1, "len": 249, "time": 15109.3, "timesteps": 518305, "cpu_memory": 8.42, "cpu_percent": 28.3, "learning_rate": 0.00025, "loss_mean": 0.29, "n_updates": 0}, {"reward": 820, "eps": 0.1, "len": 264, "time": 15116.94, "timesteps": 518569, "cpu_memory": 8.42, "cpu_percent": 28.3, "learning_rate": 0.00025, "loss_mean": 0.29, "n_updates": 0}, {"reward": 950, "eps": 0.1, "len": 254, "time": 15124.3, "timesteps": 518823, "cpu_memory": 8.42, "cpu_percent": 28.3, "learning_rate": 0.00025, "loss_mean": 0.28, "n_updates": 0}, {"reward": 450, "eps": 0.1, "len": 164, "time": 15129.13, "timesteps": 518987, "cpu_memory": 8.42, "cpu_percent": 28.3, "learning_rate": 0.00025, "loss_mean": 0.29, "n_updates": 0}]