[{"reward": 1010, "eps": 0.1, "len": 246, "time": 26599.34, "timesteps": 909915, "cpu_memory": 11.5, "cpu_percent": 38.1, "learning_rate": 0.00025, "loss_mean": 0.2, "n_updates": 0}, {"reward": 890, "eps": 0.1, "len": 910109, "time": 26605.55, "timesteps": 910109, "cpu_memory": 11.46, "cpu_percent": 38.0, "learning_rate": 0.00025, "loss_mean": 0.2, "n_updates": 0}, {"reward": 1410, "eps": 0.1, "len": 363, "time": 26616.07, "timesteps": 910472, "cpu_memory": 11.47, "cpu_percent": 38.0, "learning_rate": 0.00025, "loss_mean": 0.21, "n_updates": 0}, {"reward": 800, "eps": 0.1, "len": 203, "time": 26621.9, "timesteps": 910675, "cpu_memory": 11.47, "cpu_percent": 38.0, "learning_rate": 0.00025, "loss_mean": 0.2, "n_updates": 0}, {"reward": 1100, "eps": 0.1, "len": 312, "time": 26631.0, "timesteps": 910987, "cpu_memory": 11.47, "cpu_percent": 38.0, "learning_rate": 0.00025, "loss_mean": 0.21, "n_updates": 0}, {"reward": 860, "eps": 0.1, "len": 166, "time": 26635.84, "timesteps": 911153, "cpu_memory": 11.47, "cpu_percent": 38.0, "learning_rate": 0.00025, "loss_mean": 0.21, "n_updates": 0}, {"reward": 750, "eps": 0.1, "len": 201, "time": 26641.76, "timesteps": 911354, "cpu_memory": 11.47, "cpu_percent": 38.0, "learning_rate": 0.00025, "loss_mean": 0.2, "n_updates": 0}, {"reward": 960, "eps": 0.1, "len": 256, "time": 26649.19, "timesteps": 911610, "cpu_memory": 11.47, "cpu_percent": 38.0, "learning_rate": 0.00025, "loss_mean": 0.21, "n_updates": 0}, {"reward": 710, "eps": 0.1, "len": 235, "time": 26656.0, "timesteps": 911845, "cpu_memory": 11.48, "cpu_percent": 38.0, "learning_rate": 0.00025, "loss_mean": 0.2, "n_updates": 0}, {"reward": 440, "eps": 0.1, "len": 105, "time": 26659.07, "timesteps": 911950, "cpu_memory": 11.48, "cpu_percent": 38.0, "learning_rate": 0.00025, "loss_mean": 0.2, "n_updates": 0}, {"reward": 850, "eps": 0.1, "len": 198, "time": 26664.89, "timesteps": 912148, "cpu_memory": 11.48, "cpu_percent": 38.1, "learning_rate": 0.00025, "loss_mean": 0.19, "n_updates": 0}, {"reward": 1200, "eps": 0.1, "len": 358, "time": 26675.33, "timesteps": 912506, "cpu_memory": 11.48, "cpu_percent": 38.1, "learning_rate": 0.00025, "loss_mean": 0.2, "n_updates": 0}, {"reward": 1200, "eps": 0.1, "len": 275, "time": 26683.22, "timesteps": 912781, "cpu_memory": 11.48, "cpu_percent": 38.1, "learning_rate": 0.00025, "loss_mean": 0.2, "n_updates": 0}, {"reward": 1270, "eps": 0.1, "len": 291, "time": 26691.57, "timesteps": 913072, "cpu_memory": 11.49, "cpu_percent": 38.1, "learning_rate": 0.00025, "loss_mean": 0.2, "n_updates": 0}, {"reward": 1200, "eps": 0.1, "len": 255, "time": 26699.12, "timesteps": 913327, "cpu_memory": 11.49, "cpu_percent": 38.1, "learning_rate": 0.00025, "loss_mean": 0.2, "n_updates": 0}, {"reward": 790, "eps": 0.1, "len": 181, "time": 26704.51, "timesteps": 913508, "cpu_memory": 11.49, "cpu_percent": 38.1, "learning_rate": 0.00025, "loss_mean": 0.2, "n_updates": 0}, {"reward": 910, "eps": 0.1, "len": 194, "time": 26710.16, "timesteps": 913702, "cpu_memory": 11.49, "cpu_percent": 38.1, "learning_rate": 0.00025, "loss_mean": 0.21, "n_updates": 0}, {"reward": 1080, "eps": 0.1, "len": 247, "time": 26717.27, "timesteps": 913949, "cpu_memory": 11.49, "cpu_percent": 38.1, "learning_rate": 0.00025, "loss_mean": 0.21, "n_updates": 0}, {"reward": 510, "eps": 0.1, "len": 172, "time": 26722.26, "timesteps": 914121, "cpu_memory": 11.49, "cpu_percent": 38.1, "learning_rate": 0.00025, "loss_mean": 0.21, "n_updates": 0}, {"reward": 680, "eps": 0.1, "len": 163, "time": 26727.14, "timesteps": 914284, "cpu_memory": 11.5, "cpu_percent": 38.2, "learning_rate": 0.00025, "loss_mean": 0.19, "n_updates": 0}, {"reward": 790, "eps": 0.1, "len": 214, "time": 26733.46, "timesteps": 914498, "cpu_memory": 11.5, "cpu_percent": 38.2, "learning_rate": 0.00025, "loss_mean": 0.21, "n_updates": 0}, {"reward": 740, "eps": 0.1, "len": 200, "time": 26739.43, "timesteps": 914698, "cpu_memory": 11.5, "cpu_percent": 38.2, "learning_rate": 0.00025, "loss_mean": 0.21, "n_updates": 0}, {"reward": 1670, "eps": 0.1, "len": 314, "time": 26748.41, "timesteps": 915012, "cpu_memory": 11.5, "cpu_percent": 38.2, "learning_rate": 0.00025, "loss_mean": 0.2, "n_updates": 0}, {"reward": 840, "eps": 0.1, "len": 234, "time": 26755.26, "timesteps": 915246, "cpu_memory": 11.5, "cpu_percent": 38.2, "learning_rate": 0.00025, "loss_mean": 0.2, "n_updates": 0}, {"reward": 930, "eps": 0.1, "len": 203, "time": 26761.26, "timesteps": 915449, "cpu_memory": 11.5, "cpu_percent": 38.2, "learning_rate": 0.00025, "loss_mean": 0.21, "n_updates": 0}, {"reward": 650, "eps": 0.1, "len": 135, "time": 26765.26, "timesteps": 915584, "cpu_memory": 11.51, "cpu_percent": 38.2, "learning_rate": 0.00025, "loss_mean": 0.2, "n_updates": 0}, {"reward": 1540, "eps": 0.1, "len": 338, "time": 26775.06, "timesteps": 915922, "cpu_memory": 11.51, "cpu_percent": 38.2, "learning_rate": 0.00025, "loss_mean": 0.2, "n_updates": 0}, {"reward": 920, "eps": 0.1, "len": 248, "time": 26782.23, "timesteps": 916170, "cpu_memory": 11.51, "cpu_percent": 38.2, "learning_rate": 0.00025, "loss_mean": 0.21, "n_updates": 0}, {"reward": 1130, "eps": 0.1, "len": 224, "time": 26788.88, "timesteps": 916394, "cpu_memory": 11.51, "cpu_percent": 38.2, "learning_rate": 0.00025, "loss_mean": 0.19, "n_updates": 0}, {"reward": 1120, "eps": 0.1, "len": 240, "time": 26795.83, "timesteps": 916634, "cpu_memory": 11.51, "cpu_percent": 38.2, "learning_rate": 0.00025, "loss_mean": 0.21, "n_updates": 0}, {"reward": 770, "eps": 0.1, "len": 170, "time": 26800.79, "timesteps": 916804, "cpu_memory": 11.52, "cpu_percent": 38.2, "learning_rate": 0.00025, "loss_mean": 0.22, "n_updates": 0}, {"reward": 720, "eps": 0.1, "len": 198, "time": 26806.55, "timesteps": 917002, "cpu_memory": 11.52, "cpu_percent": 38.2, "learning_rate": 0.00025, "loss_mean": 0.21, "n_updates": 0}, {"reward": 1420, "eps": 0.1, "len": 352, "time": 26816.68, "timesteps": 917354, "cpu_memory": 11.52, "cpu_percent": 38.2, "learning_rate": 0.00025, "loss_mean": 0.21, "n_updates": 0}, {"reward": 900, "eps": 0.1, "len": 233, "time": 26823.58, "timesteps": 917587, "cpu_memory": 11.52, "cpu_percent": 38.3, "learning_rate": 0.00025, "loss_mean": 0.21, "n_updates": 0}, {"reward": 1090, "eps": 0.1, "len": 206, "time": 26829.63, "timesteps": 917793, "cpu_memory": 11.52, "cpu_percent": 38.3, "learning_rate": 0.00025, "loss_mean": 0.21, "n_updates": 0}, {"reward": 910, "eps": 0.1, "len": 209, "time": 26835.66, "timesteps": 918002, "cpu_memory": 11.52, "cpu_percent": 38.3, "learning_rate": 0.00025, "loss_mean": 0.21, "n_updates": 0}, {"reward": 670, "eps": 0.1, "len": 144, "time": 26839.92, "timesteps": 918146, "cpu_memory": 11.53, "cpu_percent": 38.3, "learning_rate": 0.00025, "loss_mean": 0.21, "n_updates": 0}, {"reward": 700, "eps": 0.1, "len": 165, "time": 26844.75, "timesteps": 918311, "cpu_memory": 11.53, "cpu_percent": 38.3, "learning_rate": 0.00025, "loss_mean": 0.21, "n_updates": 0}, {"reward": 1070, "eps": 0.1, "len": 287, "time": 26853.05, "timesteps": 918598, "cpu_memory": 11.53, "cpu_percent": 38.3, "learning_rate": 0.00025, "loss_mean": 0.21, "n_updates": 0}, {"reward": 760, "eps": 0.1, "len": 256, "time": 26860.69, "timesteps": 918854, "cpu_memory": 11.53, "cpu_percent": 38.3, "learning_rate": 0.00025, "loss_mean": 0.21, "n_updates": 0}, {"reward": 900, "eps": 0.1, "len": 239, "time": 26867.66, "timesteps": 919093, "cpu_memory": 11.53, "cpu_percent": 38.3, "learning_rate": 0.00025, "loss_mean": 0.2, "n_updates": 0}]