[{"reward": 360, "eps": 0.7986, "len": 149, "time": 2374.14, "timesteps": 89591, "cpu_memory": 5.14, "cpu_percent": 17.7, "learning_rate": 0.00025, "loss_mean": 0.59, "n_updates": 0}, {"reward": 460, "eps": 0.7982, "len": 237, "time": 2380.59, "timesteps": 89828, "cpu_memory": 5.14, "cpu_percent": 17.7, "learning_rate": 0.00025, "loss_mean": 0.58, "n_updates": 0}, {"reward": 740, "eps": 0.7977, "len": 208, "time": 2386.71, "timesteps": 90036, "cpu_memory": 5.16, "cpu_percent": 17.8, "learning_rate": 0.00025, "loss_mean": 0.49, "n_updates": 0}, {"reward": 870, "eps": 0.7971, "len": 274, "time": 2393.96, "timesteps": 90310, "cpu_memory": 5.16, "cpu_percent": 17.8, "learning_rate": 0.00025, "loss_mean": 0.45, "n_updates": 0}, {"reward": 550, "eps": 0.7965, "len": 271, "time": 2401.07, "timesteps": 90581, "cpu_memory": 5.16, "cpu_percent": 17.8, "learning_rate": 0.00025, "loss_mean": 0.45, "n_updates": 0}, {"reward": 510, "eps": 0.796, "len": 169, "time": 2405.65, "timesteps": 90750, "cpu_memory": 5.16, "cpu_percent": 17.8, "learning_rate": 0.00025, "loss_mean": 0.38, "n_updates": 0}, {"reward": 250, "eps": 0.7957, "len": 117, "time": 2408.87, "timesteps": 90867, "cpu_memory": 5.16, "cpu_percent": 17.8, "learning_rate": 0.00025, "loss_mean": 0.41, "n_updates": 0}, {"reward": 560, "eps": 0.7953, "len": 202, "time": 2414.18, "timesteps": 91069, "cpu_memory": 5.16, "cpu_percent": 17.8, "learning_rate": 0.00025, "loss_mean": 0.38, "n_updates": 0}, {"reward": 450, "eps": 0.7949, "len": 166, "time": 2418.68, "timesteps": 91235, "cpu_memory": 5.16, "cpu_percent": 17.8, "learning_rate": 0.00025, "loss_mean": 0.32, "n_updates": 0}, {"reward": 380, "eps": 0.7946, "len": 139, "time": 2422.42, "timesteps": 91374, "cpu_memory": 5.16, "cpu_percent": 17.8, "learning_rate": 0.00025, "loss_mean": 0.31, "n_updates": 0}, {"reward": 430, "eps": 0.7942, "len": 157, "time": 2426.64, "timesteps": 91531, "cpu_memory": 5.17, "cpu_percent": 17.8, "learning_rate": 0.00025, "loss_mean": 0.32, "n_updates": 0}, {"reward": 270, "eps": 0.7939, "len": 129, "time": 2430.09, "timesteps": 91660, "cpu_memory": 5.17, "cpu_percent": 17.8, "learning_rate": 0.00025, "loss_mean": 0.42, "n_updates": 0}, {"reward": 410, "eps": 0.7936, "len": 126, "time": 2433.46, "timesteps": 91786, "cpu_memory": 5.18, "cpu_percent": 17.8, "learning_rate": 0.00025, "loss_mean": 0.46, "n_updates": 0}, {"reward": 190, "eps": 0.7933, "len": 125, "time": 2436.89, "timesteps": 91911, "cpu_memory": 5.18, "cpu_percent": 17.8, "learning_rate": 0.00025, "loss_mean": 0.46, "n_updates": 0}, {"reward": 530, "eps": 0.793, "len": 179, "time": 2441.78, "timesteps": 92090, "cpu_memory": 5.19, "cpu_percent": 17.8, "learning_rate": 0.00025, "loss_mean": 0.53, "n_updates": 0}, {"reward": 240, "eps": 0.7927, "len": 113, "time": 2444.81, "timesteps": 92203, "cpu_memory": 5.19, "cpu_percent": 17.8, "learning_rate": 0.00025, "loss_mean": 0.49, "n_updates": 0}, {"reward": 1150, "eps": 0.7922, "len": 327, "time": 2453.51, "timesteps": 92530, "cpu_memory": 5.2, "cpu_percent": 17.9, "learning_rate": 0.00025, "loss_mean": 0.35, "n_updates": 0}, {"reward": 800, "eps": 0.7916, "len": 210, "time": 2459.13, "timesteps": 92740, "cpu_memory": 5.2, "cpu_percent": 17.9, "learning_rate": 0.00025, "loss_mean": 0.41, "n_updates": 0}, {"reward": 400, "eps": 0.7912, "len": 136, "time": 2462.81, "timesteps": 92876, "cpu_memory": 5.2, "cpu_percent": 17.9, "learning_rate": 0.00025, "loss_mean": 2.02, "n_updates": 0}, {"reward": 240, "eps": 0.7908, "len": 164, "time": 2467.19, "timesteps": 93040, "cpu_memory": 5.2, "cpu_percent": 17.9, "learning_rate": 0.00025, "loss_mean": 2.26, "n_updates": 0}, {"reward": 630, "eps": 0.7904, "len": 209, "time": 2472.82, "timesteps": 93249, "cpu_memory": 5.21, "cpu_percent": 17.9, "learning_rate": 0.00025, "loss_mean": 0.52, "n_updates": 0}, {"reward": 580, "eps": 0.79, "len": 190, "time": 2477.85, "timesteps": 93439, "cpu_memory": 5.21, "cpu_percent": 17.9, "learning_rate": 0.00025, "loss_mean": 0.53, "n_updates": 0}, {"reward": 470, "eps": 0.7896, "len": 149, "time": 2481.84, "timesteps": 93588, "cpu_memory": 5.21, "cpu_percent": 17.9, "learning_rate": 0.00025, "loss_mean": 0.5, "n_updates": 0}, {"reward": 810, "eps": 0.7892, "len": 214, "time": 2487.46, "timesteps": 93802, "cpu_memory": 5.22, "cpu_percent": 17.9, "learning_rate": 0.00025, "loss_mean": 0.51, "n_updates": 0}, {"reward": 400, "eps": 0.7888, "len": 155, "time": 2491.68, "timesteps": 93957, "cpu_memory": 5.22, "cpu_percent": 17.9, "learning_rate": 0.00025, "loss_mean": 0.58, "n_updates": 0}, {"reward": 400, "eps": 0.7884, "len": 149, "time": 2495.75, "timesteps": 94106, "cpu_memory": 5.22, "cpu_percent": 17.9, "learning_rate": 0.00025, "loss_mean": 0.56, "n_updates": 0}, {"reward": 470, "eps": 0.7881, "len": 160, "time": 2500.05, "timesteps": 94266, "cpu_memory": 5.22, "cpu_percent": 18.0, "learning_rate": 0.00025, "loss_mean": 0.66, "n_updates": 0}, {"reward": 370, "eps": 0.7878, "len": 124, "time": 2503.44, "timesteps": 94390, "cpu_memory": 5.22, "cpu_percent": 18.0, "learning_rate": 0.00025, "loss_mean": 0.42, "n_updates": 0}, {"reward": 740, "eps": 0.7874, "len": 233, "time": 2509.7, "timesteps": 94623, "cpu_memory": 5.22, "cpu_percent": 18.0, "learning_rate": 0.00025, "loss_mean": 0.48, "n_updates": 0}, {"reward": 680, "eps": 0.7869, "len": 195, "time": 2514.9, "timesteps": 94818, "cpu_memory": 5.23, "cpu_percent": 18.0, "learning_rate": 0.00025, "loss_mean": 0.52, "n_updates": 0}, {"reward": 350, "eps": 0.7865, "len": 143, "time": 2518.73, "timesteps": 94961, "cpu_memory": 5.23, "cpu_percent": 18.0, "learning_rate": 0.00025, "loss_mean": 0.43, "n_updates": 0}, {"reward": 430, "eps": 0.7862, "len": 142, "time": 2522.66, "timesteps": 95103, "cpu_memory": 5.23, "cpu_percent": 18.0, "learning_rate": 0.00025, "loss_mean": 0.46, "n_updates": 0}, {"reward": 790, "eps": 0.7857, "len": 318, "time": 2531.23, "timesteps": 95421, "cpu_memory": 5.23, "cpu_percent": 18.0, "learning_rate": 0.00025, "loss_mean": 0.49, "n_updates": 0}, {"reward": 770, "eps": 0.7849, "len": 374, "time": 2541.27, "timesteps": 95795, "cpu_memory": 5.23, "cpu_percent": 18.0, "learning_rate": 0.00025, "loss_mean": 0.52, "n_updates": 0}, {"reward": 350, "eps": 0.7843, "len": 142, "time": 2545.02, "timesteps": 95937, "cpu_memory": 5.23, "cpu_percent": 18.0, "learning_rate": 0.00025, "loss_mean": 0.34, "n_updates": 0}, {"reward": 410, "eps": 0.784, "len": 162, "time": 2549.26, "timesteps": 96099, "cpu_memory": 5.23, "cpu_percent": 18.0, "learning_rate": 0.00025, "loss_mean": 0.31, "n_updates": 0}, {"reward": 300, "eps": 0.7836, "len": 126, "time": 2552.64, "timesteps": 96225, "cpu_memory": 5.23, "cpu_percent": 18.0, "learning_rate": 0.00025, "loss_mean": 0.41, "n_updates": 0}, {"reward": 610, "eps": 0.7833, "len": 186, "time": 2557.61, "timesteps": 96411, "cpu_memory": 5.24, "cpu_percent": 18.0, "learning_rate": 0.00025, "loss_mean": 0.34, "n_updates": 0}, {"reward": 500, "eps": 0.7829, "len": 161, "time": 2561.87, "timesteps": 96572, "cpu_memory": 5.24, "cpu_percent": 18.0, "learning_rate": 0.00025, "loss_mean": 0.42, "n_updates": 0}, {"reward": 600, "eps": 0.7825, "len": 212, "time": 2567.61, "timesteps": 96784, "cpu_memory": 5.24, "cpu_percent": 18.0, "learning_rate": 0.00025, "loss_mean": 0.37, "n_updates": 0}, {"reward": 390, "eps": 0.782, "len": 173, "time": 2572.22, "timesteps": 96957, "cpu_memory": 5.24, "cpu_percent": 18.0, "learning_rate": 0.00025, "loss_mean": 0.47, "n_updates": 0}, {"reward": 480, "eps": 0.7816, "len": 210, "time": 2577.79, "timesteps": 97167, "cpu_memory": 5.25, "cpu_percent": 18.0, "learning_rate": 0.00025, "loss_mean": 0.44, "n_updates": 0}, {"reward": 850, "eps": 0.7811, "len": 235, "time": 2584.09, "timesteps": 97402, "cpu_memory": 5.25, "cpu_percent": 18.0, "learning_rate": 0.00025, "loss_mean": 0.33, "n_updates": 0}, {"reward": 590, "eps": 0.7807, "len": 146, "time": 2587.97, "timesteps": 97548, "cpu_memory": 5.25, "cpu_percent": 18.0, "learning_rate": 0.00025, "loss_mean": 0.42, "n_updates": 0}, {"reward": 540, "eps": 0.7803, "len": 197, "time": 2593.17, "timesteps": 97745, "cpu_memory": 5.25, "cpu_percent": 18.0, "learning_rate": 0.00025, "loss_mean": 0.3, "n_updates": 0}, {"reward": 590, "eps": 0.7798, "len": 217, "time": 2599.1, "timesteps": 97962, "cpu_memory": 5.26, "cpu_percent": 18.1, "learning_rate": 0.00025, "loss_mean": 0.42, "n_updates": 0}, {"reward": 360, "eps": 0.7794, "len": 175, "time": 2603.81, "timesteps": 98137, "cpu_memory": 5.26, "cpu_percent": 18.1, "learning_rate": 0.00025, "loss_mean": 0.45, "n_updates": 0}, {"reward": 550, "eps": 0.779, "len": 209, "time": 2609.35, "timesteps": 98346, "cpu_memory": 5.26, "cpu_percent": 18.1, "learning_rate": 0.00025, "loss_mean": 0.52, "n_updates": 0}, {"reward": 500, "eps": 0.7785, "len": 221, "time": 2615.27, "timesteps": 98567, "cpu_memory": 5.26, "cpu_percent": 18.1, "learning_rate": 0.00025, "loss_mean": 0.66, "n_updates": 0}, {"reward": 360, "eps": 0.7781, "len": 132, "time": 2618.79, "timesteps": 98699, "cpu_memory": 5.27, "cpu_percent": 18.1, "learning_rate": 0.00025, "loss_mean": 0.44, "n_updates": 0}, {"reward": 880, "eps": 0.7777, "len": 234, "time": 2624.99, "timesteps": 98933, "cpu_memory": 5.31, "cpu_percent": 18.2, "learning_rate": 0.00025, "loss_mean": 0.42, "n_updates": 0}, {"reward": 420, "eps": 0.7772, "len": 160, "time": 2629.38, "timesteps": 99093, "cpu_memory": 5.34, "cpu_percent": 18.3, "learning_rate": 0.00025, "loss_mean": 0.45, "n_updates": 0}, {"reward": 600, "eps": 0.7768, "len": 241, "time": 2635.73, "timesteps": 99334, "cpu_memory": 5.35, "cpu_percent": 18.3, "learning_rate": 0.00025, "loss_mean": 0.44, "n_updates": 0}, {"reward": 430, "eps": 0.7764, "len": 118, "time": 2638.87, "timesteps": 99452, "cpu_memory": 5.35, "cpu_percent": 18.3, "learning_rate": 0.00025, "loss_mean": 0.42, "n_updates": 0}, {"reward": 950, "eps": 0.7759, "len": 276, "time": 2646.13, "timesteps": 99728, "cpu_memory": 5.35, "cpu_percent": 18.3, "learning_rate": 0.00025, "loss_mean": 0.44, "n_updates": 0}]