[{"reward": 440, "eps": 0.5515, "len": 162, "time": 5391.8, "timesteps": 199417, "cpu_memory": 6.02, "cpu_percent": 20.5, "learning_rate": 0.00025, "loss_mean": 0.34, "n_updates": 0}, {"reward": 590, "eps": 0.5511, "len": 165, "time": 5396.33, "timesteps": 199582, "cpu_memory": 6.03, "cpu_percent": 20.5, "learning_rate": 0.00025, "loss_mean": 0.34, "n_updates": 0}, {"reward": 800, "eps": 0.5507, "len": 244, "time": 5402.96, "timesteps": 199826, "cpu_memory": 6.03, "cpu_percent": 20.5, "learning_rate": 0.00025, "loss_mean": 0.33, "n_updates": 0}, {"reward": 1100, "eps": 0.5501, "len": 226, "time": 5409.76, "timesteps": 200052, "cpu_memory": 6.02, "cpu_percent": 20.5, "learning_rate": 0.00025, "loss_mean": 0.32, "n_updates": 0}, {"reward": 410, "eps": 0.5497, "len": 157, "time": 5414.08, "timesteps": 200209, "cpu_memory": 6.02, "cpu_percent": 20.5, "learning_rate": 0.00025, "loss_mean": 0.34, "n_updates": 0}, {"reward": 480, "eps": 0.5493, "len": 167, "time": 5418.78, "timesteps": 200376, "cpu_memory": 6.02, "cpu_percent": 20.5, "learning_rate": 0.00025, "loss_mean": 0.36, "n_updates": 0}, {"reward": 500, "eps": 0.549, "len": 149, "time": 5422.8, "timesteps": 200525, "cpu_memory": 6.02, "cpu_percent": 20.5, "learning_rate": 0.00025, "loss_mean": 0.34, "n_updates": 0}, {"reward": 300, "eps": 0.5487, "len": 115, "time": 5426.03, "timesteps": 200640, "cpu_memory": 6.02, "cpu_percent": 20.5, "learning_rate": 0.00025, "loss_mean": 0.33, "n_updates": 0}, {"reward": 940, "eps": 0.5483, "len": 252, "time": 5432.99, "timesteps": 200892, "cpu_memory": 6.02, "cpu_percent": 20.5, "learning_rate": 0.00025, "loss_mean": 0.33, "n_updates": 0}, {"reward": 500, "eps": 0.5478, "len": 174, "time": 5437.82, "timesteps": 201066, "cpu_memory": 6.02, "cpu_percent": 20.5, "learning_rate": 0.00025, "loss_mean": 0.32, "n_updates": 0}, {"reward": 300, "eps": 0.5475, "len": 108, "time": 5440.86, "timesteps": 201174, "cpu_memory": 6.02, "cpu_percent": 20.5, "learning_rate": 0.00025, "loss_mean": 0.31, "n_updates": 0}, {"reward": 640, "eps": 0.5472, "len": 175, "time": 5445.67, "timesteps": 201349, "cpu_memory": 6.02, "cpu_percent": 20.5, "learning_rate": 0.00025, "loss_mean": 0.34, "n_updates": 0}, {"reward": 470, "eps": 0.5468, "len": 189, "time": 5451.12, "timesteps": 201538, "cpu_memory": 6.03, "cpu_percent": 20.6, "learning_rate": 0.00025, "loss_mean": 0.34, "n_updates": 0}, {"reward": 580, "eps": 0.5464, "len": 141, "time": 5455.11, "timesteps": 201679, "cpu_memory": 6.03, "cpu_percent": 20.6, "learning_rate": 0.00025, "loss_mean": 0.34, "n_updates": 0}, {"reward": 520, "eps": 0.5461, "len": 141, "time": 5459.07, "timesteps": 201820, "cpu_memory": 6.03, "cpu_percent": 20.6, "learning_rate": 0.00025, "loss_mean": 0.35, "n_updates": 0}, {"reward": 450, "eps": 0.5457, "len": 164, "time": 5463.66, "timesteps": 201984, "cpu_memory": 6.03, "cpu_percent": 20.6, "learning_rate": 0.00025, "loss_mean": 0.36, "n_updates": 0}, {"reward": 1000, "eps": 0.5452, "len": 279, "time": 5471.41, "timesteps": 202263, "cpu_memory": 6.03, "cpu_percent": 20.6, "learning_rate": 0.00025, "loss_mean": 0.37, "n_updates": 0}, {"reward": 760, "eps": 0.5447, "len": 196, "time": 5476.77, "timesteps": 202459, "cpu_memory": 6.03, "cpu_percent": 20.6, "learning_rate": 0.00025, "loss_mean": 0.33, "n_updates": 0}, {"reward": 390, "eps": 0.5443, "len": 132, "time": 5480.52, "timesteps": 202591, "cpu_memory": 6.03, "cpu_percent": 20.6, "learning_rate": 0.00025, "loss_mean": 0.33, "n_updates": 0}, {"reward": 780, "eps": 0.5439, "len": 239, "time": 5487.22, "timesteps": 202830, "cpu_memory": 6.03, "cpu_percent": 20.6, "learning_rate": 0.00025, "loss_mean": 0.36, "n_updates": 0}, {"reward": 580, "eps": 0.5435, "len": 156, "time": 5491.51, "timesteps": 202986, "cpu_memory": 6.04, "cpu_percent": 20.6, "learning_rate": 0.00025, "loss_mean": 0.39, "n_updates": 0}, {"reward": 930, "eps": 0.5429, "len": 307, "time": 5500.07, "timesteps": 203293, "cpu_memory": 6.04, "cpu_percent": 20.6, "learning_rate": 0.00025, "loss_mean": 0.35, "n_updates": 0}, {"reward": 240, "eps": 0.5425, "len": 110, "time": 5503.19, "timesteps": 203403, "cpu_memory": 6.04, "cpu_percent": 20.6, "learning_rate": 0.00025, "loss_mean": 0.39, "n_updates": 0}, {"reward": 710, "eps": 0.5421, "len": 193, "time": 5508.61, "timesteps": 203596, "cpu_memory": 6.04, "cpu_percent": 20.6, "learning_rate": 0.00025, "loss_mean": 0.37, "n_updates": 0}, {"reward": 820, "eps": 0.5417, "len": 212, "time": 5514.59, "timesteps": 203808, "cpu_memory": 6.04, "cpu_percent": 20.6, "learning_rate": 0.00025, "loss_mean": 0.4, "n_updates": 0}, {"reward": 410, "eps": 0.5412, "len": 191, "time": 5519.83, "timesteps": 203999, "cpu_memory": 6.04, "cpu_percent": 20.6, "learning_rate": 0.00025, "loss_mean": 0.35, "n_updates": 0}, {"reward": 620, "eps": 0.5408, "len": 200, "time": 5525.5, "timesteps": 204199, "cpu_memory": 6.04, "cpu_percent": 20.7, "learning_rate": 0.00025, "loss_mean": 0.35, "n_updates": 0}, {"reward": 360, "eps": 0.5404, "len": 144, "time": 5529.57, "timesteps": 204343, "cpu_memory": 6.05, "cpu_percent": 20.7, "learning_rate": 0.00025, "loss_mean": 0.35, "n_updates": 0}, {"reward": 680, "eps": 0.54, "len": 177, "time": 5534.56, "timesteps": 204520, "cpu_memory": 6.05, "cpu_percent": 20.7, "learning_rate": 0.00025, "loss_mean": 0.38, "n_updates": 0}, {"reward": 610, "eps": 0.5397, "len": 146, "time": 5538.6, "timesteps": 204666, "cpu_memory": 6.05, "cpu_percent": 20.7, "learning_rate": 0.00025, "loss_mean": 0.36, "n_updates": 0}, {"reward": 580, "eps": 0.5393, "len": 144, "time": 5542.62, "timesteps": 204810, "cpu_memory": 6.05, "cpu_percent": 20.7, "learning_rate": 0.00025, "loss_mean": 0.35, "n_updates": 0}, {"reward": 720, "eps": 0.5389, "len": 221, "time": 5548.68, "timesteps": 205031, "cpu_memory": 6.05, "cpu_percent": 20.7, "learning_rate": 0.00025, "loss_mean": 0.37, "n_updates": 0}, {"reward": 700, "eps": 0.5385, "len": 189, "time": 5553.92, "timesteps": 205220, "cpu_memory": 6.05, "cpu_percent": 20.7, "learning_rate": 0.00025, "loss_mean": 0.35, "n_updates": 0}, {"reward": 1190, "eps": 0.5379, "len": 307, "time": 5562.54, "timesteps": 205527, "cpu_memory": 6.05, "cpu_percent": 20.7, "learning_rate": 0.00025, "loss_mean": 0.33, "n_updates": 0}, {"reward": 800, "eps": 0.5373, "len": 253, "time": 5569.57, "timesteps": 205780, "cpu_memory": 6.06, "cpu_percent": 20.7, "learning_rate": 0.00025, "loss_mean": 0.34, "n_updates": 0}, {"reward": 760, "eps": 0.5368, "len": 188, "time": 5575.13, "timesteps": 205968, "cpu_memory": 6.06, "cpu_percent": 20.7, "learning_rate": 0.00025, "loss_mean": 0.39, "n_updates": 0}, {"reward": 520, "eps": 0.5364, "len": 150, "time": 5579.88, "timesteps": 206118, "cpu_memory": 6.06, "cpu_percent": 20.7, "learning_rate": 0.00025, "loss_mean": 0.4, "n_updates": 0}, {"reward": 880, "eps": 0.536, "len": 221, "time": 5586.26, "timesteps": 206339, "cpu_memory": 6.06, "cpu_percent": 20.7, "learning_rate": 0.00025, "loss_mean": 0.4, "n_updates": 0}, {"reward": 590, "eps": 0.5355, "len": 238, "time": 5593.07, "timesteps": 206577, "cpu_memory": 6.06, "cpu_percent": 20.7, "learning_rate": 0.00025, "loss_mean": 0.36, "n_updates": 0}, {"reward": 510, "eps": 0.535, "len": 147, "time": 5597.52, "timesteps": 206724, "cpu_memory": 6.06, "cpu_percent": 20.7, "learning_rate": 0.00025, "loss_mean": 0.37, "n_updates": 0}, {"reward": 1080, "eps": 0.5346, "len": 271, "time": 5605.87, "timesteps": 206995, "cpu_memory": 6.06, "cpu_percent": 20.7, "learning_rate": 0.00025, "loss_mean": 0.38, "n_updates": 0}, {"reward": 710, "eps": 0.5341, "len": 172, "time": 5610.89, "timesteps": 207167, "cpu_memory": 6.07, "cpu_percent": 20.7, "learning_rate": 0.00025, "loss_mean": 0.35, "n_updates": 0}, {"reward": 550, "eps": 0.5337, "len": 191, "time": 5616.35, "timesteps": 207358, "cpu_memory": 6.07, "cpu_percent": 20.7, "learning_rate": 0.00025, "loss_mean": 0.35, "n_updates": 0}, {"reward": 740, "eps": 0.5332, "len": 225, "time": 5623.34, "timesteps": 207583, "cpu_memory": 6.07, "cpu_percent": 20.7, "learning_rate": 0.00025, "loss_mean": 0.35, "n_updates": 0}, {"reward": 570, "eps": 0.5327, "len": 167, "time": 5628.44, "timesteps": 207750, "cpu_memory": 6.07, "cpu_percent": 20.7, "learning_rate": 0.00025, "loss_mean": 0.35, "n_updates": 0}, {"reward": 1090, "eps": 0.5323, "len": 252, "time": 5635.73, "timesteps": 208002, "cpu_memory": 6.07, "cpu_percent": 20.7, "learning_rate": 0.00025, "loss_mean": 0.37, "n_updates": 0}, {"reward": 840, "eps": 0.5317, "len": 235, "time": 5642.45, "timesteps": 208237, "cpu_memory": 6.07, "cpu_percent": 20.7, "learning_rate": 0.00025, "loss_mean": 0.35, "n_updates": 0}, {"reward": 620, "eps": 0.5312, "len": 215, "time": 5648.88, "timesteps": 208452, "cpu_memory": 6.07, "cpu_percent": 20.7, "learning_rate": 0.00025, "loss_mean": 0.34, "n_updates": 0}, {"reward": 440, "eps": 0.5308, "len": 147, "time": 5653.15, "timesteps": 208599, "cpu_memory": 6.08, "cpu_percent": 20.7, "learning_rate": 0.00025, "loss_mean": 0.38, "n_updates": 0}, {"reward": 560, "eps": 0.5305, "len": 146, "time": 5657.55, "timesteps": 208745, "cpu_memory": 6.08, "cpu_percent": 20.7, "learning_rate": 0.00025, "loss_mean": 0.38, "n_updates": 0}, {"reward": 650, "eps": 0.5301, "len": 183, "time": 5662.85, "timesteps": 208928, "cpu_memory": 6.08, "cpu_percent": 20.7, "learning_rate": 0.00025, "loss_mean": 0.36, "n_updates": 0}, {"reward": 740, "eps": 0.5297, "len": 228, "time": 5669.96, "timesteps": 209156, "cpu_memory": 6.08, "cpu_percent": 20.8, "learning_rate": 0.00025, "loss_mean": 0.34, "n_updates": 0}, {"reward": 560, "eps": 0.5292, "len": 161, "time": 5674.6, "timesteps": 209317, "cpu_memory": 6.08, "cpu_percent": 20.8, "learning_rate": 0.00025, "loss_mean": 0.35, "n_updates": 0}, {"reward": 490, "eps": 0.5289, "len": 146, "time": 5678.74, "timesteps": 209463, "cpu_memory": 6.08, "cpu_percent": 20.7, "learning_rate": 0.00025, "loss_mean": 0.37, "n_updates": 0}, {"reward": 390, "eps": 0.5285, "len": 147, "time": 5682.79, "timesteps": 209610, "cpu_memory": 6.08, "cpu_percent": 20.7, "learning_rate": 0.00025, "loss_mean": 0.37, "n_updates": 0}, {"reward": 440, "eps": 0.5282, "len": 159, "time": 5687.39, "timesteps": 209769, "cpu_memory": 6.08, "cpu_percent": 20.8, "learning_rate": 0.00025, "loss_mean": 0.36, "n_updates": 0}]