[{"reward": 1100, "eps": 0.1, "len": 257, "time": 28652.7, "timesteps": 979940, "cpu_memory": 12.01, "cpu_percent": 39.9, "learning_rate": 0.00025, "loss_mean": 0.21, "n_updates": 0}, {"reward": 670, "eps": 0.1, "len": 980170, "time": 28659.97, "timesteps": 980170, "cpu_memory": 12.02, "cpu_percent": 39.8, "learning_rate": 0.00025, "loss_mean": 0.22, "n_updates": 0}, {"reward": 1200, "eps": 0.1, "len": 239, "time": 28667.04, "timesteps": 980409, "cpu_memory": 12.02, "cpu_percent": 39.8, "learning_rate": 0.00025, "loss_mean": 0.21, "n_updates": 0}, {"reward": 870, "eps": 0.1, "len": 176, "time": 28672.16, "timesteps": 980585, "cpu_memory": 12.02, "cpu_percent": 39.8, "learning_rate": 0.00025, "loss_mean": 0.21, "n_updates": 0}, {"reward": 1000, "eps": 0.1, "len": 202, "time": 28678.09, "timesteps": 980787, "cpu_memory": 12.02, "cpu_percent": 39.9, "learning_rate": 0.00025, "loss_mean": 0.21, "n_updates": 0}, {"reward": 920, "eps": 0.1, "len": 224, "time": 28684.65, "timesteps": 981011, "cpu_memory": 12.02, "cpu_percent": 39.9, "learning_rate": 0.00025, "loss_mean": 0.22, "n_updates": 0}, {"reward": 960, "eps": 0.1, "len": 206, "time": 28690.74, "timesteps": 981217, "cpu_memory": 12.02, "cpu_percent": 39.9, "learning_rate": 0.00025, "loss_mean": 0.22, "n_updates": 0}, {"reward": 770, "eps": 0.1, "len": 212, "time": 28696.91, "timesteps": 981429, "cpu_memory": 12.03, "cpu_percent": 39.9, "learning_rate": 0.00025, "loss_mean": 0.21, "n_updates": 0}, {"reward": 890, "eps": 0.1, "len": 186, "time": 28702.47, "timesteps": 981615, "cpu_memory": 12.03, "cpu_percent": 39.9, "learning_rate": 0.00025, "loss_mean": 0.22, "n_updates": 0}, {"reward": 920, "eps": 0.1, "len": 222, "time": 28708.94, "timesteps": 981837, "cpu_memory": 12.03, "cpu_percent": 39.9, "learning_rate": 0.00025, "loss_mean": 0.21, "n_updates": 0}, {"reward": 820, "eps": 0.1, "len": 232, "time": 28715.79, "timesteps": 982069, "cpu_memory": 12.03, "cpu_percent": 39.9, "learning_rate": 0.00025, "loss_mean": 0.21, "n_updates": 0}, {"reward": 600, "eps": 0.1, "len": 144, "time": 28720.09, "timesteps": 982213, "cpu_memory": 12.03, "cpu_percent": 39.9, "learning_rate": 0.00025, "loss_mean": 0.21, "n_updates": 0}, {"reward": 690, "eps": 0.1, "len": 148, "time": 28724.42, "timesteps": 982361, "cpu_memory": 12.03, "cpu_percent": 39.9, "learning_rate": 0.00025, "loss_mean": 0.21, "n_updates": 0}, {"reward": 970, "eps": 0.1, "len": 245, "time": 28731.64, "timesteps": 982606, "cpu_memory": 12.04, "cpu_percent": 39.9, "learning_rate": 0.00025, "loss_mean": 0.21, "n_updates": 0}, {"reward": 1170, "eps": 0.1, "len": 254, "time": 28739.0, "timesteps": 982860, "cpu_memory": 12.04, "cpu_percent": 39.9, "learning_rate": 0.00025, "loss_mean": 0.22, "n_updates": 0}, {"reward": 1110, "eps": 0.1, "len": 251, "time": 28746.29, "timesteps": 983111, "cpu_memory": 12.04, "cpu_percent": 39.9, "learning_rate": 0.00025, "loss_mean": 0.22, "n_updates": 0}, {"reward": 1100, "eps": 0.1, "len": 327, "time": 28756.0, "timesteps": 983438, "cpu_memory": 12.04, "cpu_percent": 39.9, "learning_rate": 0.00025, "loss_mean": 0.21, "n_updates": 0}, {"reward": 890, "eps": 0.1, "len": 188, "time": 28761.54, "timesteps": 983626, "cpu_memory": 12.04, "cpu_percent": 39.9, "learning_rate": 0.00025, "loss_mean": 0.2, "n_updates": 0}, {"reward": 900, "eps": 0.1, "len": 177, "time": 28766.69, "timesteps": 983803, "cpu_memory": 12.04, "cpu_percent": 39.9, "learning_rate": 0.00025, "loss_mean": 0.21, "n_updates": 0}, {"reward": 690, "eps": 0.1, "len": 145, "time": 28771.01, "timesteps": 983948, "cpu_memory": 12.05, "cpu_percent": 39.9, "learning_rate": 0.00025, "loss_mean": 0.2, "n_updates": 0}, {"reward": 1300, "eps": 0.1, "len": 294, "time": 28779.57, "timesteps": 984242, "cpu_memory": 12.05, "cpu_percent": 40.0, "learning_rate": 0.00025, "loss_mean": 0.23, "n_updates": 0}, {"reward": 890, "eps": 0.1, "len": 214, "time": 28785.85, "timesteps": 984456, "cpu_memory": 12.05, "cpu_percent": 40.0, "learning_rate": 0.00025, "loss_mean": 0.22, "n_updates": 0}, {"reward": 900, "eps": 0.1, "len": 216, "time": 28792.22, "timesteps": 984672, "cpu_memory": 12.05, "cpu_percent": 40.0, "learning_rate": 0.00025, "loss_mean": 0.21, "n_updates": 0}, {"reward": 1020, "eps": 0.1, "len": 282, "time": 28800.39, "timesteps": 984954, "cpu_memory": 12.05, "cpu_percent": 40.0, "learning_rate": 0.00025, "loss_mean": 0.2, "n_updates": 0}, {"reward": 1140, "eps": 0.1, "len": 304, "time": 28809.45, "timesteps": 985258, "cpu_memory": 12.06, "cpu_percent": 40.0, "learning_rate": 0.00025, "loss_mean": 0.22, "n_updates": 0}, {"reward": 1000, "eps": 0.1, "len": 245, "time": 28816.67, "timesteps": 985503, "cpu_memory": 12.06, "cpu_percent": 40.0, "learning_rate": 0.00025, "loss_mean": 0.22, "n_updates": 0}, {"reward": 1250, "eps": 0.1, "len": 280, "time": 28824.89, "timesteps": 985783, "cpu_memory": 12.06, "cpu_percent": 40.0, "learning_rate": 0.00025, "loss_mean": 0.21, "n_updates": 0}, {"reward": 560, "eps": 0.1, "len": 157, "time": 28829.45, "timesteps": 985940, "cpu_memory": 12.06, "cpu_percent": 40.0, "learning_rate": 0.00025, "loss_mean": 0.21, "n_updates": 0}, {"reward": 920, "eps": 0.1, "len": 215, "time": 28835.78, "timesteps": 986155, "cpu_memory": 12.06, "cpu_percent": 40.0, "learning_rate": 0.00025, "loss_mean": 0.21, "n_updates": 0}, {"reward": 860, "eps": 0.1, "len": 187, "time": 28841.21, "timesteps": 986342, "cpu_memory": 12.06, "cpu_percent": 40.0, "learning_rate": 0.00025, "loss_mean": 0.22, "n_updates": 0}, {"reward": 1220, "eps": 0.1, "len": 260, "time": 28848.78, "timesteps": 986602, "cpu_memory": 12.07, "cpu_percent": 40.0, "learning_rate": 0.00025, "loss_mean": 0.21, "n_updates": 0}, {"reward": 1030, "eps": 0.1, "len": 311, "time": 28857.98, "timesteps": 986913, "cpu_memory": 12.07, "cpu_percent": 40.0, "learning_rate": 0.00025, "loss_mean": 0.22, "n_updates": 0}, {"reward": 1040, "eps": 0.1, "len": 200, "time": 28863.97, "timesteps": 987113, "cpu_memory": 12.07, "cpu_percent": 40.0, "learning_rate": 0.00025, "loss_mean": 0.21, "n_updates": 0}, {"reward": 650, "eps": 0.1, "len": 213, "time": 28870.11, "timesteps": 987326, "cpu_memory": 12.07, "cpu_percent": 40.0, "learning_rate": 0.00025, "loss_mean": 0.2, "n_updates": 0}, {"reward": 1000, "eps": 0.1, "len": 236, "time": 28877.06, "timesteps": 987562, "cpu_memory": 12.07, "cpu_percent": 40.0, "learning_rate": 0.00025, "loss_mean": 0.21, "n_updates": 0}, {"reward": 900, "eps": 0.1, "len": 200, "time": 28882.86, "timesteps": 987762, "cpu_memory": 12.08, "cpu_percent": 40.0, "learning_rate": 0.00025, "loss_mean": 0.21, "n_updates": 0}, {"reward": 920, "eps": 0.1, "len": 218, "time": 28889.47, "timesteps": 987980, "cpu_memory": 12.08, "cpu_percent": 40.0, "learning_rate": 0.00025, "loss_mean": 0.22, "n_updates": 0}, {"reward": 600, "eps": 0.1, "len": 147, "time": 28893.82, "timesteps": 988127, "cpu_memory": 12.08, "cpu_percent": 40.0, "learning_rate": 0.00025, "loss_mean": 0.19, "n_updates": 0}, {"reward": 990, "eps": 0.1, "len": 223, "time": 28900.38, "timesteps": 988350, "cpu_memory": 12.08, "cpu_percent": 40.0, "learning_rate": 0.00025, "loss_mean": 0.21, "n_updates": 0}, {"reward": 720, "eps": 0.1, "len": 183, "time": 28905.91, "timesteps": 988533, "cpu_memory": 12.08, "cpu_percent": 40.0, "learning_rate": 0.00025, "loss_mean": 0.2, "n_updates": 0}, {"reward": 1240, "eps": 0.1, "len": 224, "time": 28912.46, "timesteps": 988757, "cpu_memory": 12.08, "cpu_percent": 40.0, "learning_rate": 0.00025, "loss_mean": 0.21, "n_updates": 0}, {"reward": 1370, "eps": 0.1, "len": 335, "time": 28922.18, "timesteps": 989092, "cpu_memory": 12.09, "cpu_percent": 40.0, "learning_rate": 0.00025, "loss_mean": 0.21, "n_updates": 0}, {"reward": 1480, "eps": 0.1, "len": 346, "time": 28932.24, "timesteps": 989438, "cpu_memory": 12.09, "cpu_percent": 40.0, "learning_rate": 0.00025, "loss_mean": 0.22, "n_updates": 0}, {"reward": 760, "eps": 0.1, "len": 229, "time": 28938.96, "timesteps": 989667, "cpu_memory": 12.09, "cpu_percent": 40.0, "learning_rate": 0.00025, "loss_mean": 0.22, "n_updates": 0}]