[{"reward": 950, "eps": 0.1, "len": 263, "time": 23947.47, "timesteps": 819338, "cpu_memory": 10.76, "cpu_percent": 35.8, "learning_rate": 0.00025, "loss_mean": 0.2, "n_updates": 0}, {"reward": 780, "eps": 0.1, "len": 183, "time": 23952.72, "timesteps": 819521, "cpu_memory": 10.76, "cpu_percent": 35.8, "learning_rate": 0.00025, "loss_mean": 0.2, "n_updates": 0}, {"reward": 1420, "eps": 0.1, "len": 353, "time": 23962.93, "timesteps": 819874, "cpu_memory": 10.76, "cpu_percent": 35.8, "learning_rate": 0.00025, "loss_mean": 0.19, "n_updates": 0}, {"reward": 630, "eps": 0.1, "len": 140, "time": 23967.69, "timesteps": 820014, "cpu_memory": 10.77, "cpu_percent": 35.8, "learning_rate": 0.00025, "loss_mean": 0.18, "n_updates": 0}, {"reward": 880, "eps": 0.1, "len": 235, "time": 23974.61, "timesteps": 820249, "cpu_memory": 10.77, "cpu_percent": 35.8, "learning_rate": 0.00025, "loss_mean": 0.21, "n_updates": 0}, {"reward": 1330, "eps": 0.1, "len": 285, "time": 23982.8, "timesteps": 820534, "cpu_memory": 10.77, "cpu_percent": 35.8, "learning_rate": 0.00025, "loss_mean": 0.2, "n_updates": 0}, {"reward": 1050, "eps": 0.1, "len": 218, "time": 23989.11, "timesteps": 820752, "cpu_memory": 10.77, "cpu_percent": 35.8, "learning_rate": 0.00025, "loss_mean": 0.21, "n_updates": 0}, {"reward": 700, "eps": 0.1, "len": 198, "time": 23994.92, "timesteps": 820950, "cpu_memory": 10.77, "cpu_percent": 35.8, "learning_rate": 0.00025, "loss_mean": 0.2, "n_updates": 0}, {"reward": 1600, "eps": 0.1, "len": 303, "time": 24003.94, "timesteps": 821253, "cpu_memory": 10.78, "cpu_percent": 35.8, "learning_rate": 0.00025, "loss_mean": 0.19, "n_updates": 0}, {"reward": 1000, "eps": 0.1, "len": 238, "time": 24010.88, "timesteps": 821491, "cpu_memory": 10.78, "cpu_percent": 35.8, "learning_rate": 0.00025, "loss_mean": 0.19, "n_updates": 0}, {"reward": 670, "eps": 0.1, "len": 232, "time": 24017.71, "timesteps": 821723, "cpu_memory": 10.78, "cpu_percent": 35.8, "learning_rate": 0.00025, "loss_mean": 0.18, "n_updates": 0}, {"reward": 1100, "eps": 0.1, "len": 254, "time": 24025.1, "timesteps": 821977, "cpu_memory": 10.78, "cpu_percent": 35.8, "learning_rate": 0.00025, "loss_mean": 0.18, "n_updates": 0}, {"reward": 1140, "eps": 0.1, "len": 254, "time": 24032.65, "timesteps": 822231, "cpu_memory": 10.78, "cpu_percent": 35.9, "learning_rate": 0.00025, "loss_mean": 0.19, "n_updates": 0}, {"reward": 480, "eps": 0.1, "len": 131, "time": 24036.46, "timesteps": 822362, "cpu_memory": 10.78, "cpu_percent": 35.9, "learning_rate": 0.00025, "loss_mean": 0.2, "n_updates": 0}, {"reward": 990, "eps": 0.1, "len": 227, "time": 24043.01, "timesteps": 822589, "cpu_memory": 10.79, "cpu_percent": 35.9, "learning_rate": 0.00025, "loss_mean": 0.2, "n_updates": 0}, {"reward": 1060, "eps": 0.1, "len": 326, "time": 24052.33, "timesteps": 822915, "cpu_memory": 10.79, "cpu_percent": 35.9, "learning_rate": 0.00025, "loss_mean": 0.2, "n_updates": 0}, {"reward": 570, "eps": 0.1, "len": 158, "time": 24056.96, "timesteps": 823073, "cpu_memory": 10.79, "cpu_percent": 35.9, "learning_rate": 0.00025, "loss_mean": 0.2, "n_updates": 0}, {"reward": 840, "eps": 0.1, "len": 244, "time": 24064.38, "timesteps": 823317, "cpu_memory": 10.79, "cpu_percent": 35.9, "learning_rate": 0.00025, "loss_mean": 0.2, "n_updates": 0}, {"reward": 920, "eps": 0.1, "len": 250, "time": 24071.58, "timesteps": 823567, "cpu_memory": 10.79, "cpu_percent": 35.9, "learning_rate": 0.00025, "loss_mean": 0.2, "n_updates": 0}, {"reward": 940, "eps": 0.1, "len": 264, "time": 24079.23, "timesteps": 823831, "cpu_memory": 10.8, "cpu_percent": 35.9, "learning_rate": 0.00025, "loss_mean": 0.2, "n_updates": 0}, {"reward": 1270, "eps": 0.1, "len": 276, "time": 24087.2, "timesteps": 824107, "cpu_memory": 10.8, "cpu_percent": 35.9, "learning_rate": 0.00025, "loss_mean": 0.2, "n_updates": 0}, {"reward": 400, "eps": 0.1, "len": 140, "time": 24091.24, "timesteps": 824247, "cpu_memory": 10.8, "cpu_percent": 35.9, "learning_rate": 0.00025, "loss_mean": 0.2, "n_updates": 0}, {"reward": 740, "eps": 0.1, "len": 191, "time": 24096.98, "timesteps": 824438, "cpu_memory": 10.8, "cpu_percent": 35.9, "learning_rate": 0.00025, "loss_mean": 0.2, "n_updates": 0}, {"reward": 560, "eps": 0.1, "len": 131, "time": 24100.94, "timesteps": 824569, "cpu_memory": 10.8, "cpu_percent": 35.9, "learning_rate": 0.00025, "loss_mean": 0.19, "n_updates": 0}, {"reward": 1100, "eps": 0.1, "len": 260, "time": 24108.46, "timesteps": 824829, "cpu_memory": 10.8, "cpu_percent": 36.0, "learning_rate": 0.00025, "loss_mean": 0.2, "n_updates": 0}, {"reward": 320, "eps": 0.1, "len": 105, "time": 24111.5, "timesteps": 824934, "cpu_memory": 10.8, "cpu_percent": 36.0, "learning_rate": 0.00025, "loss_mean": 0.19, "n_updates": 0}, {"reward": 850, "eps": 0.1, "len": 233, "time": 24118.26, "timesteps": 825167, "cpu_memory": 10.81, "cpu_percent": 36.0, "learning_rate": 0.00025, "loss_mean": 0.2, "n_updates": 0}, {"reward": 890, "eps": 0.1, "len": 194, "time": 24123.93, "timesteps": 825361, "cpu_memory": 10.81, "cpu_percent": 36.0, "learning_rate": 0.00025, "loss_mean": 0.21, "n_updates": 0}, {"reward": 820, "eps": 0.1, "len": 196, "time": 24129.97, "timesteps": 825557, "cpu_memory": 10.81, "cpu_percent": 36.0, "learning_rate": 0.00025, "loss_mean": 0.2, "n_updates": 0}, {"reward": 630, "eps": 0.1, "len": 137, "time": 24133.97, "timesteps": 825694, "cpu_memory": 10.81, "cpu_percent": 36.0, "learning_rate": 0.00025, "loss_mean": 0.21, "n_updates": 0}, {"reward": 1550, "eps": 0.1, "len": 333, "time": 24143.52, "timesteps": 826027, "cpu_memory": 10.81, "cpu_percent": 36.0, "learning_rate": 0.00025, "loss_mean": 0.19, "n_updates": 0}, {"reward": 990, "eps": 0.1, "len": 251, "time": 24150.8, "timesteps": 826278, "cpu_memory": 10.81, "cpu_percent": 36.0, "learning_rate": 0.00025, "loss_mean": 0.2, "n_updates": 0}, {"reward": 1160, "eps": 0.1, "len": 258, "time": 24158.47, "timesteps": 826536, "cpu_memory": 10.82, "cpu_percent": 36.0, "learning_rate": 0.00025, "loss_mean": 0.2, "n_updates": 0}, {"reward": 1060, "eps": 0.1, "len": 254, "time": 24165.73, "timesteps": 826790, "cpu_memory": 10.82, "cpu_percent": 36.0, "learning_rate": 0.00025, "loss_mean": 0.2, "n_updates": 0}, {"reward": 870, "eps": 0.1, "len": 187, "time": 24171.15, "timesteps": 826977, "cpu_memory": 10.82, "cpu_percent": 36.0, "learning_rate": 0.00025, "loss_mean": 0.21, "n_updates": 0}, {"reward": 790, "eps": 0.1, "len": 216, "time": 24177.48, "timesteps": 827193, "cpu_memory": 10.82, "cpu_percent": 36.0, "learning_rate": 0.00025, "loss_mean": 0.21, "n_updates": 0}, {"reward": 870, "eps": 0.1, "len": 239, "time": 24184.57, "timesteps": 827432, "cpu_memory": 10.82, "cpu_percent": 36.0, "learning_rate": 0.00025, "loss_mean": 0.2, "n_updates": 0}, {"reward": 500, "eps": 0.1, "len": 139, "time": 24188.82, "timesteps": 827571, "cpu_memory": 10.82, "cpu_percent": 36.0, "learning_rate": 0.00025, "loss_mean": 0.2, "n_updates": 0}, {"reward": 800, "eps": 0.1, "len": 173, "time": 24193.84, "timesteps": 827744, "cpu_memory": 10.83, "cpu_percent": 36.0, "learning_rate": 0.00025, "loss_mean": 0.2, "n_updates": 0}, {"reward": 1170, "eps": 0.1, "len": 304, "time": 24202.58, "timesteps": 828048, "cpu_memory": 10.83, "cpu_percent": 36.0, "learning_rate": 0.00025, "loss_mean": 0.2, "n_updates": 0}, {"reward": 740, "eps": 0.1, "len": 166, "time": 24207.45, "timesteps": 828214, "cpu_memory": 10.83, "cpu_percent": 36.0, "learning_rate": 0.00025, "loss_mean": 0.21, "n_updates": 0}, {"reward": 990, "eps": 0.1, "len": 241, "time": 24214.42, "timesteps": 828455, "cpu_memory": 10.83, "cpu_percent": 36.0, "learning_rate": 0.00025, "loss_mean": 0.2, "n_updates": 0}, {"reward": 1290, "eps": 0.1, "len": 317, "time": 24223.76, "timesteps": 828772, "cpu_memory": 10.83, "cpu_percent": 36.0, "learning_rate": 0.00025, "loss_mean": 0.19, "n_updates": 0}, {"reward": 820, "eps": 0.1, "len": 249, "time": 24230.99, "timesteps": 829021, "cpu_memory": 10.84, "cpu_percent": 36.0, "learning_rate": 0.00025, "loss_mean": 0.19, "n_updates": 0}]