[{"reward": 1260, "eps": 0.1, "len": 294, "time": 16913.28, "timesteps": 579559, "cpu_memory": 8.9, "cpu_percent": 29.8, "learning_rate": 0.00025, "loss_mean": 0.27, "n_updates": 0}, {"reward": 340, "eps": 0.1, "len": 107, "time": 16916.4, "timesteps": 579666, "cpu_memory": 8.9, "cpu_percent": 29.8, "learning_rate": 0.00025, "loss_mean": 0.25, "n_updates": 0}, {"reward": 1240, "eps": 0.1, "len": 294, "time": 16924.96, "timesteps": 579960, "cpu_memory": 8.9, "cpu_percent": 29.8, "learning_rate": 0.00025, "loss_mean": 0.26, "n_updates": 0}, {"reward": 1350, "eps": 0.1, "len": 347, "time": 16935.7, "timesteps": 580307, "cpu_memory": 8.9, "cpu_percent": 29.8, "learning_rate": 0.00025, "loss_mean": 0.26, "n_updates": 0}, {"reward": 1380, "eps": 0.1, "len": 396, "time": 16947.13, "timesteps": 580703, "cpu_memory": 8.9, "cpu_percent": 29.8, "learning_rate": 0.00025, "loss_mean": 0.25, "n_updates": 0}, {"reward": 700, "eps": 0.1, "len": 198, "time": 16953.08, "timesteps": 580901, "cpu_memory": 8.91, "cpu_percent": 29.8, "learning_rate": 0.00025, "loss_mean": 0.25, "n_updates": 0}, {"reward": 560, "eps": 0.1, "len": 160, "time": 16957.8, "timesteps": 581061, "cpu_memory": 8.91, "cpu_percent": 29.8, "learning_rate": 0.00025, "loss_mean": 0.25, "n_updates": 0}, {"reward": 700, "eps": 0.1, "len": 163, "time": 16962.6, "timesteps": 581224, "cpu_memory": 8.91, "cpu_percent": 29.8, "learning_rate": 0.00025, "loss_mean": 0.25, "n_updates": 0}, {"reward": 1090, "eps": 0.1, "len": 249, "time": 16969.86, "timesteps": 581473, "cpu_memory": 8.91, "cpu_percent": 29.8, "learning_rate": 0.00025, "loss_mean": 0.26, "n_updates": 0}, {"reward": 1150, "eps": 0.1, "len": 236, "time": 16976.72, "timesteps": 581709, "cpu_memory": 8.91, "cpu_percent": 29.8, "learning_rate": 0.00025, "loss_mean": 0.27, "n_updates": 0}, {"reward": 470, "eps": 0.1, "len": 152, "time": 16981.1, "timesteps": 581861, "cpu_memory": 8.91, "cpu_percent": 29.8, "learning_rate": 0.00025, "loss_mean": 0.25, "n_updates": 0}, {"reward": 900, "eps": 0.1, "len": 274, "time": 16989.16, "timesteps": 582135, "cpu_memory": 8.92, "cpu_percent": 29.9, "learning_rate": 0.00025, "loss_mean": 0.27, "n_updates": 0}, {"reward": 1020, "eps": 0.1, "len": 235, "time": 16996.09, "timesteps": 582370, "cpu_memory": 8.92, "cpu_percent": 29.9, "learning_rate": 0.00025, "loss_mean": 0.26, "n_updates": 0}, {"reward": 1140, "eps": 0.1, "len": 234, "time": 17002.84, "timesteps": 582604, "cpu_memory": 8.92, "cpu_percent": 29.9, "learning_rate": 0.00025, "loss_mean": 0.25, "n_updates": 0}, {"reward": 630, "eps": 0.1, "len": 194, "time": 17008.58, "timesteps": 582798, "cpu_memory": 8.92, "cpu_percent": 29.9, "learning_rate": 0.00025, "loss_mean": 0.25, "n_updates": 0}, {"reward": 1110, "eps": 0.1, "len": 221, "time": 17015.13, "timesteps": 583019, "cpu_memory": 8.92, "cpu_percent": 29.9, "learning_rate": 0.00025, "loss_mean": 0.26, "n_updates": 0}, {"reward": 680, "eps": 0.1, "len": 177, "time": 17020.28, "timesteps": 583196, "cpu_memory": 8.92, "cpu_percent": 29.9, "learning_rate": 0.00025, "loss_mean": 0.26, "n_updates": 0}, {"reward": 1070, "eps": 0.1, "len": 302, "time": 17029.08, "timesteps": 583498, "cpu_memory": 8.93, "cpu_percent": 29.9, "learning_rate": 0.00025, "loss_mean": 0.27, "n_updates": 0}, {"reward": 930, "eps": 0.1, "len": 187, "time": 17034.54, "timesteps": 583685, "cpu_memory": 8.93, "cpu_percent": 29.9, "learning_rate": 0.00025, "loss_mean": 0.26, "n_updates": 0}, {"reward": 470, "eps": 0.1, "len": 153, "time": 17039.05, "timesteps": 583838, "cpu_memory": 8.93, "cpu_percent": 29.9, "learning_rate": 0.00025, "loss_mean": 0.27, "n_updates": 0}, {"reward": 840, "eps": 0.1, "len": 215, "time": 17045.54, "timesteps": 584053, "cpu_memory": 8.93, "cpu_percent": 29.9, "learning_rate": 0.00025, "loss_mean": 0.27, "n_updates": 0}, {"reward": 810, "eps": 0.1, "len": 170, "time": 17050.5, "timesteps": 584223, "cpu_memory": 8.93, "cpu_percent": 29.9, "learning_rate": 0.00025, "loss_mean": 0.27, "n_updates": 0}, {"reward": 560, "eps": 0.1, "len": 172, "time": 17055.49, "timesteps": 584395, "cpu_memory": 8.93, "cpu_percent": 29.9, "learning_rate": 0.00025, "loss_mean": 0.25, "n_updates": 0}, {"reward": 540, "eps": 0.1, "len": 161, "time": 17060.14, "timesteps": 584556, "cpu_memory": 8.93, "cpu_percent": 29.9, "learning_rate": 0.00025, "loss_mean": 0.25, "n_updates": 0}, {"reward": 640, "eps": 0.1, "len": 123, "time": 17063.77, "timesteps": 584679, "cpu_memory": 8.94, "cpu_percent": 29.9, "learning_rate": 0.00025, "loss_mean": 0.26, "n_updates": 0}, {"reward": 680, "eps": 0.1, "len": 197, "time": 17069.49, "timesteps": 584876, "cpu_memory": 8.94, "cpu_percent": 29.9, "learning_rate": 0.00025, "loss_mean": 0.25, "n_updates": 0}, {"reward": 860, "eps": 0.1, "len": 186, "time": 17074.99, "timesteps": 585062, "cpu_memory": 8.94, "cpu_percent": 29.9, "learning_rate": 0.00025, "loss_mean": 0.25, "n_updates": 0}, {"reward": 1150, "eps": 0.1, "len": 277, "time": 17083.21, "timesteps": 585339, "cpu_memory": 8.94, "cpu_percent": 29.9, "learning_rate": 0.00025, "loss_mean": 0.26, "n_updates": 0}, {"reward": 990, "eps": 0.1, "len": 216, "time": 17089.53, "timesteps": 585555, "cpu_memory": 8.94, "cpu_percent": 29.9, "learning_rate": 0.00025, "loss_mean": 0.26, "n_updates": 0}, {"reward": 660, "eps": 0.1, "len": 165, "time": 17094.37, "timesteps": 585720, "cpu_memory": 8.94, "cpu_percent": 29.9, "learning_rate": 0.00025, "loss_mean": 0.25, "n_updates": 0}, {"reward": 880, "eps": 0.1, "len": 230, "time": 17101.03, "timesteps": 585950, "cpu_memory": 8.95, "cpu_percent": 29.9, "learning_rate": 0.00025, "loss_mean": 0.25, "n_updates": 0}, {"reward": 830, "eps": 0.1, "len": 218, "time": 17107.56, "timesteps": 586168, "cpu_memory": 8.95, "cpu_percent": 30.0, "learning_rate": 0.00025, "loss_mean": 0.25, "n_updates": 0}, {"reward": 710, "eps": 0.1, "len": 205, "time": 17113.63, "timesteps": 586373, "cpu_memory": 8.95, "cpu_percent": 30.0, "learning_rate": 0.00025, "loss_mean": 0.25, "n_updates": 0}, {"reward": 980, "eps": 0.1, "len": 237, "time": 17120.64, "timesteps": 586610, "cpu_memory": 8.95, "cpu_percent": 30.0, "learning_rate": 0.00025, "loss_mean": 0.26, "n_updates": 0}, {"reward": 1070, "eps": 0.1, "len": 254, "time": 17128.12, "timesteps": 586864, "cpu_memory": 8.95, "cpu_percent": 30.0, "learning_rate": 0.00025, "loss_mean": 0.26, "n_updates": 0}, {"reward": 640, "eps": 0.1, "len": 157, "time": 17132.69, "timesteps": 587021, "cpu_memory": 8.95, "cpu_percent": 30.0, "learning_rate": 0.00025, "loss_mean": 0.26, "n_updates": 0}, {"reward": 1270, "eps": 0.1, "len": 296, "time": 17141.37, "timesteps": 587317, "cpu_memory": 8.96, "cpu_percent": 30.0, "learning_rate": 0.00025, "loss_mean": 0.26, "n_updates": 0}, {"reward": 860, "eps": 0.1, "len": 200, "time": 17147.28, "timesteps": 587517, "cpu_memory": 8.96, "cpu_percent": 30.0, "learning_rate": 0.00025, "loss_mean": 0.25, "n_updates": 0}, {"reward": 490, "eps": 0.1, "len": 145, "time": 17151.49, "timesteps": 587662, "cpu_memory": 8.96, "cpu_percent": 30.0, "learning_rate": 0.00025, "loss_mean": 0.25, "n_updates": 0}, {"reward": 1090, "eps": 0.1, "len": 279, "time": 17159.49, "timesteps": 587941, "cpu_memory": 8.96, "cpu_percent": 30.0, "learning_rate": 0.00025, "loss_mean": 0.25, "n_updates": 0}, {"reward": 470, "eps": 0.1, "len": 183, "time": 17164.92, "timesteps": 588124, "cpu_memory": 8.96, "cpu_percent": 30.0, "learning_rate": 0.00025, "loss_mean": 0.26, "n_updates": 0}, {"reward": 680, "eps": 0.1, "len": 201, "time": 17170.96, "timesteps": 588325, "cpu_memory": 8.96, "cpu_percent": 30.0, "learning_rate": 0.00025, "loss_mean": 0.25, "n_updates": 0}, {"reward": 1380, "eps": 0.1, "len": 282, "time": 17179.22, "timesteps": 588607, "cpu_memory": 8.97, "cpu_percent": 30.0, "learning_rate": 0.00025, "loss_mean": 0.25, "n_updates": 0}, {"reward": 760, "eps": 0.1, "len": 262, "time": 17186.73, "timesteps": 588869, "cpu_memory": 8.97, "cpu_percent": 30.0, "learning_rate": 0.00025, "loss_mean": 0.25, "n_updates": 0}, {"reward": 1130, "eps": 0.1, "len": 317, "time": 17195.91, "timesteps": 589186, "cpu_memory": 8.97, "cpu_percent": 30.0, "learning_rate": 0.00025, "loss_mean": 0.25, "n_updates": 0}, {"reward": 520, "eps": 0.1, "len": 153, "time": 17200.43, "timesteps": 589339, "cpu_memory": 8.97, "cpu_percent": 30.0, "learning_rate": 0.00025, "loss_mean": 0.25, "n_updates": 0}, {"reward": 1240, "eps": 0.1, "len": 255, "time": 17208.02, "timesteps": 589594, "cpu_memory": 8.97, "cpu_percent": 30.0, "learning_rate": 0.00025, "loss_mean": 0.26, "n_updates": 0}]