[{"reward": 730, "eps": 0.1, "len": 172, "time": 18387.53, "timesteps": 629656, "cpu_memory": 9.29, "cpu_percent": 31.0, "learning_rate": 0.00025, "loss_mean": 0.24, "n_updates": 0}, {"reward": 860, "eps": 0.1, "len": 240, "time": 18394.62, "timesteps": 629896, "cpu_memory": 9.29, "cpu_percent": 31.0, "learning_rate": 0.00025, "loss_mean": 0.24, "n_updates": 0}, {"reward": 410, "eps": 0.1, "len": 122, "time": 18398.81, "timesteps": 630018, "cpu_memory": 9.29, "cpu_percent": 31.1, "learning_rate": 0.00025, "loss_mean": 0.23, "n_updates": 0}, {"reward": 840, "eps": 0.1, "len": 202, "time": 18404.73, "timesteps": 630220, "cpu_memory": 9.29, "cpu_percent": 31.1, "learning_rate": 0.00025, "loss_mean": 0.22, "n_updates": 0}, {"reward": 820, "eps": 0.1, "len": 188, "time": 18410.21, "timesteps": 630408, "cpu_memory": 9.29, "cpu_percent": 31.1, "learning_rate": 0.00025, "loss_mean": 0.24, "n_updates": 0}, {"reward": 710, "eps": 0.1, "len": 195, "time": 18415.89, "timesteps": 630603, "cpu_memory": 9.29, "cpu_percent": 31.1, "learning_rate": 0.00025, "loss_mean": 0.23, "n_updates": 0}, {"reward": 1140, "eps": 0.1, "len": 322, "time": 18425.58, "timesteps": 630925, "cpu_memory": 9.3, "cpu_percent": 31.1, "learning_rate": 0.00025, "loss_mean": 0.24, "n_updates": 0}, {"reward": 510, "eps": 0.1, "len": 119, "time": 18429.08, "timesteps": 631044, "cpu_memory": 9.3, "cpu_percent": 31.1, "learning_rate": 0.00025, "loss_mean": 0.24, "n_updates": 0}, {"reward": 640, "eps": 0.1, "len": 179, "time": 18434.25, "timesteps": 631223, "cpu_memory": 9.3, "cpu_percent": 31.1, "learning_rate": 0.00025, "loss_mean": 0.24, "n_updates": 0}, {"reward": 1290, "eps": 0.1, "len": 302, "time": 18443.03, "timesteps": 631525, "cpu_memory": 9.3, "cpu_percent": 31.1, "learning_rate": 0.00025, "loss_mean": 0.24, "n_updates": 0}, {"reward": 1210, "eps": 0.1, "len": 318, "time": 18452.28, "timesteps": 631843, "cpu_memory": 9.3, "cpu_percent": 31.1, "learning_rate": 0.00025, "loss_mean": 0.24, "n_updates": 0}, {"reward": 620, "eps": 0.1, "len": 288, "time": 18460.76, "timesteps": 632131, "cpu_memory": 9.3, "cpu_percent": 31.2, "learning_rate": 0.00025, "loss_mean": 0.24, "n_updates": 0}, {"reward": 1120, "eps": 0.1, "len": 265, "time": 18468.5, "timesteps": 632396, "cpu_memory": 9.31, "cpu_percent": 31.2, "learning_rate": 0.00025, "loss_mean": 0.24, "n_updates": 0}, {"reward": 1030, "eps": 0.1, "len": 263, "time": 18476.22, "timesteps": 632659, "cpu_memory": 9.31, "cpu_percent": 31.2, "learning_rate": 0.00025, "loss_mean": 0.24, "n_updates": 0}, {"reward": 520, "eps": 0.1, "len": 200, "time": 18482.1, "timesteps": 632859, "cpu_memory": 9.31, "cpu_percent": 31.2, "learning_rate": 0.00025, "loss_mean": 0.24, "n_updates": 0}, {"reward": 1040, "eps": 0.1, "len": 261, "time": 18489.82, "timesteps": 633120, "cpu_memory": 9.31, "cpu_percent": 31.2, "learning_rate": 0.00025, "loss_mean": 0.24, "n_updates": 0}, {"reward": 780, "eps": 0.1, "len": 200, "time": 18495.59, "timesteps": 633320, "cpu_memory": 9.31, "cpu_percent": 31.2, "learning_rate": 0.00025, "loss_mean": 0.24, "n_updates": 0}, {"reward": 670, "eps": 0.1, "len": 161, "time": 18500.3, "timesteps": 633481, "cpu_memory": 9.32, "cpu_percent": 31.2, "learning_rate": 0.00025, "loss_mean": 0.23, "n_updates": 0}, {"reward": 910, "eps": 0.1, "len": 238, "time": 18507.37, "timesteps": 633719, "cpu_memory": 9.32, "cpu_percent": 31.2, "learning_rate": 0.00025, "loss_mean": 0.23, "n_updates": 0}, {"reward": 830, "eps": 0.1, "len": 208, "time": 18513.43, "timesteps": 633927, "cpu_memory": 9.32, "cpu_percent": 31.2, "learning_rate": 0.00025, "loss_mean": 0.24, "n_updates": 0}, {"reward": 800, "eps": 0.1, "len": 203, "time": 18519.45, "timesteps": 634130, "cpu_memory": 9.32, "cpu_percent": 31.1, "learning_rate": 0.00025, "loss_mean": 0.23, "n_updates": 0}, {"reward": 740, "eps": 0.1, "len": 158, "time": 18524.08, "timesteps": 634288, "cpu_memory": 9.32, "cpu_percent": 31.1, "learning_rate": 0.00025, "loss_mean": 0.24, "n_updates": 0}, {"reward": 880, "eps": 0.1, "len": 288, "time": 18532.43, "timesteps": 634576, "cpu_memory": 9.32, "cpu_percent": 31.1, "learning_rate": 0.00025, "loss_mean": 0.22, "n_updates": 0}, {"reward": 880, "eps": 0.1, "len": 227, "time": 18539.05, "timesteps": 634803, "cpu_memory": 9.33, "cpu_percent": 31.1, "learning_rate": 0.00025, "loss_mean": 0.23, "n_updates": 0}, {"reward": 710, "eps": 0.1, "len": 147, "time": 18543.39, "timesteps": 634950, "cpu_memory": 9.33, "cpu_percent": 31.1, "learning_rate": 0.00025, "loss_mean": 0.23, "n_updates": 0}, {"reward": 930, "eps": 0.1, "len": 245, "time": 18550.67, "timesteps": 635195, "cpu_memory": 9.33, "cpu_percent": 31.1, "learning_rate": 0.00025, "loss_mean": 0.22, "n_updates": 0}, {"reward": 1200, "eps": 0.1, "len": 364, "time": 18561.24, "timesteps": 635559, "cpu_memory": 9.33, "cpu_percent": 31.1, "learning_rate": 0.00025, "loss_mean": 0.22, "n_updates": 0}, {"reward": 870, "eps": 0.1, "len": 205, "time": 18567.22, "timesteps": 635764, "cpu_memory": 9.33, "cpu_percent": 31.2, "learning_rate": 0.00025, "loss_mean": 0.23, "n_updates": 0}, {"reward": 520, "eps": 0.1, "len": 128, "time": 18571.03, "timesteps": 635892, "cpu_memory": 9.33, "cpu_percent": 31.2, "learning_rate": 0.00025, "loss_mean": 0.23, "n_updates": 0}, {"reward": 1200, "eps": 0.1, "len": 304, "time": 18579.99, "timesteps": 636196, "cpu_memory": 9.34, "cpu_percent": 31.2, "learning_rate": 0.00025, "loss_mean": 0.23, "n_updates": 0}, {"reward": 1080, "eps": 0.1, "len": 242, "time": 18587.03, "timesteps": 636438, "cpu_memory": 9.34, "cpu_percent": 31.2, "learning_rate": 0.00025, "loss_mean": 0.24, "n_updates": 0}, {"reward": 640, "eps": 0.1, "len": 139, "time": 18591.07, "timesteps": 636577, "cpu_memory": 9.34, "cpu_percent": 31.2, "learning_rate": 0.00025, "loss_mean": 0.22, "n_updates": 0}, {"reward": 870, "eps": 0.1, "len": 208, "time": 18597.08, "timesteps": 636785, "cpu_memory": 9.34, "cpu_percent": 31.2, "learning_rate": 0.00025, "loss_mean": 0.23, "n_updates": 0}, {"reward": 680, "eps": 0.1, "len": 167, "time": 18601.89, "timesteps": 636952, "cpu_memory": 9.34, "cpu_percent": 31.2, "learning_rate": 0.00025, "loss_mean": 0.24, "n_updates": 0}, {"reward": 640, "eps": 0.1, "len": 185, "time": 18607.5, "timesteps": 637137, "cpu_memory": 9.34, "cpu_percent": 31.2, "learning_rate": 0.00025, "loss_mean": 0.23, "n_updates": 0}, {"reward": 1130, "eps": 0.1, "len": 271, "time": 18615.47, "timesteps": 637408, "cpu_memory": 9.35, "cpu_percent": 31.2, "learning_rate": 0.00025, "loss_mean": 0.23, "n_updates": 0}, {"reward": 660, "eps": 0.1, "len": 183, "time": 18620.76, "timesteps": 637591, "cpu_memory": 9.35, "cpu_percent": 31.2, "learning_rate": 0.00025, "loss_mean": 0.25, "n_updates": 0}, {"reward": 1060, "eps": 0.1, "len": 237, "time": 18627.59, "timesteps": 637828, "cpu_memory": 9.35, "cpu_percent": 31.2, "learning_rate": 0.00025, "loss_mean": 0.24, "n_updates": 0}, {"reward": 720, "eps": 0.1, "len": 195, "time": 18633.29, "timesteps": 638023, "cpu_memory": 9.35, "cpu_percent": 31.3, "learning_rate": 0.00025, "loss_mean": 0.23, "n_updates": 0}, {"reward": 790, "eps": 0.1, "len": 146, "time": 18637.68, "timesteps": 638169, "cpu_memory": 9.35, "cpu_percent": 31.3, "learning_rate": 0.00025, "loss_mean": 0.23, "n_updates": 0}, {"reward": 410, "eps": 0.1, "len": 133, "time": 18641.55, "timesteps": 638302, "cpu_memory": 9.35, "cpu_percent": 31.3, "learning_rate": 0.00025, "loss_mean": 0.24, "n_updates": 0}, {"reward": 750, "eps": 0.1, "len": 182, "time": 18647.0, "timesteps": 638484, "cpu_memory": 9.35, "cpu_percent": 31.3, "learning_rate": 0.00025, "loss_mean": 0.25, "n_updates": 0}, {"reward": 1010, "eps": 0.1, "len": 240, "time": 18654.04, "timesteps": 638724, "cpu_memory": 9.36, "cpu_percent": 31.3, "learning_rate": 0.00025, "loss_mean": 0.23, "n_updates": 0}, {"reward": 550, "eps": 0.1, "len": 169, "time": 18658.97, "timesteps": 638893, "cpu_memory": 9.36, "cpu_percent": 31.3, "learning_rate": 0.00025, "loss_mean": 0.22, "n_updates": 0}, {"reward": 860, "eps": 0.1, "len": 246, "time": 18666.49, "timesteps": 639139, "cpu_memory": 9.36, "cpu_percent": 31.3, "learning_rate": 0.00025, "loss_mean": 0.23, "n_updates": 0}, {"reward": 930, "eps": 0.1, "len": 174, "time": 18671.68, "timesteps": 639313, "cpu_memory": 9.36, "cpu_percent": 31.3, "learning_rate": 0.00025, "loss_mean": 0.24, "n_updates": 0}, {"reward": 550, "eps": 0.1, "len": 177, "time": 18676.94, "timesteps": 639490, "cpu_memory": 9.36, "cpu_percent": 31.3, "learning_rate": 0.00025, "loss_mean": 0.24, "n_updates": 0}, {"reward": 950, "eps": 0.1, "len": 240, "time": 18683.83, "timesteps": 639730, "cpu_memory": 9.36, "cpu_percent": 31.3, "learning_rate": 0.00025, "loss_mean": 0.24, "n_updates": 0}]