[{"reward": 1300, "eps": 0.1, "len": 318, "time": 28948.28, "timesteps": 989985, "cpu_memory": 12.09, "cpu_percent": 40.0, "learning_rate": 0.00025, "loss_mean": 0.21, "n_updates": 0}, {"reward": 650, "eps": 0.1, "len": 990144, "time": 28953.42, "timesteps": 990144, "cpu_memory": 12.09, "cpu_percent": 40.0, "learning_rate": 0.00025, "loss_mean": 0.21, "n_updates": 0}, {"reward": 1340, "eps": 0.1, "len": 332, "time": 28963.07, "timesteps": 990476, "cpu_memory": 12.1, "cpu_percent": 40.1, "learning_rate": 0.00025, "loss_mean": 0.22, "n_updates": 0}, {"reward": 1470, "eps": 0.1, "len": 354, "time": 28973.48, "timesteps": 990830, "cpu_memory": 12.1, "cpu_percent": 40.1, "learning_rate": 0.00025, "loss_mean": 0.22, "n_updates": 0}, {"reward": 1100, "eps": 0.1, "len": 253, "time": 28980.92, "timesteps": 991083, "cpu_memory": 12.1, "cpu_percent": 40.1, "learning_rate": 0.00025, "loss_mean": 0.21, "n_updates": 0}, {"reward": 840, "eps": 0.1, "len": 211, "time": 28987.05, "timesteps": 991294, "cpu_memory": 12.1, "cpu_percent": 40.1, "learning_rate": 0.00025, "loss_mean": 0.23, "n_updates": 0}, {"reward": 1060, "eps": 0.1, "len": 229, "time": 28993.81, "timesteps": 991523, "cpu_memory": 12.1, "cpu_percent": 40.1, "learning_rate": 0.00025, "loss_mean": 0.22, "n_updates": 0}, {"reward": 730, "eps": 0.1, "len": 187, "time": 28999.3, "timesteps": 991710, "cpu_memory": 12.11, "cpu_percent": 40.1, "learning_rate": 0.00025, "loss_mean": 0.21, "n_updates": 0}, {"reward": 430, "eps": 0.1, "len": 135, "time": 29003.3, "timesteps": 991845, "cpu_memory": 12.11, "cpu_percent": 40.1, "learning_rate": 0.00025, "loss_mean": 0.22, "n_updates": 0}, {"reward": 1130, "eps": 0.1, "len": 212, "time": 29009.46, "timesteps": 992057, "cpu_memory": 12.11, "cpu_percent": 40.1, "learning_rate": 0.00025, "loss_mean": 0.21, "n_updates": 0}, {"reward": 800, "eps": 0.1, "len": 192, "time": 29015.17, "timesteps": 992249, "cpu_memory": 12.11, "cpu_percent": 40.1, "learning_rate": 0.00025, "loss_mean": 0.22, "n_updates": 0}, {"reward": 860, "eps": 0.1, "len": 198, "time": 29020.95, "timesteps": 992447, "cpu_memory": 12.11, "cpu_percent": 40.1, "learning_rate": 0.00025, "loss_mean": 0.21, "n_updates": 0}, {"reward": 950, "eps": 0.1, "len": 218, "time": 29027.46, "timesteps": 992665, "cpu_memory": 12.11, "cpu_percent": 40.1, "learning_rate": 0.00025, "loss_mean": 0.22, "n_updates": 0}, {"reward": 720, "eps": 0.1, "len": 147, "time": 29031.72, "timesteps": 992812, "cpu_memory": 12.11, "cpu_percent": 40.1, "learning_rate": 0.00025, "loss_mean": 0.22, "n_updates": 0}, {"reward": 640, "eps": 0.1, "len": 117, "time": 29035.15, "timesteps": 992929, "cpu_memory": 12.12, "cpu_percent": 40.1, "learning_rate": 0.00025, "loss_mean": 0.22, "n_updates": 0}, {"reward": 810, "eps": 0.1, "len": 178, "time": 29040.3, "timesteps": 993107, "cpu_memory": 12.12, "cpu_percent": 40.1, "learning_rate": 0.00025, "loss_mean": 0.2, "n_updates": 0}, {"reward": 820, "eps": 0.1, "len": 169, "time": 29045.34, "timesteps": 993276, "cpu_memory": 12.12, "cpu_percent": 40.2, "learning_rate": 0.00025, "loss_mean": 0.21, "n_updates": 0}, {"reward": 560, "eps": 0.1, "len": 132, "time": 29049.25, "timesteps": 993408, "cpu_memory": 12.12, "cpu_percent": 40.2, "learning_rate": 0.00025, "loss_mean": 0.21, "n_updates": 0}, {"reward": 1340, "eps": 0.1, "len": 282, "time": 29057.5, "timesteps": 993690, "cpu_memory": 12.12, "cpu_percent": 40.2, "learning_rate": 0.00025, "loss_mean": 0.21, "n_updates": 0}, {"reward": 670, "eps": 0.1, "len": 170, "time": 29062.59, "timesteps": 993860, "cpu_memory": 12.12, "cpu_percent": 40.2, "learning_rate": 0.00025, "loss_mean": 0.22, "n_updates": 0}, {"reward": 800, "eps": 0.1, "len": 189, "time": 29068.05, "timesteps": 994049, "cpu_memory": 12.12, "cpu_percent": 40.2, "learning_rate": 0.00025, "loss_mean": 0.21, "n_updates": 0}, {"reward": 760, "eps": 0.1, "len": 215, "time": 29074.54, "timesteps": 994264, "cpu_memory": 12.13, "cpu_percent": 40.2, "learning_rate": 0.00025, "loss_mean": 0.2, "n_updates": 0}, {"reward": 930, "eps": 0.1, "len": 215, "time": 29080.79, "timesteps": 994479, "cpu_memory": 12.13, "cpu_percent": 40.2, "learning_rate": 0.00025, "loss_mean": 0.21, "n_updates": 0}, {"reward": 1190, "eps": 0.1, "len": 269, "time": 29088.57, "timesteps": 994748, "cpu_memory": 12.13, "cpu_percent": 40.2, "learning_rate": 0.00025, "loss_mean": 0.21, "n_updates": 0}, {"reward": 810, "eps": 0.1, "len": 173, "time": 29093.8, "timesteps": 994921, "cpu_memory": 12.13, "cpu_percent": 40.2, "learning_rate": 0.00025, "loss_mean": 0.2, "n_updates": 0}, {"reward": 1400, "eps": 0.1, "len": 301, "time": 29102.47, "timesteps": 995222, "cpu_memory": 12.13, "cpu_percent": 40.2, "learning_rate": 0.00025, "loss_mean": 0.22, "n_updates": 0}, {"reward": 370, "eps": 0.1, "len": 108, "time": 29105.8, "timesteps": 995330, "cpu_memory": 12.13, "cpu_percent": 40.3, "learning_rate": 0.00025, "loss_mean": 0.21, "n_updates": 0}, {"reward": 1240, "eps": 0.1, "len": 232, "time": 29112.55, "timesteps": 995562, "cpu_memory": 12.14, "cpu_percent": 40.3, "learning_rate": 0.00025, "loss_mean": 0.21, "n_updates": 0}, {"reward": 690, "eps": 0.1, "len": 171, "time": 29117.53, "timesteps": 995733, "cpu_memory": 12.14, "cpu_percent": 40.3, "learning_rate": 0.00025, "loss_mean": 0.21, "n_updates": 0}, {"reward": 400, "eps": 0.1, "len": 122, "time": 29121.14, "timesteps": 995855, "cpu_memory": 12.14, "cpu_percent": 40.3, "learning_rate": 0.00025, "loss_mean": 0.19, "n_updates": 0}, {"reward": 1070, "eps": 0.1, "len": 223, "time": 29127.72, "timesteps": 996078, "cpu_memory": 12.14, "cpu_percent": 40.3, "learning_rate": 0.00025, "loss_mean": 0.22, "n_updates": 0}, {"reward": 1000, "eps": 0.1, "len": 238, "time": 29134.8, "timesteps": 996316, "cpu_memory": 12.14, "cpu_percent": 40.3, "learning_rate": 0.00025, "loss_mean": 0.22, "n_updates": 0}, {"reward": 700, "eps": 0.1, "len": 194, "time": 29140.61, "timesteps": 996510, "cpu_memory": 12.14, "cpu_percent": 40.3, "learning_rate": 0.00025, "loss_mean": 0.21, "n_updates": 0}, {"reward": 1490, "eps": 0.1, "len": 311, "time": 29149.57, "timesteps": 996821, "cpu_memory": 12.15, "cpu_percent": 40.3, "learning_rate": 0.00025, "loss_mean": 0.21, "n_updates": 0}, {"reward": 980, "eps": 0.1, "len": 233, "time": 29156.37, "timesteps": 997054, "cpu_memory": 12.15, "cpu_percent": 40.3, "learning_rate": 0.00025, "loss_mean": 0.22, "n_updates": 0}, {"reward": 760, "eps": 0.1, "len": 239, "time": 29163.49, "timesteps": 997293, "cpu_memory": 12.15, "cpu_percent": 40.3, "learning_rate": 0.00025, "loss_mean": 0.23, "n_updates": 0}, {"reward": 1110, "eps": 0.1, "len": 226, "time": 29170.23, "timesteps": 997519, "cpu_memory": 12.15, "cpu_percent": 40.3, "learning_rate": 0.00025, "loss_mean": 0.21, "n_updates": 0}, {"reward": 640, "eps": 0.1, "len": 167, "time": 29175.07, "timesteps": 997686, "cpu_memory": 12.15, "cpu_percent": 40.3, "learning_rate": 0.00025, "loss_mean": 0.21, "n_updates": 0}, {"reward": 790, "eps": 0.1, "len": 177, "time": 29180.19, "timesteps": 997863, "cpu_memory": 12.15, "cpu_percent": 40.3, "learning_rate": 0.00025, "loss_mean": 0.21, "n_updates": 0}, {"reward": 720, "eps": 0.1, "len": 187, "time": 29185.72, "timesteps": 998050, "cpu_memory": 12.16, "cpu_percent": 40.3, "learning_rate": 0.00025, "loss_mean": 0.22, "n_updates": 0}, {"reward": 1200, "eps": 0.1, "len": 260, "time": 29193.15, "timesteps": 998310, "cpu_memory": 12.16, "cpu_percent": 40.3, "learning_rate": 0.00025, "loss_mean": 0.22, "n_updates": 0}, {"reward": 820, "eps": 0.1, "len": 204, "time": 29199.27, "timesteps": 998514, "cpu_memory": 12.16, "cpu_percent": 40.3, "learning_rate": 0.00025, "loss_mean": 0.22, "n_updates": 0}, {"reward": 1060, "eps": 0.1, "len": 280, "time": 29207.46, "timesteps": 998794, "cpu_memory": 12.16, "cpu_percent": 40.3, "learning_rate": 0.00025, "loss_mean": 0.21, "n_updates": 0}, {"reward": 920, "eps": 0.1, "len": 210, "time": 29213.73, "timesteps": 999004, "cpu_memory": 12.16, "cpu_percent": 40.3, "learning_rate": 0.00025, "loss_mean": 0.21, "n_updates": 0}, {"reward": 1330, "eps": 0.1, "len": 304, "time": 29222.59, "timesteps": 999308, "cpu_memory": 12.17, "cpu_percent": 40.3, "learning_rate": 0.00025, "loss_mean": 0.22, "n_updates": 0}, {"reward": 1300, "eps": 0.1, "len": 283, "time": 29230.94, "timesteps": 999591, "cpu_memory": 12.17, "cpu_percent": 40.3, "learning_rate": 0.00025, "loss_mean": 0.22, "n_updates": 0}, {"reward": 890, "eps": 0.1, "len": 254, "time": 29238.38, "timesteps": 999845, "cpu_memory": 12.17, "cpu_percent": 40.3, "learning_rate": 0.00025, "loss_mean": 0.23, "n_updates": 0}]