[{"reward": 810, "eps": 0.1, "len": 174, "time": 27181.91, "timesteps": 929829, "cpu_memory": 11.62, "cpu_percent": 38.6, "learning_rate": 0.00025, "loss_mean": 0.21, "n_updates": 0}, {"reward": 450, "eps": 0.1, "len": 110, "time": 27185.28, "timesteps": 929939, "cpu_memory": 11.62, "cpu_percent": 38.6, "learning_rate": 0.00025, "loss_mean": 0.22, "n_updates": 0}, {"reward": 1110, "eps": 0.1, "len": 212, "time": 27192.01, "timesteps": 930151, "cpu_memory": 11.63, "cpu_percent": 38.6, "learning_rate": 0.00025, "loss_mean": 0.21, "n_updates": 0}, {"reward": 860, "eps": 0.1, "len": 209, "time": 27198.13, "timesteps": 930360, "cpu_memory": 11.63, "cpu_percent": 38.6, "learning_rate": 0.00025, "loss_mean": 0.21, "n_updates": 0}, {"reward": 1000, "eps": 0.1, "len": 256, "time": 27205.66, "timesteps": 930616, "cpu_memory": 11.63, "cpu_percent": 38.6, "learning_rate": 0.00025, "loss_mean": 0.21, "n_updates": 0}, {"reward": 760, "eps": 0.1, "len": 200, "time": 27211.42, "timesteps": 930816, "cpu_memory": 11.63, "cpu_percent": 38.6, "learning_rate": 0.00025, "loss_mean": 0.2, "n_updates": 0}, {"reward": 1530, "eps": 0.1, "len": 340, "time": 27221.29, "timesteps": 931156, "cpu_memory": 11.63, "cpu_percent": 38.6, "learning_rate": 0.00025, "loss_mean": 0.21, "n_updates": 0}, {"reward": 920, "eps": 0.1, "len": 244, "time": 27228.47, "timesteps": 931400, "cpu_memory": 11.64, "cpu_percent": 38.6, "learning_rate": 0.00025, "loss_mean": 0.21, "n_updates": 0}, {"reward": 1260, "eps": 0.1, "len": 256, "time": 27235.84, "timesteps": 931656, "cpu_memory": 11.64, "cpu_percent": 38.6, "learning_rate": 0.00025, "loss_mean": 0.2, "n_updates": 0}, {"reward": 760, "eps": 0.1, "len": 201, "time": 27241.72, "timesteps": 931857, "cpu_memory": 11.64, "cpu_percent": 38.6, "learning_rate": 0.00025, "loss_mean": 0.21, "n_updates": 0}, {"reward": 420, "eps": 0.1, "len": 154, "time": 27246.26, "timesteps": 932011, "cpu_memory": 11.64, "cpu_percent": 38.6, "learning_rate": 0.00025, "loss_mean": 0.2, "n_updates": 0}, {"reward": 750, "eps": 0.1, "len": 186, "time": 27251.63, "timesteps": 932197, "cpu_memory": 11.64, "cpu_percent": 38.6, "learning_rate": 0.00025, "loss_mean": 0.21, "n_updates": 0}, {"reward": 1080, "eps": 0.1, "len": 251, "time": 27259.08, "timesteps": 932448, "cpu_memory": 11.64, "cpu_percent": 38.7, "learning_rate": 0.00025, "loss_mean": 0.2, "n_updates": 0}, {"reward": 890, "eps": 0.1, "len": 199, "time": 27264.92, "timesteps": 932647, "cpu_memory": 11.64, "cpu_percent": 38.6, "learning_rate": 0.00025, "loss_mean": 0.21, "n_updates": 0}, {"reward": 1120, "eps": 0.1, "len": 299, "time": 27273.56, "timesteps": 932946, "cpu_memory": 11.65, "cpu_percent": 38.6, "learning_rate": 0.00025, "loss_mean": 0.21, "n_updates": 0}, {"reward": 1130, "eps": 0.1, "len": 212, "time": 27279.73, "timesteps": 933158, "cpu_memory": 11.65, "cpu_percent": 38.6, "learning_rate": 0.00025, "loss_mean": 0.2, "n_updates": 0}, {"reward": 850, "eps": 0.1, "len": 212, "time": 27285.92, "timesteps": 933370, "cpu_memory": 11.65, "cpu_percent": 38.6, "learning_rate": 0.00025, "loss_mean": 0.2, "n_updates": 0}, {"reward": 1010, "eps": 0.1, "len": 205, "time": 27292.07, "timesteps": 933575, "cpu_memory": 11.65, "cpu_percent": 38.6, "learning_rate": 0.00025, "loss_mean": 0.21, "n_updates": 0}, {"reward": 350, "eps": 0.1, "len": 120, "time": 27295.58, "timesteps": 933695, "cpu_memory": 11.65, "cpu_percent": 38.6, "learning_rate": 0.00025, "loss_mean": 0.22, "n_updates": 0}, {"reward": 650, "eps": 0.1, "len": 183, "time": 27300.93, "timesteps": 933878, "cpu_memory": 11.65, "cpu_percent": 38.6, "learning_rate": 0.00025, "loss_mean": 0.21, "n_updates": 0}, {"reward": 1330, "eps": 0.1, "len": 260, "time": 27308.44, "timesteps": 934138, "cpu_memory": 11.66, "cpu_percent": 38.6, "learning_rate": 0.00025, "loss_mean": 0.21, "n_updates": 0}, {"reward": 590, "eps": 0.1, "len": 178, "time": 27313.6, "timesteps": 934316, "cpu_memory": 11.66, "cpu_percent": 38.6, "learning_rate": 0.00025, "loss_mean": 0.21, "n_updates": 0}, {"reward": 830, "eps": 0.1, "len": 247, "time": 27320.85, "timesteps": 934563, "cpu_memory": 11.66, "cpu_percent": 38.7, "learning_rate": 0.00025, "loss_mean": 0.21, "n_updates": 0}, {"reward": 1270, "eps": 0.1, "len": 240, "time": 27327.78, "timesteps": 934803, "cpu_memory": 11.66, "cpu_percent": 38.7, "learning_rate": 0.00025, "loss_mean": 0.2, "n_updates": 0}, {"reward": 670, "eps": 0.1, "len": 144, "time": 27331.97, "timesteps": 934947, "cpu_memory": 11.66, "cpu_percent": 38.7, "learning_rate": 0.00025, "loss_mean": 0.2, "n_updates": 0}, {"reward": 900, "eps": 0.1, "len": 215, "time": 27338.23, "timesteps": 935162, "cpu_memory": 11.66, "cpu_percent": 38.7, "learning_rate": 0.00025, "loss_mean": 0.22, "n_updates": 0}, {"reward": 850, "eps": 0.1, "len": 176, "time": 27343.35, "timesteps": 935338, "cpu_memory": 11.67, "cpu_percent": 38.7, "learning_rate": 0.00025, "loss_mean": 0.22, "n_updates": 0}, {"reward": 920, "eps": 0.1, "len": 240, "time": 27350.63, "timesteps": 935578, "cpu_memory": 11.67, "cpu_percent": 38.7, "learning_rate": 0.00025, "loss_mean": 0.21, "n_updates": 0}, {"reward": 720, "eps": 0.1, "len": 209, "time": 27356.82, "timesteps": 935787, "cpu_memory": 11.67, "cpu_percent": 38.7, "learning_rate": 0.00025, "loss_mean": 0.2, "n_updates": 0}, {"reward": 1520, "eps": 0.1, "len": 323, "time": 27366.22, "timesteps": 936110, "cpu_memory": 11.67, "cpu_percent": 38.7, "learning_rate": 0.00025, "loss_mean": 0.19, "n_updates": 0}, {"reward": 450, "eps": 0.1, "len": 109, "time": 27369.48, "timesteps": 936219, "cpu_memory": 11.67, "cpu_percent": 38.7, "learning_rate": 0.00025, "loss_mean": 0.21, "n_updates": 0}, {"reward": 1160, "eps": 0.1, "len": 274, "time": 27377.39, "timesteps": 936493, "cpu_memory": 11.68, "cpu_percent": 38.7, "learning_rate": 0.00025, "loss_mean": 0.21, "n_updates": 0}, {"reward": 600, "eps": 0.1, "len": 146, "time": 27381.87, "timesteps": 936639, "cpu_memory": 11.68, "cpu_percent": 38.7, "learning_rate": 0.00025, "loss_mean": 0.22, "n_updates": 0}, {"reward": 930, "eps": 0.1, "len": 191, "time": 27387.45, "timesteps": 936830, "cpu_memory": 11.68, "cpu_percent": 38.8, "learning_rate": 0.00025, "loss_mean": 0.21, "n_updates": 0}, {"reward": 1020, "eps": 0.1, "len": 234, "time": 27394.22, "timesteps": 937064, "cpu_memory": 11.68, "cpu_percent": 38.8, "learning_rate": 0.00025, "loss_mean": 0.22, "n_updates": 0}, {"reward": 1130, "eps": 0.1, "len": 270, "time": 27401.98, "timesteps": 937334, "cpu_memory": 11.68, "cpu_percent": 38.8, "learning_rate": 0.00025, "loss_mean": 0.22, "n_updates": 0}, {"reward": 900, "eps": 0.1, "len": 266, "time": 27409.62, "timesteps": 937600, "cpu_memory": 11.68, "cpu_percent": 38.8, "learning_rate": 0.00025, "loss_mean": 0.21, "n_updates": 0}, {"reward": 730, "eps": 0.1, "len": 225, "time": 27416.38, "timesteps": 937825, "cpu_memory": 11.69, "cpu_percent": 38.8, "learning_rate": 0.00025, "loss_mean": 0.21, "n_updates": 0}, {"reward": 1200, "eps": 0.1, "len": 243, "time": 27423.48, "timesteps": 938068, "cpu_memory": 11.69, "cpu_percent": 38.8, "learning_rate": 0.00025, "loss_mean": 0.21, "n_updates": 0}, {"reward": 520, "eps": 0.1, "len": 139, "time": 27427.63, "timesteps": 938207, "cpu_memory": 11.69, "cpu_percent": 38.8, "learning_rate": 0.00025, "loss_mean": 0.2, "n_updates": 0}, {"reward": 1260, "eps": 0.1, "len": 223, "time": 27434.14, "timesteps": 938430, "cpu_memory": 11.69, "cpu_percent": 38.8, "learning_rate": 0.00025, "loss_mean": 0.21, "n_updates": 0}, {"reward": 1310, "eps": 0.1, "len": 280, "time": 27442.16, "timesteps": 938710, "cpu_memory": 11.69, "cpu_percent": 38.8, "learning_rate": 0.00025, "loss_mean": 0.22, "n_updates": 0}, {"reward": 780, "eps": 0.1, "len": 186, "time": 27447.82, "timesteps": 938896, "cpu_memory": 11.69, "cpu_percent": 38.8, "learning_rate": 0.00025, "loss_mean": 0.21, "n_updates": 0}, {"reward": 960, "eps": 0.1, "len": 289, "time": 27456.16, "timesteps": 939185, "cpu_memory": 11.7, "cpu_percent": 38.8, "learning_rate": 0.00025, "loss_mean": 0.22, "n_updates": 0}]