[{"reward": 1260, "eps": 0.1, "len": 271, "time": 19557.62, "timesteps": 669502, "cpu_memory": 9.63, "cpu_percent": 32.2, "learning_rate": 0.00025, "loss_mean": 0.22, "n_updates": 0}, {"reward": 730, "eps": 0.1, "len": 208, "time": 19563.67, "timesteps": 669710, "cpu_memory": 9.64, "cpu_percent": 32.2, "learning_rate": 0.00025, "loss_mean": 0.22, "n_updates": 0}, {"reward": 920, "eps": 0.1, "len": 278, "time": 19571.75, "timesteps": 669988, "cpu_memory": 9.64, "cpu_percent": 32.2, "learning_rate": 0.00025, "loss_mean": 0.22, "n_updates": 0}, {"reward": 760, "eps": 0.1, "len": 209, "time": 19578.3, "timesteps": 670197, "cpu_memory": 9.61, "cpu_percent": 32.2, "learning_rate": 0.00025, "loss_mean": 0.21, "n_updates": 0}, {"reward": 670, "eps": 0.1, "len": 180, "time": 19583.68, "timesteps": 670377, "cpu_memory": 9.61, "cpu_percent": 32.2, "learning_rate": 0.00025, "loss_mean": 0.22, "n_updates": 0}, {"reward": 720, "eps": 0.1, "len": 196, "time": 19589.43, "timesteps": 670573, "cpu_memory": 9.61, "cpu_percent": 32.2, "learning_rate": 0.00025, "loss_mean": 0.22, "n_updates": 0}, {"reward": 1040, "eps": 0.1, "len": 287, "time": 19598.0, "timesteps": 670860, "cpu_memory": 9.61, "cpu_percent": 32.1, "learning_rate": 0.00025, "loss_mean": 0.22, "n_updates": 0}, {"reward": 780, "eps": 0.1, "len": 207, "time": 19603.96, "timesteps": 671067, "cpu_memory": 9.61, "cpu_percent": 32.1, "learning_rate": 0.00025, "loss_mean": 0.23, "n_updates": 0}, {"reward": 490, "eps": 0.1, "len": 131, "time": 19607.75, "timesteps": 671198, "cpu_memory": 9.62, "cpu_percent": 32.1, "learning_rate": 0.00025, "loss_mean": 0.21, "n_updates": 0}, {"reward": 690, "eps": 0.1, "len": 253, "time": 19615.19, "timesteps": 671451, "cpu_memory": 9.62, "cpu_percent": 32.1, "learning_rate": 0.00025, "loss_mean": 0.21, "n_updates": 0}, {"reward": 550, "eps": 0.1, "len": 130, "time": 19619.01, "timesteps": 671581, "cpu_memory": 9.62, "cpu_percent": 32.1, "learning_rate": 0.00025, "loss_mean": 0.22, "n_updates": 0}, {"reward": 650, "eps": 0.1, "len": 179, "time": 19624.26, "timesteps": 671760, "cpu_memory": 9.62, "cpu_percent": 32.1, "learning_rate": 0.00025, "loss_mean": 0.22, "n_updates": 0}, {"reward": 890, "eps": 0.1, "len": 242, "time": 19631.33, "timesteps": 672002, "cpu_memory": 9.62, "cpu_percent": 32.1, "learning_rate": 0.00025, "loss_mean": 0.22, "n_updates": 0}, {"reward": 1220, "eps": 0.1, "len": 289, "time": 19639.74, "timesteps": 672291, "cpu_memory": 9.62, "cpu_percent": 32.1, "learning_rate": 0.00025, "loss_mean": 0.22, "n_updates": 0}, {"reward": 370, "eps": 0.1, "len": 117, "time": 19643.17, "timesteps": 672408, "cpu_memory": 9.63, "cpu_percent": 32.1, "learning_rate": 0.00025, "loss_mean": 0.21, "n_updates": 0}, {"reward": 740, "eps": 0.1, "len": 154, "time": 19647.75, "timesteps": 672562, "cpu_memory": 9.63, "cpu_percent": 32.2, "learning_rate": 0.00025, "loss_mean": 0.21, "n_updates": 0}, {"reward": 1150, "eps": 0.1, "len": 261, "time": 19655.25, "timesteps": 672823, "cpu_memory": 9.63, "cpu_percent": 32.2, "learning_rate": 0.00025, "loss_mean": 0.21, "n_updates": 0}, {"reward": 860, "eps": 0.1, "len": 237, "time": 19662.17, "timesteps": 673060, "cpu_memory": 9.63, "cpu_percent": 32.2, "learning_rate": 0.00025, "loss_mean": 0.21, "n_updates": 0}, {"reward": 690, "eps": 0.1, "len": 161, "time": 19666.84, "timesteps": 673221, "cpu_memory": 9.63, "cpu_percent": 32.2, "learning_rate": 0.00025, "loss_mean": 0.21, "n_updates": 0}, {"reward": 1130, "eps": 0.1, "len": 255, "time": 19674.14, "timesteps": 673476, "cpu_memory": 9.63, "cpu_percent": 32.2, "learning_rate": 0.00025, "loss_mean": 0.22, "n_updates": 0}, {"reward": 830, "eps": 0.1, "len": 224, "time": 19680.67, "timesteps": 673700, "cpu_memory": 9.64, "cpu_percent": 32.2, "learning_rate": 0.00025, "loss_mean": 0.22, "n_updates": 0}, {"reward": 930, "eps": 0.1, "len": 206, "time": 19686.71, "timesteps": 673906, "cpu_memory": 9.64, "cpu_percent": 32.2, "learning_rate": 0.00025, "loss_mean": 0.22, "n_updates": 0}, {"reward": 950, "eps": 0.1, "len": 178, "time": 19691.94, "timesteps": 674084, "cpu_memory": 9.64, "cpu_percent": 32.2, "learning_rate": 0.00025, "loss_mean": 0.21, "n_updates": 0}, {"reward": 810, "eps": 0.1, "len": 196, "time": 19697.61, "timesteps": 674280, "cpu_memory": 9.64, "cpu_percent": 32.2, "learning_rate": 0.00025, "loss_mean": 0.21, "n_updates": 0}, {"reward": 1010, "eps": 0.1, "len": 224, "time": 19704.09, "timesteps": 674504, "cpu_memory": 9.64, "cpu_percent": 32.2, "learning_rate": 0.00025, "loss_mean": 0.22, "n_updates": 0}, {"reward": 800, "eps": 0.1, "len": 212, "time": 19710.38, "timesteps": 674716, "cpu_memory": 9.64, "cpu_percent": 32.2, "learning_rate": 0.00025, "loss_mean": 0.21, "n_updates": 0}, {"reward": 910, "eps": 0.1, "len": 215, "time": 19716.61, "timesteps": 674931, "cpu_memory": 9.65, "cpu_percent": 32.2, "learning_rate": 0.00025, "loss_mean": 0.21, "n_updates": 0}, {"reward": 1050, "eps": 0.1, "len": 217, "time": 19723.14, "timesteps": 675148, "cpu_memory": 9.65, "cpu_percent": 32.2, "learning_rate": 0.00025, "loss_mean": 0.21, "n_updates": 0}, {"reward": 770, "eps": 0.1, "len": 170, "time": 19728.16, "timesteps": 675318, "cpu_memory": 9.65, "cpu_percent": 32.2, "learning_rate": 0.00025, "loss_mean": 0.21, "n_updates": 0}, {"reward": 1000, "eps": 0.1, "len": 303, "time": 19736.87, "timesteps": 675621, "cpu_memory": 9.65, "cpu_percent": 32.2, "learning_rate": 0.00025, "loss_mean": 0.22, "n_updates": 0}, {"reward": 490, "eps": 0.1, "len": 155, "time": 19741.47, "timesteps": 675776, "cpu_memory": 9.65, "cpu_percent": 32.2, "learning_rate": 0.00025, "loss_mean": 0.21, "n_updates": 0}, {"reward": 1150, "eps": 0.1, "len": 244, "time": 19748.45, "timesteps": 676020, "cpu_memory": 9.65, "cpu_percent": 32.2, "learning_rate": 0.00025, "loss_mean": 0.2, "n_updates": 0}, {"reward": 370, "eps": 0.1, "len": 95, "time": 19751.28, "timesteps": 676115, "cpu_memory": 9.65, "cpu_percent": 32.2, "learning_rate": 0.00025, "loss_mean": 0.21, "n_updates": 0}, {"reward": 1000, "eps": 0.1, "len": 209, "time": 19757.42, "timesteps": 676324, "cpu_memory": 9.66, "cpu_percent": 32.2, "learning_rate": 0.00025, "loss_mean": 0.21, "n_updates": 0}, {"reward": 870, "eps": 0.1, "len": 204, "time": 19763.28, "timesteps": 676528, "cpu_memory": 9.66, "cpu_percent": 32.2, "learning_rate": 0.00025, "loss_mean": 0.22, "n_updates": 0}, {"reward": 780, "eps": 0.1, "len": 249, "time": 19770.6, "timesteps": 676777, "cpu_memory": 9.66, "cpu_percent": 32.2, "learning_rate": 0.00025, "loss_mean": 0.2, "n_updates": 0}, {"reward": 760, "eps": 0.1, "len": 220, "time": 19777.01, "timesteps": 676997, "cpu_memory": 9.66, "cpu_percent": 32.2, "learning_rate": 0.00025, "loss_mean": 0.21, "n_updates": 0}, {"reward": 960, "eps": 0.1, "len": 261, "time": 19784.64, "timesteps": 677258, "cpu_memory": 9.66, "cpu_percent": 32.3, "learning_rate": 0.00025, "loss_mean": 0.21, "n_updates": 0}, {"reward": 470, "eps": 0.1, "len": 154, "time": 19789.19, "timesteps": 677412, "cpu_memory": 9.66, "cpu_percent": 32.3, "learning_rate": 0.00025, "loss_mean": 0.23, "n_updates": 0}, {"reward": 450, "eps": 0.1, "len": 122, "time": 19792.67, "timesteps": 677534, "cpu_memory": 9.67, "cpu_percent": 32.3, "learning_rate": 0.00025, "loss_mean": 0.21, "n_updates": 0}, {"reward": 320, "eps": 0.1, "len": 82, "time": 19795.09, "timesteps": 677616, "cpu_memory": 9.67, "cpu_percent": 32.3, "learning_rate": 0.00025, "loss_mean": 0.22, "n_updates": 0}, {"reward": 990, "eps": 0.1, "len": 279, "time": 19803.28, "timesteps": 677895, "cpu_memory": 9.67, "cpu_percent": 32.3, "learning_rate": 0.00025, "loss_mean": 0.21, "n_updates": 0}, {"reward": 1240, "eps": 0.1, "len": 310, "time": 19812.23, "timesteps": 678205, "cpu_memory": 9.67, "cpu_percent": 32.3, "learning_rate": 0.00025, "loss_mean": 0.22, "n_updates": 0}, {"reward": 720, "eps": 0.1, "len": 195, "time": 19817.89, "timesteps": 678400, "cpu_memory": 9.67, "cpu_percent": 32.3, "learning_rate": 0.00025, "loss_mean": 0.22, "n_updates": 0}, {"reward": 600, "eps": 0.1, "len": 158, "time": 19822.53, "timesteps": 678558, "cpu_memory": 9.67, "cpu_percent": 32.3, "learning_rate": 0.00025, "loss_mean": 0.21, "n_updates": 0}, {"reward": 510, "eps": 0.1, "len": 143, "time": 19826.67, "timesteps": 678701, "cpu_memory": 9.67, "cpu_percent": 32.3, "learning_rate": 0.00025, "loss_mean": 0.21, "n_updates": 0}, {"reward": 970, "eps": 0.1, "len": 235, "time": 19833.53, "timesteps": 678936, "cpu_memory": 9.68, "cpu_percent": 32.3, "learning_rate": 0.00025, "loss_mean": 0.2, "n_updates": 0}, {"reward": 870, "eps": 0.1, "len": 185, "time": 19838.86, "timesteps": 679121, "cpu_memory": 9.68, "cpu_percent": 32.3, "learning_rate": 0.00025, "loss_mean": 0.22, "n_updates": 0}]