[{"reward": 710, "eps": 0.1, "len": 142, "time": 18088.47, "timesteps": 619489, "cpu_memory": 9.21, "cpu_percent": 30.8, "learning_rate": 0.00025, "loss_mean": 0.25, "n_updates": 0}, {"reward": 730, "eps": 0.1, "len": 222, "time": 18095.01, "timesteps": 619711, "cpu_memory": 9.21, "cpu_percent": 30.8, "learning_rate": 0.00025, "loss_mean": 0.23, "n_updates": 0}, {"reward": 760, "eps": 0.1, "len": 183, "time": 18100.47, "timesteps": 619894, "cpu_memory": 9.21, "cpu_percent": 30.8, "learning_rate": 0.00025, "loss_mean": 0.24, "n_updates": 0}, {"reward": 670, "eps": 0.1, "len": 166, "time": 18105.95, "timesteps": 620060, "cpu_memory": 9.21, "cpu_percent": 30.9, "learning_rate": 0.00025, "loss_mean": 0.24, "n_updates": 0}, {"reward": 810, "eps": 0.1, "len": 192, "time": 18111.7, "timesteps": 620252, "cpu_memory": 9.21, "cpu_percent": 30.9, "learning_rate": 0.00025, "loss_mean": 0.25, "n_updates": 0}, {"reward": 740, "eps": 0.1, "len": 177, "time": 18116.96, "timesteps": 620429, "cpu_memory": 9.21, "cpu_percent": 30.9, "learning_rate": 0.00025, "loss_mean": 0.24, "n_updates": 0}, {"reward": 700, "eps": 0.1, "len": 194, "time": 18122.58, "timesteps": 620623, "cpu_memory": 9.22, "cpu_percent": 30.9, "learning_rate": 0.00025, "loss_mean": 0.23, "n_updates": 0}, {"reward": 750, "eps": 0.1, "len": 235, "time": 18129.43, "timesteps": 620858, "cpu_memory": 9.22, "cpu_percent": 30.9, "learning_rate": 0.00025, "loss_mean": 0.23, "n_updates": 0}, {"reward": 1380, "eps": 0.1, "len": 243, "time": 18136.51, "timesteps": 621101, "cpu_memory": 9.22, "cpu_percent": 30.9, "learning_rate": 0.00025, "loss_mean": 0.24, "n_updates": 0}, {"reward": 560, "eps": 0.1, "len": 163, "time": 18141.41, "timesteps": 621264, "cpu_memory": 9.22, "cpu_percent": 30.9, "learning_rate": 0.00025, "loss_mean": 0.24, "n_updates": 0}, {"reward": 1070, "eps": 0.1, "len": 252, "time": 18148.86, "timesteps": 621516, "cpu_memory": 9.22, "cpu_percent": 30.9, "learning_rate": 0.00025, "loss_mean": 0.25, "n_updates": 0}, {"reward": 1020, "eps": 0.1, "len": 224, "time": 18155.46, "timesteps": 621740, "cpu_memory": 9.22, "cpu_percent": 30.9, "learning_rate": 0.00025, "loss_mean": 0.24, "n_updates": 0}, {"reward": 1190, "eps": 0.1, "len": 296, "time": 18164.08, "timesteps": 622036, "cpu_memory": 9.23, "cpu_percent": 30.9, "learning_rate": 0.00025, "loss_mean": 0.24, "n_updates": 0}, {"reward": 590, "eps": 0.1, "len": 188, "time": 18169.56, "timesteps": 622224, "cpu_memory": 9.23, "cpu_percent": 30.9, "learning_rate": 0.00025, "loss_mean": 0.24, "n_updates": 0}, {"reward": 1170, "eps": 0.1, "len": 281, "time": 18177.99, "timesteps": 622505, "cpu_memory": 9.23, "cpu_percent": 30.9, "learning_rate": 0.00025, "loss_mean": 0.24, "n_updates": 0}, {"reward": 880, "eps": 0.1, "len": 218, "time": 18184.31, "timesteps": 622723, "cpu_memory": 9.23, "cpu_percent": 30.9, "learning_rate": 0.00025, "loss_mean": 0.26, "n_updates": 0}, {"reward": 1280, "eps": 0.1, "len": 324, "time": 18193.74, "timesteps": 623047, "cpu_memory": 9.23, "cpu_percent": 30.9, "learning_rate": 0.00025, "loss_mean": 0.24, "n_updates": 0}, {"reward": 960, "eps": 0.1, "len": 260, "time": 18201.39, "timesteps": 623307, "cpu_memory": 9.24, "cpu_percent": 30.9, "learning_rate": 0.00025, "loss_mean": 0.23, "n_updates": 0}, {"reward": 570, "eps": 0.1, "len": 185, "time": 18206.89, "timesteps": 623492, "cpu_memory": 9.24, "cpu_percent": 30.9, "learning_rate": 0.00025, "loss_mean": 0.24, "n_updates": 0}, {"reward": 430, "eps": 0.1, "len": 146, "time": 18211.17, "timesteps": 623638, "cpu_memory": 9.24, "cpu_percent": 30.9, "learning_rate": 0.00025, "loss_mean": 0.24, "n_updates": 0}, {"reward": 760, "eps": 0.1, "len": 214, "time": 18217.41, "timesteps": 623852, "cpu_memory": 9.24, "cpu_percent": 30.9, "learning_rate": 0.00025, "loss_mean": 0.23, "n_updates": 0}, {"reward": 710, "eps": 0.1, "len": 206, "time": 18223.36, "timesteps": 624058, "cpu_memory": 9.24, "cpu_percent": 30.9, "learning_rate": 0.00025, "loss_mean": 0.24, "n_updates": 0}, {"reward": 740, "eps": 0.1, "len": 168, "time": 18228.28, "timesteps": 624226, "cpu_memory": 9.24, "cpu_percent": 30.9, "learning_rate": 0.00025, "loss_mean": 0.22, "n_updates": 0}, {"reward": 1050, "eps": 0.1, "len": 279, "time": 18236.54, "timesteps": 624505, "cpu_memory": 9.25, "cpu_percent": 30.9, "learning_rate": 0.00025, "loss_mean": 0.24, "n_updates": 0}, {"reward": 1080, "eps": 0.1, "len": 267, "time": 18244.3, "timesteps": 624772, "cpu_memory": 9.25, "cpu_percent": 30.9, "learning_rate": 0.00025, "loss_mean": 0.23, "n_updates": 0}, {"reward": 930, "eps": 0.1, "len": 232, "time": 18250.95, "timesteps": 625004, "cpu_memory": 9.25, "cpu_percent": 30.9, "learning_rate": 0.00025, "loss_mean": 0.23, "n_updates": 0}, {"reward": 1460, "eps": 0.1, "len": 311, "time": 18260.04, "timesteps": 625315, "cpu_memory": 9.25, "cpu_percent": 30.9, "learning_rate": 0.00025, "loss_mean": 0.25, "n_updates": 0}, {"reward": 860, "eps": 0.1, "len": 248, "time": 18267.46, "timesteps": 625563, "cpu_memory": 9.25, "cpu_percent": 31.0, "learning_rate": 0.00025, "loss_mean": 0.25, "n_updates": 0}, {"reward": 480, "eps": 0.1, "len": 159, "time": 18272.09, "timesteps": 625722, "cpu_memory": 9.25, "cpu_percent": 31.0, "learning_rate": 0.00025, "loss_mean": 0.25, "n_updates": 0}, {"reward": 1190, "eps": 0.1, "len": 288, "time": 18280.42, "timesteps": 626010, "cpu_memory": 9.26, "cpu_percent": 31.0, "learning_rate": 0.00025, "loss_mean": 0.25, "n_updates": 0}, {"reward": 830, "eps": 0.1, "len": 245, "time": 18287.61, "timesteps": 626255, "cpu_memory": 9.26, "cpu_percent": 31.0, "learning_rate": 0.00025, "loss_mean": 0.23, "n_updates": 0}, {"reward": 630, "eps": 0.1, "len": 167, "time": 18292.47, "timesteps": 626422, "cpu_memory": 9.26, "cpu_percent": 31.0, "learning_rate": 0.00025, "loss_mean": 0.24, "n_updates": 0}, {"reward": 1440, "eps": 0.1, "len": 323, "time": 18301.99, "timesteps": 626745, "cpu_memory": 9.26, "cpu_percent": 31.0, "learning_rate": 0.00025, "loss_mean": 0.23, "n_updates": 0}, {"reward": 1070, "eps": 0.1, "len": 272, "time": 18309.88, "timesteps": 627017, "cpu_memory": 9.26, "cpu_percent": 31.0, "learning_rate": 0.00025, "loss_mean": 0.24, "n_updates": 0}, {"reward": 560, "eps": 0.1, "len": 163, "time": 18314.62, "timesteps": 627180, "cpu_memory": 9.27, "cpu_percent": 31.0, "learning_rate": 0.00025, "loss_mean": 0.25, "n_updates": 0}, {"reward": 1110, "eps": 0.1, "len": 274, "time": 18322.5, "timesteps": 627454, "cpu_memory": 9.27, "cpu_percent": 31.0, "learning_rate": 0.00025, "loss_mean": 0.24, "n_updates": 0}, {"reward": 1050, "eps": 0.1, "len": 264, "time": 18330.36, "timesteps": 627718, "cpu_memory": 9.27, "cpu_percent": 31.0, "learning_rate": 0.00025, "loss_mean": 0.25, "n_updates": 0}, {"reward": 490, "eps": 0.1, "len": 171, "time": 18335.36, "timesteps": 627889, "cpu_memory": 9.27, "cpu_percent": 31.0, "learning_rate": 0.00025, "loss_mean": 0.24, "n_updates": 0}, {"reward": 1220, "eps": 0.1, "len": 284, "time": 18343.59, "timesteps": 628173, "cpu_memory": 9.27, "cpu_percent": 31.0, "learning_rate": 0.00025, "loss_mean": 0.25, "n_updates": 0}, {"reward": 1140, "eps": 0.1, "len": 327, "time": 18353.24, "timesteps": 628500, "cpu_memory": 9.28, "cpu_percent": 31.0, "learning_rate": 0.00025, "loss_mean": 0.23, "n_updates": 0}, {"reward": 440, "eps": 0.1, "len": 154, "time": 18357.87, "timesteps": 628654, "cpu_memory": 9.28, "cpu_percent": 31.0, "learning_rate": 0.00025, "loss_mean": 0.23, "n_updates": 0}, {"reward": 1470, "eps": 0.1, "len": 320, "time": 18367.47, "timesteps": 628974, "cpu_memory": 9.28, "cpu_percent": 31.0, "learning_rate": 0.00025, "loss_mean": 0.24, "n_updates": 0}, {"reward": 860, "eps": 0.1, "len": 248, "time": 18374.76, "timesteps": 629222, "cpu_memory": 9.28, "cpu_percent": 31.0, "learning_rate": 0.00025, "loss_mean": 0.24, "n_updates": 0}, {"reward": 1050, "eps": 0.1, "len": 262, "time": 18382.38, "timesteps": 629484, "cpu_memory": 9.28, "cpu_percent": 31.0, "learning_rate": 0.00025, "loss_mean": 0.23, "n_updates": 0}]