[{"reward": 890, "eps": 0.1, "len": 187, "time": 18689.32, "timesteps": 639917, "cpu_memory": 9.37, "cpu_percent": 31.3, "learning_rate": 0.00025, "loss_mean": 0.23, "n_updates": 0}, {"reward": 910, "eps": 0.1, "len": 640178, "time": 18697.57, "timesteps": 640178, "cpu_memory": 9.4, "cpu_percent": 31.4, "learning_rate": 0.00025, "loss_mean": 0.24, "n_updates": 0}, {"reward": 530, "eps": 0.1, "len": 148, "time": 18701.98, "timesteps": 640326, "cpu_memory": 9.4, "cpu_percent": 31.4, "learning_rate": 0.00025, "loss_mean": 0.21, "n_updates": 0}, {"reward": 710, "eps": 0.1, "len": 197, "time": 18707.91, "timesteps": 640523, "cpu_memory": 9.4, "cpu_percent": 31.5, "learning_rate": 0.00025, "loss_mean": 0.22, "n_updates": 0}, {"reward": 1050, "eps": 0.1, "len": 298, "time": 18716.48, "timesteps": 640821, "cpu_memory": 9.4, "cpu_percent": 31.4, "learning_rate": 0.00025, "loss_mean": 0.24, "n_updates": 0}, {"reward": 1010, "eps": 0.1, "len": 269, "time": 18724.31, "timesteps": 641090, "cpu_memory": 9.41, "cpu_percent": 31.4, "learning_rate": 0.00025, "loss_mean": 0.24, "n_updates": 0}, {"reward": 930, "eps": 0.1, "len": 266, "time": 18732.1, "timesteps": 641356, "cpu_memory": 9.41, "cpu_percent": 31.4, "learning_rate": 0.00025, "loss_mean": 0.23, "n_updates": 0}, {"reward": 1110, "eps": 0.1, "len": 246, "time": 18739.31, "timesteps": 641602, "cpu_memory": 9.41, "cpu_percent": 31.5, "learning_rate": 0.00025, "loss_mean": 0.24, "n_updates": 0}, {"reward": 780, "eps": 0.1, "len": 293, "time": 18747.92, "timesteps": 641895, "cpu_memory": 9.41, "cpu_percent": 31.5, "learning_rate": 0.00025, "loss_mean": 0.23, "n_updates": 0}, {"reward": 570, "eps": 0.1, "len": 144, "time": 18752.15, "timesteps": 642039, "cpu_memory": 9.41, "cpu_percent": 31.5, "learning_rate": 0.00025, "loss_mean": 0.24, "n_updates": 0}, {"reward": 1090, "eps": 0.1, "len": 229, "time": 18758.86, "timesteps": 642268, "cpu_memory": 9.42, "cpu_percent": 31.5, "learning_rate": 0.00025, "loss_mean": 0.23, "n_updates": 0}, {"reward": 1370, "eps": 0.1, "len": 347, "time": 18769.13, "timesteps": 642615, "cpu_memory": 9.42, "cpu_percent": 31.5, "learning_rate": 0.00025, "loss_mean": 0.23, "n_updates": 0}, {"reward": 1190, "eps": 0.1, "len": 263, "time": 18776.83, "timesteps": 642878, "cpu_memory": 9.42, "cpu_percent": 31.5, "learning_rate": 0.00025, "loss_mean": 0.23, "n_updates": 0}, {"reward": 760, "eps": 0.1, "len": 174, "time": 18781.92, "timesteps": 643052, "cpu_memory": 9.42, "cpu_percent": 31.5, "learning_rate": 0.00025, "loss_mean": 0.22, "n_updates": 0}, {"reward": 1250, "eps": 0.1, "len": 340, "time": 18791.81, "timesteps": 643392, "cpu_memory": 9.42, "cpu_percent": 31.5, "learning_rate": 0.00025, "loss_mean": 0.23, "n_updates": 0}, {"reward": 680, "eps": 0.1, "len": 153, "time": 18796.3, "timesteps": 643545, "cpu_memory": 9.43, "cpu_percent": 31.5, "learning_rate": 0.00025, "loss_mean": 0.23, "n_updates": 0}, {"reward": 1210, "eps": 0.1, "len": 235, "time": 18803.13, "timesteps": 643780, "cpu_memory": 9.43, "cpu_percent": 31.5, "learning_rate": 0.00025, "loss_mean": 0.22, "n_updates": 0}, {"reward": 630, "eps": 0.1, "len": 223, "time": 18809.57, "timesteps": 644003, "cpu_memory": 9.43, "cpu_percent": 31.5, "learning_rate": 0.00025, "loss_mean": 0.24, "n_updates": 0}, {"reward": 730, "eps": 0.1, "len": 232, "time": 18816.37, "timesteps": 644235, "cpu_memory": 9.43, "cpu_percent": 31.5, "learning_rate": 0.00025, "loss_mean": 0.22, "n_updates": 0}, {"reward": 780, "eps": 0.1, "len": 144, "time": 18820.61, "timesteps": 644379, "cpu_memory": 9.43, "cpu_percent": 31.5, "learning_rate": 0.00025, "loss_mean": 0.25, "n_updates": 0}, {"reward": 1410, "eps": 0.1, "len": 395, "time": 18832.45, "timesteps": 644774, "cpu_memory": 9.44, "cpu_percent": 31.5, "learning_rate": 0.00025, "loss_mean": 0.23, "n_updates": 0}, {"reward": 980, "eps": 0.1, "len": 189, "time": 18837.98, "timesteps": 644963, "cpu_memory": 9.44, "cpu_percent": 31.5, "learning_rate": 0.00025, "loss_mean": 0.24, "n_updates": 0}, {"reward": 610, "eps": 0.1, "len": 209, "time": 18844.1, "timesteps": 645172, "cpu_memory": 9.44, "cpu_percent": 31.5, "learning_rate": 0.00025, "loss_mean": 0.23, "n_updates": 0}, {"reward": 870, "eps": 0.1, "len": 256, "time": 18851.54, "timesteps": 645428, "cpu_memory": 9.44, "cpu_percent": 31.5, "learning_rate": 0.00025, "loss_mean": 0.23, "n_updates": 0}, {"reward": 820, "eps": 0.1, "len": 222, "time": 18858.07, "timesteps": 645650, "cpu_memory": 9.44, "cpu_percent": 31.5, "learning_rate": 0.00025, "loss_mean": 0.22, "n_updates": 0}, {"reward": 360, "eps": 0.1, "len": 121, "time": 18861.66, "timesteps": 645771, "cpu_memory": 9.44, "cpu_percent": 31.6, "learning_rate": 0.00025, "loss_mean": 0.23, "n_updates": 0}, {"reward": 760, "eps": 0.1, "len": 180, "time": 18866.98, "timesteps": 645951, "cpu_memory": 9.44, "cpu_percent": 31.6, "learning_rate": 0.00025, "loss_mean": 0.23, "n_updates": 0}, {"reward": 930, "eps": 0.1, "len": 185, "time": 18872.36, "timesteps": 646136, "cpu_memory": 9.45, "cpu_percent": 31.6, "learning_rate": 0.00025, "loss_mean": 0.22, "n_updates": 0}, {"reward": 970, "eps": 0.1, "len": 268, "time": 18880.19, "timesteps": 646404, "cpu_memory": 9.45, "cpu_percent": 31.6, "learning_rate": 0.00025, "loss_mean": 0.23, "n_updates": 0}, {"reward": 800, "eps": 0.1, "len": 212, "time": 18886.49, "timesteps": 646616, "cpu_memory": 9.45, "cpu_percent": 31.6, "learning_rate": 0.00025, "loss_mean": 0.23, "n_updates": 0}, {"reward": 1020, "eps": 0.1, "len": 273, "time": 18894.55, "timesteps": 646889, "cpu_memory": 9.45, "cpu_percent": 31.6, "learning_rate": 0.00025, "loss_mean": 0.22, "n_updates": 0}, {"reward": 1160, "eps": 0.1, "len": 305, "time": 18903.25, "timesteps": 647194, "cpu_memory": 9.45, "cpu_percent": 31.6, "learning_rate": 0.00025, "loss_mean": 0.22, "n_updates": 0}, {"reward": 950, "eps": 0.1, "len": 245, "time": 18910.51, "timesteps": 647439, "cpu_memory": 9.46, "cpu_percent": 31.6, "learning_rate": 0.00025, "loss_mean": 0.23, "n_updates": 0}, {"reward": 1090, "eps": 0.1, "len": 292, "time": 18919.01, "timesteps": 647731, "cpu_memory": 9.46, "cpu_percent": 31.6, "learning_rate": 0.00025, "loss_mean": 0.23, "n_updates": 0}, {"reward": 750, "eps": 0.1, "len": 240, "time": 18926.03, "timesteps": 647971, "cpu_memory": 9.46, "cpu_percent": 31.6, "learning_rate": 0.00025, "loss_mean": 0.23, "n_updates": 0}, {"reward": 950, "eps": 0.1, "len": 292, "time": 18934.54, "timesteps": 648263, "cpu_memory": 9.46, "cpu_percent": 31.6, "learning_rate": 0.00025, "loss_mean": 0.23, "n_updates": 0}, {"reward": 1320, "eps": 0.1, "len": 269, "time": 18942.37, "timesteps": 648532, "cpu_memory": 9.46, "cpu_percent": 31.6, "learning_rate": 0.00025, "loss_mean": 0.23, "n_updates": 0}, {"reward": 590, "eps": 0.1, "len": 218, "time": 18948.79, "timesteps": 648750, "cpu_memory": 9.47, "cpu_percent": 31.6, "learning_rate": 0.00025, "loss_mean": 0.22, "n_updates": 0}, {"reward": 840, "eps": 0.1, "len": 218, "time": 18955.08, "timesteps": 648968, "cpu_memory": 9.47, "cpu_percent": 31.6, "learning_rate": 0.00025, "loss_mean": 0.23, "n_updates": 0}, {"reward": 750, "eps": 0.1, "len": 174, "time": 18960.28, "timesteps": 649142, "cpu_memory": 9.47, "cpu_percent": 31.6, "learning_rate": 0.00025, "loss_mean": 0.23, "n_updates": 0}]