[{"reward": 1030, "eps": 0.1, "len": 201, "time": 13200.04, "timesteps": 459369, "cpu_memory": 7.96, "cpu_percent": 26.8, "learning_rate": 0.00025, "loss_mean": 0.31, "n_updates": 0}, {"reward": 810, "eps": 0.1, "len": 223, "time": 13207.3, "timesteps": 459592, "cpu_memory": 7.96, "cpu_percent": 26.8, "learning_rate": 0.00025, "loss_mean": 0.32, "n_updates": 0}, {"reward": 610, "eps": 0.1, "len": 162, "time": 13212.59, "timesteps": 459754, "cpu_memory": 7.96, "cpu_percent": 26.8, "learning_rate": 0.00025, "loss_mean": 0.33, "n_updates": 0}, {"reward": 1260, "eps": 0.1, "len": 283, "time": 13222.55, "timesteps": 460037, "cpu_memory": 7.96, "cpu_percent": 26.8, "learning_rate": 0.00025, "loss_mean": 0.31, "n_updates": 0}, {"reward": 420, "eps": 0.1, "len": 124, "time": 13226.68, "timesteps": 460161, "cpu_memory": 7.96, "cpu_percent": 26.8, "learning_rate": 0.00025, "loss_mean": 0.32, "n_updates": 0}, {"reward": 1000, "eps": 0.1, "len": 245, "time": 13234.76, "timesteps": 460406, "cpu_memory": 7.97, "cpu_percent": 26.8, "learning_rate": 0.00025, "loss_mean": 0.32, "n_updates": 0}, {"reward": 460, "eps": 0.1, "len": 119, "time": 13238.75, "timesteps": 460525, "cpu_memory": 7.97, "cpu_percent": 26.8, "learning_rate": 0.00025, "loss_mean": 0.3, "n_updates": 0}, {"reward": 790, "eps": 0.1, "len": 182, "time": 13244.7, "timesteps": 460707, "cpu_memory": 7.97, "cpu_percent": 26.8, "learning_rate": 0.00025, "loss_mean": 0.33, "n_updates": 0}, {"reward": 830, "eps": 0.1, "len": 256, "time": 13253.0, "timesteps": 460963, "cpu_memory": 7.97, "cpu_percent": 26.9, "learning_rate": 0.00025, "loss_mean": 0.33, "n_updates": 0}, {"reward": 910, "eps": 0.1, "len": 184, "time": 13259.24, "timesteps": 461147, "cpu_memory": 7.97, "cpu_percent": 26.8, "learning_rate": 0.00025, "loss_mean": 0.32, "n_updates": 0}, {"reward": 1040, "eps": 0.1, "len": 264, "time": 13268.19, "timesteps": 461411, "cpu_memory": 7.97, "cpu_percent": 26.8, "learning_rate": 0.00025, "loss_mean": 0.31, "n_updates": 0}, {"reward": 1010, "eps": 0.1, "len": 315, "time": 13278.58, "timesteps": 461726, "cpu_memory": 7.98, "cpu_percent": 26.8, "learning_rate": 0.00025, "loss_mean": 0.32, "n_updates": 0}, {"reward": 1110, "eps": 0.1, "len": 240, "time": 13286.69, "timesteps": 461966, "cpu_memory": 7.98, "cpu_percent": 26.9, "learning_rate": 0.00025, "loss_mean": 0.29, "n_updates": 0}, {"reward": 660, "eps": 0.1, "len": 166, "time": 13292.22, "timesteps": 462132, "cpu_memory": 7.98, "cpu_percent": 26.9, "learning_rate": 0.00025, "loss_mean": 0.32, "n_updates": 0}, {"reward": 1060, "eps": 0.1, "len": 241, "time": 13300.25, "timesteps": 462373, "cpu_memory": 7.98, "cpu_percent": 26.9, "learning_rate": 0.00025, "loss_mean": 0.31, "n_updates": 0}, {"reward": 410, "eps": 0.1, "len": 135, "time": 13304.8, "timesteps": 462508, "cpu_memory": 7.98, "cpu_percent": 26.9, "learning_rate": 0.00025, "loss_mean": 0.29, "n_updates": 0}, {"reward": 1010, "eps": 0.1, "len": 203, "time": 13311.63, "timesteps": 462711, "cpu_memory": 7.98, "cpu_percent": 26.9, "learning_rate": 0.00025, "loss_mean": 0.32, "n_updates": 0}, {"reward": 680, "eps": 0.1, "len": 202, "time": 13318.44, "timesteps": 462913, "cpu_memory": 7.98, "cpu_percent": 26.9, "learning_rate": 0.00025, "loss_mean": 0.31, "n_updates": 0}, {"reward": 1160, "eps": 0.1, "len": 263, "time": 13327.06, "timesteps": 463176, "cpu_memory": 7.99, "cpu_percent": 26.9, "learning_rate": 0.00025, "loss_mean": 0.31, "n_updates": 0}, {"reward": 770, "eps": 0.1, "len": 210, "time": 13333.96, "timesteps": 463386, "cpu_memory": 7.99, "cpu_percent": 26.9, "learning_rate": 0.00025, "loss_mean": 0.33, "n_updates": 0}, {"reward": 980, "eps": 0.1, "len": 262, "time": 13342.43, "timesteps": 463648, "cpu_memory": 7.99, "cpu_percent": 26.9, "learning_rate": 0.00025, "loss_mean": 0.31, "n_updates": 0}, {"reward": 1400, "eps": 0.1, "len": 325, "time": 13353.18, "timesteps": 463973, "cpu_memory": 7.99, "cpu_percent": 26.9, "learning_rate": 0.00025, "loss_mean": 0.31, "n_updates": 0}, {"reward": 970, "eps": 0.1, "len": 281, "time": 13362.49, "timesteps": 464254, "cpu_memory": 8.0, "cpu_percent": 26.9, "learning_rate": 0.00025, "loss_mean": 0.31, "n_updates": 0}, {"reward": 560, "eps": 0.1, "len": 149, "time": 13367.42, "timesteps": 464403, "cpu_memory": 8.0, "cpu_percent": 26.9, "learning_rate": 0.00025, "loss_mean": 0.31, "n_updates": 0}, {"reward": 590, "eps": 0.1, "len": 172, "time": 13373.01, "timesteps": 464575, "cpu_memory": 8.0, "cpu_percent": 26.9, "learning_rate": 0.00025, "loss_mean": 0.33, "n_updates": 0}, {"reward": 880, "eps": 0.1, "len": 196, "time": 13379.62, "timesteps": 464771, "cpu_memory": 8.0, "cpu_percent": 26.9, "learning_rate": 0.00025, "loss_mean": 0.32, "n_updates": 0}, {"reward": 490, "eps": 0.1, "len": 157, "time": 13384.82, "timesteps": 464928, "cpu_memory": 8.0, "cpu_percent": 26.9, "learning_rate": 0.00025, "loss_mean": 0.31, "n_updates": 0}, {"reward": 1240, "eps": 0.1, "len": 298, "time": 13394.82, "timesteps": 465226, "cpu_memory": 8.0, "cpu_percent": 26.9, "learning_rate": 0.00025, "loss_mean": 0.31, "n_updates": 0}, {"reward": 600, "eps": 0.1, "len": 165, "time": 13400.33, "timesteps": 465391, "cpu_memory": 8.0, "cpu_percent": 26.9, "learning_rate": 0.00025, "loss_mean": 0.31, "n_updates": 0}, {"reward": 700, "eps": 0.1, "len": 227, "time": 13407.71, "timesteps": 465618, "cpu_memory": 8.01, "cpu_percent": 26.9, "learning_rate": 0.00025, "loss_mean": 0.32, "n_updates": 0}, {"reward": 880, "eps": 0.1, "len": 243, "time": 13416.05, "timesteps": 465861, "cpu_memory": 8.01, "cpu_percent": 26.9, "learning_rate": 0.00025, "loss_mean": 0.31, "n_updates": 0}, {"reward": 810, "eps": 0.1, "len": 236, "time": 13424.03, "timesteps": 466097, "cpu_memory": 8.01, "cpu_percent": 26.9, "learning_rate": 0.00025, "loss_mean": 0.31, "n_updates": 0}, {"reward": 1030, "eps": 0.1, "len": 241, "time": 13432.09, "timesteps": 466338, "cpu_memory": 8.01, "cpu_percent": 26.9, "learning_rate": 0.00025, "loss_mean": 0.3, "n_updates": 0}, {"reward": 1090, "eps": 0.1, "len": 237, "time": 13439.96, "timesteps": 466575, "cpu_memory": 8.01, "cpu_percent": 27.0, "learning_rate": 0.00025, "loss_mean": 0.3, "n_updates": 0}, {"reward": 1050, "eps": 0.1, "len": 332, "time": 13450.96, "timesteps": 466907, "cpu_memory": 8.02, "cpu_percent": 27.0, "learning_rate": 0.00025, "loss_mean": 0.3, "n_updates": 0}, {"reward": 540, "eps": 0.1, "len": 163, "time": 13456.38, "timesteps": 467070, "cpu_memory": 8.02, "cpu_percent": 27.0, "learning_rate": 0.00025, "loss_mean": 0.31, "n_updates": 0}, {"reward": 880, "eps": 0.1, "len": 235, "time": 13464.03, "timesteps": 467305, "cpu_memory": 8.02, "cpu_percent": 27.0, "learning_rate": 0.00025, "loss_mean": 0.31, "n_updates": 0}, {"reward": 1090, "eps": 0.1, "len": 264, "time": 13472.7, "timesteps": 467569, "cpu_memory": 8.02, "cpu_percent": 27.0, "learning_rate": 0.00025, "loss_mean": 0.33, "n_updates": 0}, {"reward": 550, "eps": 0.1, "len": 146, "time": 13477.68, "timesteps": 467715, "cpu_memory": 8.02, "cpu_percent": 27.0, "learning_rate": 0.00025, "loss_mean": 0.32, "n_updates": 0}, {"reward": 1310, "eps": 0.1, "len": 287, "time": 13487.24, "timesteps": 468002, "cpu_memory": 8.02, "cpu_percent": 27.0, "learning_rate": 0.00025, "loss_mean": 0.3, "n_updates": 0}, {"reward": 600, "eps": 0.1, "len": 222, "time": 13494.56, "timesteps": 468224, "cpu_memory": 8.03, "cpu_percent": 27.0, "learning_rate": 0.00025, "loss_mean": 0.3, "n_updates": 0}, {"reward": 1110, "eps": 0.1, "len": 323, "time": 13505.32, "timesteps": 468547, "cpu_memory": 8.03, "cpu_percent": 27.0, "learning_rate": 0.00025, "loss_mean": 0.29, "n_updates": 0}, {"reward": 670, "eps": 0.1, "len": 192, "time": 13511.64, "timesteps": 468739, "cpu_memory": 8.03, "cpu_percent": 27.0, "learning_rate": 0.00025, "loss_mean": 0.3, "n_updates": 0}, {"reward": 670, "eps": 0.1, "len": 187, "time": 13517.84, "timesteps": 468926, "cpu_memory": 8.03, "cpu_percent": 27.0, "learning_rate": 0.00025, "loss_mean": 0.32, "n_updates": 0}, {"reward": 830, "eps": 0.1, "len": 263, "time": 13526.53, "timesteps": 469189, "cpu_memory": 8.03, "cpu_percent": 27.0, "learning_rate": 0.00025, "loss_mean": 0.3, "n_updates": 0}, {"reward": 1120, "eps": 0.1, "len": 243, "time": 13534.48, "timesteps": 469432, "cpu_memory": 8.04, "cpu_percent": 27.0, "learning_rate": 0.00025, "loss_mean": 0.3, "n_updates": 0}, {"reward": 620, "eps": 0.1, "len": 151, "time": 13539.55, "timesteps": 469583, "cpu_memory": 8.04, "cpu_percent": 27.0, "learning_rate": 0.00025, "loss_mean": 0.3, "n_updates": 0}]