[{"reward": 790, "eps": 0.1, "len": 192, "time": 21034.49, "timesteps": 719833, "cpu_memory": 9.98, "cpu_percent": 33.3, "learning_rate": 0.00025, "loss_mean": 0.21, "n_updates": 0}, {"reward": 990, "eps": 0.1, "len": 720043, "time": 21041.16, "timesteps": 720043, "cpu_memory": 9.99, "cpu_percent": 33.3, "learning_rate": 0.00025, "loss_mean": 0.21, "n_updates": 0}, {"reward": 630, "eps": 0.1, "len": 159, "time": 21045.81, "timesteps": 720202, "cpu_memory": 9.99, "cpu_percent": 33.3, "learning_rate": 0.00025, "loss_mean": 0.2, "n_updates": 0}, {"reward": 650, "eps": 0.1, "len": 141, "time": 21049.85, "timesteps": 720343, "cpu_memory": 9.99, "cpu_percent": 33.3, "learning_rate": 0.00025, "loss_mean": 0.2, "n_updates": 0}, {"reward": 1110, "eps": 0.1, "len": 232, "time": 21056.82, "timesteps": 720575, "cpu_memory": 9.99, "cpu_percent": 33.3, "learning_rate": 0.00025, "loss_mean": 0.21, "n_updates": 0}, {"reward": 1200, "eps": 0.1, "len": 234, "time": 21063.73, "timesteps": 720809, "cpu_memory": 9.99, "cpu_percent": 33.3, "learning_rate": 0.00025, "loss_mean": 0.2, "n_updates": 0}, {"reward": 830, "eps": 0.1, "len": 212, "time": 21069.93, "timesteps": 721021, "cpu_memory": 9.99, "cpu_percent": 33.3, "learning_rate": 0.00025, "loss_mean": 0.19, "n_updates": 0}, {"reward": 940, "eps": 0.1, "len": 235, "time": 21076.74, "timesteps": 721256, "cpu_memory": 9.99, "cpu_percent": 33.4, "learning_rate": 0.00025, "loss_mean": 0.21, "n_updates": 0}, {"reward": 820, "eps": 0.1, "len": 256, "time": 21084.11, "timesteps": 721512, "cpu_memory": 10.0, "cpu_percent": 33.4, "learning_rate": 0.00025, "loss_mean": 0.21, "n_updates": 0}, {"reward": 550, "eps": 0.1, "len": 148, "time": 21088.58, "timesteps": 721660, "cpu_memory": 10.0, "cpu_percent": 33.4, "learning_rate": 0.00025, "loss_mean": 0.21, "n_updates": 0}, {"reward": 1140, "eps": 0.1, "len": 288, "time": 21097.09, "timesteps": 721948, "cpu_memory": 10.0, "cpu_percent": 33.4, "learning_rate": 0.00025, "loss_mean": 0.21, "n_updates": 0}, {"reward": 1480, "eps": 0.1, "len": 362, "time": 21107.6, "timesteps": 722310, "cpu_memory": 10.0, "cpu_percent": 33.4, "learning_rate": 0.00025, "loss_mean": 0.2, "n_updates": 0}, {"reward": 830, "eps": 0.1, "len": 200, "time": 21113.42, "timesteps": 722510, "cpu_memory": 10.0, "cpu_percent": 33.4, "learning_rate": 0.00025, "loss_mean": 0.21, "n_updates": 0}, {"reward": 1240, "eps": 0.1, "len": 275, "time": 21121.59, "timesteps": 722785, "cpu_memory": 10.01, "cpu_percent": 33.4, "learning_rate": 0.00025, "loss_mean": 0.21, "n_updates": 0}, {"reward": 1220, "eps": 0.1, "len": 308, "time": 21130.53, "timesteps": 723093, "cpu_memory": 10.01, "cpu_percent": 33.4, "learning_rate": 0.00025, "loss_mean": 0.21, "n_updates": 0}, {"reward": 460, "eps": 0.1, "len": 154, "time": 21135.03, "timesteps": 723247, "cpu_memory": 10.01, "cpu_percent": 33.4, "learning_rate": 0.00025, "loss_mean": 0.19, "n_updates": 0}, {"reward": 620, "eps": 0.1, "len": 133, "time": 21138.93, "timesteps": 723380, "cpu_memory": 10.01, "cpu_percent": 33.4, "learning_rate": 0.00025, "loss_mean": 0.21, "n_updates": 0}, {"reward": 710, "eps": 0.1, "len": 165, "time": 21143.73, "timesteps": 723545, "cpu_memory": 10.01, "cpu_percent": 33.4, "learning_rate": 0.00025, "loss_mean": 0.21, "n_updates": 0}, {"reward": 530, "eps": 0.1, "len": 171, "time": 21149.03, "timesteps": 723716, "cpu_memory": 10.01, "cpu_percent": 33.4, "learning_rate": 0.00025, "loss_mean": 0.21, "n_updates": 0}, {"reward": 720, "eps": 0.1, "len": 210, "time": 21155.3, "timesteps": 723926, "cpu_memory": 10.02, "cpu_percent": 33.4, "learning_rate": 0.00025, "loss_mean": 0.2, "n_updates": 0}, {"reward": 1170, "eps": 0.1, "len": 219, "time": 21161.72, "timesteps": 724145, "cpu_memory": 10.02, "cpu_percent": 33.4, "learning_rate": 0.00025, "loss_mean": 0.21, "n_updates": 0}, {"reward": 830, "eps": 0.1, "len": 220, "time": 21168.04, "timesteps": 724365, "cpu_memory": 10.02, "cpu_percent": 33.4, "learning_rate": 0.00025, "loss_mean": 0.21, "n_updates": 0}, {"reward": 810, "eps": 0.1, "len": 234, "time": 21174.86, "timesteps": 724599, "cpu_memory": 10.02, "cpu_percent": 33.5, "learning_rate": 0.00025, "loss_mean": 0.2, "n_updates": 0}, {"reward": 1000, "eps": 0.1, "len": 219, "time": 21181.25, "timesteps": 724818, "cpu_memory": 10.02, "cpu_percent": 33.5, "learning_rate": 0.00025, "loss_mean": 0.2, "n_updates": 0}, {"reward": 800, "eps": 0.1, "len": 198, "time": 21187.0, "timesteps": 725016, "cpu_memory": 10.02, "cpu_percent": 33.5, "learning_rate": 0.00025, "loss_mean": 0.2, "n_updates": 0}, {"reward": 1400, "eps": 0.1, "len": 306, "time": 21195.91, "timesteps": 725322, "cpu_memory": 10.03, "cpu_percent": 33.5, "learning_rate": 0.00025, "loss_mean": 0.21, "n_updates": 0}, {"reward": 1060, "eps": 0.1, "len": 304, "time": 21204.61, "timesteps": 725626, "cpu_memory": 10.03, "cpu_percent": 33.5, "learning_rate": 0.00025, "loss_mean": 0.21, "n_updates": 0}, {"reward": 610, "eps": 0.1, "len": 188, "time": 21210.16, "timesteps": 725814, "cpu_memory": 10.03, "cpu_percent": 33.5, "learning_rate": 0.00025, "loss_mean": 0.21, "n_updates": 0}, {"reward": 880, "eps": 0.1, "len": 191, "time": 21215.87, "timesteps": 726005, "cpu_memory": 10.03, "cpu_percent": 33.5, "learning_rate": 0.00025, "loss_mean": 0.21, "n_updates": 0}, {"reward": 1730, "eps": 0.1, "len": 358, "time": 21226.12, "timesteps": 726363, "cpu_memory": 10.03, "cpu_percent": 33.5, "learning_rate": 0.00025, "loss_mean": 0.21, "n_updates": 0}, {"reward": 750, "eps": 0.1, "len": 206, "time": 21232.24, "timesteps": 726569, "cpu_memory": 10.04, "cpu_percent": 33.5, "learning_rate": 0.00025, "loss_mean": 0.22, "n_updates": 0}, {"reward": 880, "eps": 0.1, "len": 211, "time": 21238.31, "timesteps": 726780, "cpu_memory": 10.04, "cpu_percent": 33.5, "learning_rate": 0.00025, "loss_mean": 0.2, "n_updates": 0}, {"reward": 620, "eps": 0.1, "len": 173, "time": 21243.44, "timesteps": 726953, "cpu_memory": 10.04, "cpu_percent": 33.5, "learning_rate": 0.00025, "loss_mean": 0.21, "n_updates": 0}, {"reward": 760, "eps": 0.1, "len": 234, "time": 21250.22, "timesteps": 727187, "cpu_memory": 10.04, "cpu_percent": 33.5, "learning_rate": 0.00025, "loss_mean": 0.21, "n_updates": 0}, {"reward": 920, "eps": 0.1, "len": 254, "time": 21257.53, "timesteps": 727441, "cpu_memory": 10.04, "cpu_percent": 33.5, "learning_rate": 0.00025, "loss_mean": 0.19, "n_updates": 0}, {"reward": 1130, "eps": 0.1, "len": 255, "time": 21265.11, "timesteps": 727696, "cpu_memory": 10.05, "cpu_percent": 33.5, "learning_rate": 0.00025, "loss_mean": 0.2, "n_updates": 0}, {"reward": 710, "eps": 0.1, "len": 222, "time": 21271.59, "timesteps": 727918, "cpu_memory": 10.05, "cpu_percent": 33.5, "learning_rate": 0.00025, "loss_mean": 0.2, "n_updates": 0}, {"reward": 1770, "eps": 0.1, "len": 420, "time": 21283.89, "timesteps": 728338, "cpu_memory": 10.05, "cpu_percent": 33.5, "learning_rate": 0.00025, "loss_mean": 0.21, "n_updates": 0}, {"reward": 790, "eps": 0.1, "len": 234, "time": 21290.65, "timesteps": 728572, "cpu_memory": 10.05, "cpu_percent": 33.5, "learning_rate": 0.00025, "loss_mean": 0.21, "n_updates": 0}, {"reward": 590, "eps": 0.1, "len": 162, "time": 21295.34, "timesteps": 728734, "cpu_memory": 10.05, "cpu_percent": 33.5, "learning_rate": 0.00025, "loss_mean": 0.22, "n_updates": 0}, {"reward": 1140, "eps": 0.1, "len": 281, "time": 21303.47, "timesteps": 729015, "cpu_memory": 10.06, "cpu_percent": 33.5, "learning_rate": 0.00025, "loss_mean": 0.21, "n_updates": 0}, {"reward": 940, "eps": 0.1, "len": 187, "time": 21309.02, "timesteps": 729202, "cpu_memory": 10.06, "cpu_percent": 33.6, "learning_rate": 0.00025, "loss_mean": 0.21, "n_updates": 0}, {"reward": 810, "eps": 0.1, "len": 183, "time": 21314.31, "timesteps": 729385, "cpu_memory": 10.06, "cpu_percent": 33.6, "learning_rate": 0.00025, "loss_mean": 0.21, "n_updates": 0}, {"reward": 1160, "eps": 0.1, "len": 249, "time": 21321.5, "timesteps": 729634, "cpu_memory": 10.06, "cpu_percent": 33.6, "learning_rate": 0.00025, "loss_mean": 0.21, "n_updates": 0}]