[{"reward": 980, "eps": 0.1, "len": 233, "time": 12541.86, "timesteps": 439417, "cpu_memory": 7.8, "cpu_percent": 26.3, "learning_rate": 0.00025, "loss_mean": 0.33, "n_updates": 0}, {"reward": 620, "eps": 0.1, "len": 184, "time": 12547.88, "timesteps": 439601, "cpu_memory": 7.8, "cpu_percent": 26.3, "learning_rate": 0.00025, "loss_mean": 0.31, "n_updates": 0}, {"reward": 970, "eps": 0.1, "len": 302, "time": 12557.76, "timesteps": 439903, "cpu_memory": 7.8, "cpu_percent": 26.3, "learning_rate": 0.00025, "loss_mean": 0.32, "n_updates": 0}, {"reward": 820, "eps": 0.1, "len": 246, "time": 12566.59, "timesteps": 440149, "cpu_memory": 7.81, "cpu_percent": 26.3, "learning_rate": 0.00025, "loss_mean": 0.31, "n_updates": 0}, {"reward": 1070, "eps": 0.1, "len": 283, "time": 12575.9, "timesteps": 440432, "cpu_memory": 7.81, "cpu_percent": 26.3, "learning_rate": 0.00025, "loss_mean": 0.32, "n_updates": 0}, {"reward": 1090, "eps": 0.1, "len": 269, "time": 12584.96, "timesteps": 440701, "cpu_memory": 7.81, "cpu_percent": 26.3, "learning_rate": 0.00025, "loss_mean": 0.31, "n_updates": 0}, {"reward": 630, "eps": 0.1, "len": 185, "time": 12590.99, "timesteps": 440886, "cpu_memory": 7.81, "cpu_percent": 26.3, "learning_rate": 0.00025, "loss_mean": 0.31, "n_updates": 0}, {"reward": 1000, "eps": 0.1, "len": 249, "time": 12599.26, "timesteps": 441135, "cpu_memory": 7.81, "cpu_percent": 26.4, "learning_rate": 0.00025, "loss_mean": 0.31, "n_updates": 0}, {"reward": 1390, "eps": 0.1, "len": 292, "time": 12608.95, "timesteps": 441427, "cpu_memory": 7.82, "cpu_percent": 26.4, "learning_rate": 0.00025, "loss_mean": 0.3, "n_updates": 0}, {"reward": 970, "eps": 0.1, "len": 251, "time": 12617.22, "timesteps": 441678, "cpu_memory": 7.82, "cpu_percent": 26.4, "learning_rate": 0.00025, "loss_mean": 0.32, "n_updates": 0}, {"reward": 760, "eps": 0.1, "len": 200, "time": 12623.75, "timesteps": 441878, "cpu_memory": 7.82, "cpu_percent": 26.4, "learning_rate": 0.00025, "loss_mean": 0.31, "n_updates": 0}, {"reward": 890, "eps": 0.1, "len": 249, "time": 12632.09, "timesteps": 442127, "cpu_memory": 7.82, "cpu_percent": 26.4, "learning_rate": 0.00025, "loss_mean": 0.33, "n_updates": 0}, {"reward": 900, "eps": 0.1, "len": 216, "time": 12639.19, "timesteps": 442343, "cpu_memory": 7.82, "cpu_percent": 26.4, "learning_rate": 0.00025, "loss_mean": 0.34, "n_updates": 0}, {"reward": 400, "eps": 0.1, "len": 112, "time": 12642.97, "timesteps": 442455, "cpu_memory": 7.82, "cpu_percent": 26.4, "learning_rate": 0.00025, "loss_mean": 0.32, "n_updates": 0}, {"reward": 1060, "eps": 0.1, "len": 213, "time": 12650.07, "timesteps": 442668, "cpu_memory": 7.83, "cpu_percent": 26.4, "learning_rate": 0.00025, "loss_mean": 0.33, "n_updates": 0}, {"reward": 1050, "eps": 0.1, "len": 278, "time": 12659.17, "timesteps": 442946, "cpu_memory": 7.83, "cpu_percent": 26.4, "learning_rate": 0.00025, "loss_mean": 0.33, "n_updates": 0}, {"reward": 740, "eps": 0.1, "len": 222, "time": 12666.53, "timesteps": 443168, "cpu_memory": 7.83, "cpu_percent": 26.4, "learning_rate": 0.00025, "loss_mean": 0.33, "n_updates": 0}, {"reward": 980, "eps": 0.1, "len": 256, "time": 12675.07, "timesteps": 443424, "cpu_memory": 7.83, "cpu_percent": 26.3, "learning_rate": 0.00025, "loss_mean": 0.31, "n_updates": 0}, {"reward": 770, "eps": 0.1, "len": 195, "time": 12681.57, "timesteps": 443619, "cpu_memory": 7.83, "cpu_percent": 26.3, "learning_rate": 0.00025, "loss_mean": 0.31, "n_updates": 0}, {"reward": 610, "eps": 0.1, "len": 250, "time": 12689.81, "timesteps": 443869, "cpu_memory": 7.84, "cpu_percent": 26.4, "learning_rate": 0.00025, "loss_mean": 0.3, "n_updates": 0}, {"reward": 820, "eps": 0.1, "len": 192, "time": 12695.61, "timesteps": 444061, "cpu_memory": 7.84, "cpu_percent": 26.4, "learning_rate": 0.00025, "loss_mean": 0.33, "n_updates": 0}, {"reward": 390, "eps": 0.1, "len": 116, "time": 12699.12, "timesteps": 444177, "cpu_memory": 7.84, "cpu_percent": 26.4, "learning_rate": 0.00025, "loss_mean": 0.33, "n_updates": 0}, {"reward": 1110, "eps": 0.1, "len": 229, "time": 12706.08, "timesteps": 444406, "cpu_memory": 7.84, "cpu_percent": 26.4, "learning_rate": 0.00025, "loss_mean": 0.32, "n_updates": 0}, {"reward": 1230, "eps": 0.1, "len": 265, "time": 12714.03, "timesteps": 444671, "cpu_memory": 7.84, "cpu_percent": 26.4, "learning_rate": 0.00025, "loss_mean": 0.34, "n_updates": 0}, {"reward": 540, "eps": 0.1, "len": 116, "time": 12717.54, "timesteps": 444787, "cpu_memory": 7.84, "cpu_percent": 26.4, "learning_rate": 0.00025, "loss_mean": 0.33, "n_updates": 0}, {"reward": 1080, "eps": 0.1, "len": 294, "time": 12726.44, "timesteps": 445081, "cpu_memory": 7.85, "cpu_percent": 26.4, "learning_rate": 0.00025, "loss_mean": 0.32, "n_updates": 0}, {"reward": 910, "eps": 0.1, "len": 200, "time": 12732.45, "timesteps": 445281, "cpu_memory": 7.85, "cpu_percent": 26.4, "learning_rate": 0.00025, "loss_mean": 0.32, "n_updates": 0}, {"reward": 270, "eps": 0.1, "len": 87, "time": 12735.12, "timesteps": 445368, "cpu_memory": 7.85, "cpu_percent": 26.4, "learning_rate": 0.00025, "loss_mean": 0.31, "n_updates": 0}, {"reward": 560, "eps": 0.1, "len": 155, "time": 12740.01, "timesteps": 445523, "cpu_memory": 7.85, "cpu_percent": 26.4, "learning_rate": 0.00025, "loss_mean": 0.32, "n_updates": 0}, {"reward": 710, "eps": 0.1, "len": 217, "time": 12747.25, "timesteps": 445740, "cpu_memory": 7.85, "cpu_percent": 26.4, "learning_rate": 0.00025, "loss_mean": 0.31, "n_updates": 0}, {"reward": 1270, "eps": 0.1, "len": 271, "time": 12756.32, "timesteps": 446011, "cpu_memory": 7.85, "cpu_percent": 26.4, "learning_rate": 0.00025, "loss_mean": 0.32, "n_updates": 0}, {"reward": 960, "eps": 0.1, "len": 227, "time": 12763.95, "timesteps": 446238, "cpu_memory": 7.85, "cpu_percent": 26.5, "learning_rate": 0.00025, "loss_mean": 0.31, "n_updates": 0}, {"reward": 970, "eps": 0.1, "len": 185, "time": 12770.19, "timesteps": 446423, "cpu_memory": 7.86, "cpu_percent": 26.5, "learning_rate": 0.00025, "loss_mean": 0.33, "n_updates": 0}, {"reward": 700, "eps": 0.1, "len": 154, "time": 12775.3, "timesteps": 446577, "cpu_memory": 7.86, "cpu_percent": 26.5, "learning_rate": 0.00025, "loss_mean": 0.34, "n_updates": 0}, {"reward": 1050, "eps": 0.1, "len": 268, "time": 12784.33, "timesteps": 446845, "cpu_memory": 7.86, "cpu_percent": 26.5, "learning_rate": 0.00025, "loss_mean": 0.33, "n_updates": 0}, {"reward": 900, "eps": 0.1, "len": 230, "time": 12791.94, "timesteps": 447075, "cpu_memory": 7.86, "cpu_percent": 26.5, "learning_rate": 0.00025, "loss_mean": 0.33, "n_updates": 0}, {"reward": 890, "eps": 0.1, "len": 223, "time": 12799.29, "timesteps": 447298, "cpu_memory": 7.86, "cpu_percent": 26.4, "learning_rate": 0.00025, "loss_mean": 0.31, "n_updates": 0}, {"reward": 1020, "eps": 0.1, "len": 254, "time": 12807.67, "timesteps": 447552, "cpu_memory": 7.86, "cpu_percent": 26.4, "learning_rate": 0.00025, "loss_mean": 0.33, "n_updates": 0}, {"reward": 790, "eps": 0.1, "len": 201, "time": 12814.34, "timesteps": 447753, "cpu_memory": 7.87, "cpu_percent": 26.4, "learning_rate": 0.00025, "loss_mean": 0.34, "n_updates": 0}, {"reward": 950, "eps": 0.1, "len": 248, "time": 12822.62, "timesteps": 448001, "cpu_memory": 7.87, "cpu_percent": 26.4, "learning_rate": 0.00025, "loss_mean": 0.31, "n_updates": 0}, {"reward": 450, "eps": 0.1, "len": 151, "time": 12827.69, "timesteps": 448152, "cpu_memory": 7.87, "cpu_percent": 26.4, "learning_rate": 0.00025, "loss_mean": 0.34, "n_updates": 0}, {"reward": 850, "eps": 0.1, "len": 182, "time": 12833.84, "timesteps": 448334, "cpu_memory": 7.87, "cpu_percent": 26.5, "learning_rate": 0.00025, "loss_mean": 0.36, "n_updates": 0}, {"reward": 800, "eps": 0.1, "len": 187, "time": 12839.96, "timesteps": 448521, "cpu_memory": 7.87, "cpu_percent": 26.5, "learning_rate": 0.00025, "loss_mean": 0.34, "n_updates": 0}, {"reward": 1020, "eps": 0.1, "len": 263, "time": 12848.69, "timesteps": 448784, "cpu_memory": 7.87, "cpu_percent": 26.5, "learning_rate": 0.00025, "loss_mean": 0.34, "n_updates": 0}, {"reward": 1360, "eps": 0.1, "len": 313, "time": 12858.95, "timesteps": 449097, "cpu_memory": 7.88, "cpu_percent": 26.5, "learning_rate": 0.00025, "loss_mean": 0.34, "n_updates": 0}, {"reward": 640, "eps": 0.1, "len": 154, "time": 12864.07, "timesteps": 449251, "cpu_memory": 7.88, "cpu_percent": 26.5, "learning_rate": 0.00025, "loss_mean": 0.35, "n_updates": 0}, {"reward": 900, "eps": 0.1, "len": 196, "time": 12870.52, "timesteps": 449447, "cpu_memory": 7.88, "cpu_percent": 26.5, "learning_rate": 0.00025, "loss_mean": 0.33, "n_updates": 0}, {"reward": 850, "eps": 0.1, "len": 187, "time": 12876.74, "timesteps": 449634, "cpu_memory": 7.88, "cpu_percent": 26.5, "learning_rate": 0.00025, "loss_mean": 0.33, "n_updates": 0}]