[{"reward": 1250, "eps": 0.1, "len": 329, "time": 20156.59, "timesteps": 689981, "cpu_memory": 9.76, "cpu_percent": 32.6, "learning_rate": 0.00025, "loss_mean": 0.21, "n_updates": 0}, {"reward": 860, "eps": 0.1, "len": 690250, "time": 20165.1, "timesteps": 690250, "cpu_memory": 9.76, "cpu_percent": 32.6, "learning_rate": 0.00025, "loss_mean": 0.21, "n_updates": 0}, {"reward": 620, "eps": 0.1, "len": 170, "time": 20170.05, "timesteps": 690420, "cpu_memory": 9.76, "cpu_percent": 32.6, "learning_rate": 0.00025, "loss_mean": 0.21, "n_updates": 0}, {"reward": 840, "eps": 0.1, "len": 229, "time": 20176.67, "timesteps": 690649, "cpu_memory": 9.76, "cpu_percent": 32.6, "learning_rate": 0.00025, "loss_mean": 0.21, "n_updates": 0}, {"reward": 500, "eps": 0.1, "len": 158, "time": 20181.35, "timesteps": 690807, "cpu_memory": 9.76, "cpu_percent": 32.6, "learning_rate": 0.00025, "loss_mean": 0.21, "n_updates": 0}, {"reward": 1130, "eps": 0.1, "len": 218, "time": 20187.72, "timesteps": 691025, "cpu_memory": 9.76, "cpu_percent": 32.6, "learning_rate": 0.00025, "loss_mean": 0.21, "n_updates": 0}, {"reward": 620, "eps": 0.1, "len": 191, "time": 20193.31, "timesteps": 691216, "cpu_memory": 9.77, "cpu_percent": 32.6, "learning_rate": 0.00025, "loss_mean": 0.21, "n_updates": 0}, {"reward": 480, "eps": 0.1, "len": 140, "time": 20197.42, "timesteps": 691356, "cpu_memory": 9.77, "cpu_percent": 32.6, "learning_rate": 0.00025, "loss_mean": 0.22, "n_updates": 0}, {"reward": 1230, "eps": 0.1, "len": 253, "time": 20204.79, "timesteps": 691609, "cpu_memory": 9.77, "cpu_percent": 32.6, "learning_rate": 0.00025, "loss_mean": 0.21, "n_updates": 0}, {"reward": 560, "eps": 0.1, "len": 151, "time": 20209.37, "timesteps": 691760, "cpu_memory": 9.77, "cpu_percent": 32.6, "learning_rate": 0.00025, "loss_mean": 0.21, "n_updates": 0}, {"reward": 620, "eps": 0.1, "len": 164, "time": 20214.17, "timesteps": 691924, "cpu_memory": 9.77, "cpu_percent": 32.6, "learning_rate": 0.00025, "loss_mean": 0.21, "n_updates": 0}, {"reward": 1040, "eps": 0.1, "len": 258, "time": 20221.72, "timesteps": 692182, "cpu_memory": 9.77, "cpu_percent": 32.6, "learning_rate": 0.00025, "loss_mean": 0.22, "n_updates": 0}, {"reward": 840, "eps": 0.1, "len": 215, "time": 20227.95, "timesteps": 692397, "cpu_memory": 9.78, "cpu_percent": 32.6, "learning_rate": 0.00025, "loss_mean": 0.21, "n_updates": 0}, {"reward": 880, "eps": 0.1, "len": 213, "time": 20234.09, "timesteps": 692610, "cpu_memory": 9.78, "cpu_percent": 32.6, "learning_rate": 0.00025, "loss_mean": 0.21, "n_updates": 0}, {"reward": 590, "eps": 0.1, "len": 149, "time": 20238.43, "timesteps": 692759, "cpu_memory": 9.78, "cpu_percent": 32.6, "learning_rate": 0.00025, "loss_mean": 0.21, "n_updates": 0}, {"reward": 920, "eps": 0.1, "len": 192, "time": 20244.07, "timesteps": 692951, "cpu_memory": 9.78, "cpu_percent": 32.7, "learning_rate": 0.00025, "loss_mean": 0.2, "n_updates": 0}, {"reward": 380, "eps": 0.1, "len": 105, "time": 20247.13, "timesteps": 693056, "cpu_memory": 9.78, "cpu_percent": 32.7, "learning_rate": 0.00025, "loss_mean": 0.22, "n_updates": 0}, {"reward": 760, "eps": 0.1, "len": 178, "time": 20252.41, "timesteps": 693234, "cpu_memory": 9.78, "cpu_percent": 32.7, "learning_rate": 0.00025, "loss_mean": 0.21, "n_updates": 0}, {"reward": 730, "eps": 0.1, "len": 216, "time": 20258.72, "timesteps": 693450, "cpu_memory": 9.78, "cpu_percent": 32.7, "learning_rate": 0.00025, "loss_mean": 0.22, "n_updates": 0}, {"reward": 560, "eps": 0.1, "len": 132, "time": 20262.53, "timesteps": 693582, "cpu_memory": 9.78, "cpu_percent": 32.7, "learning_rate": 0.00025, "loss_mean": 0.2, "n_updates": 0}, {"reward": 1680, "eps": 0.1, "len": 357, "time": 20272.94, "timesteps": 693939, "cpu_memory": 9.79, "cpu_percent": 32.7, "learning_rate": 0.00025, "loss_mean": 0.2, "n_updates": 0}, {"reward": 760, "eps": 0.1, "len": 207, "time": 20278.85, "timesteps": 694146, "cpu_memory": 9.79, "cpu_percent": 32.7, "learning_rate": 0.00025, "loss_mean": 0.2, "n_updates": 0}, {"reward": 1070, "eps": 0.1, "len": 282, "time": 20287.26, "timesteps": 694428, "cpu_memory": 9.79, "cpu_percent": 32.7, "learning_rate": 0.00025, "loss_mean": 0.21, "n_updates": 0}, {"reward": 950, "eps": 0.1, "len": 235, "time": 20294.11, "timesteps": 694663, "cpu_memory": 9.79, "cpu_percent": 32.7, "learning_rate": 0.00025, "loss_mean": 0.22, "n_updates": 0}, {"reward": 610, "eps": 0.1, "len": 148, "time": 20298.39, "timesteps": 694811, "cpu_memory": 9.79, "cpu_percent": 32.7, "learning_rate": 0.00025, "loss_mean": 0.2, "n_updates": 0}, {"reward": 620, "eps": 0.1, "len": 189, "time": 20303.92, "timesteps": 695000, "cpu_memory": 9.8, "cpu_percent": 32.7, "learning_rate": 0.00025, "loss_mean": 0.22, "n_updates": 0}, {"reward": 890, "eps": 0.1, "len": 206, "time": 20309.96, "timesteps": 695206, "cpu_memory": 9.8, "cpu_percent": 32.7, "learning_rate": 0.00025, "loss_mean": 0.2, "n_updates": 0}, {"reward": 660, "eps": 0.1, "len": 136, "time": 20314.07, "timesteps": 695342, "cpu_memory": 9.8, "cpu_percent": 32.7, "learning_rate": 0.00025, "loss_mean": 0.2, "n_updates": 0}, {"reward": 870, "eps": 0.1, "len": 231, "time": 20320.73, "timesteps": 695573, "cpu_memory": 9.8, "cpu_percent": 32.7, "learning_rate": 0.00025, "loss_mean": 0.21, "n_updates": 0}, {"reward": 1080, "eps": 0.1, "len": 226, "time": 20327.33, "timesteps": 695799, "cpu_memory": 9.8, "cpu_percent": 32.7, "learning_rate": 0.00025, "loss_mean": 0.2, "n_updates": 0}, {"reward": 1010, "eps": 0.1, "len": 244, "time": 20334.55, "timesteps": 696043, "cpu_memory": 9.8, "cpu_percent": 32.8, "learning_rate": 0.00025, "loss_mean": 0.22, "n_updates": 0}, {"reward": 1130, "eps": 0.1, "len": 402, "time": 20346.11, "timesteps": 696445, "cpu_memory": 9.81, "cpu_percent": 32.8, "learning_rate": 0.00025, "loss_mean": 0.22, "n_updates": 0}, {"reward": 1070, "eps": 0.1, "len": 217, "time": 20352.39, "timesteps": 696662, "cpu_memory": 9.81, "cpu_percent": 32.8, "learning_rate": 0.00025, "loss_mean": 0.21, "n_updates": 0}, {"reward": 1020, "eps": 0.1, "len": 215, "time": 20358.62, "timesteps": 696877, "cpu_memory": 9.81, "cpu_percent": 32.8, "learning_rate": 0.00025, "loss_mean": 0.21, "n_updates": 0}, {"reward": 660, "eps": 0.1, "len": 178, "time": 20363.76, "timesteps": 697055, "cpu_memory": 9.81, "cpu_percent": 32.8, "learning_rate": 0.00025, "loss_mean": 0.21, "n_updates": 0}, {"reward": 750, "eps": 0.1, "len": 209, "time": 20370.09, "timesteps": 697264, "cpu_memory": 9.81, "cpu_percent": 32.8, "learning_rate": 0.00025, "loss_mean": 0.21, "n_updates": 0}, {"reward": 1170, "eps": 0.1, "len": 231, "time": 20376.87, "timesteps": 697495, "cpu_memory": 9.82, "cpu_percent": 32.8, "learning_rate": 0.00025, "loss_mean": 0.22, "n_updates": 0}, {"reward": 740, "eps": 0.1, "len": 210, "time": 20382.99, "timesteps": 697705, "cpu_memory": 9.82, "cpu_percent": 32.8, "learning_rate": 0.00025, "loss_mean": 0.21, "n_updates": 0}, {"reward": 1100, "eps": 0.1, "len": 262, "time": 20390.6, "timesteps": 697967, "cpu_memory": 9.82, "cpu_percent": 32.8, "learning_rate": 0.00025, "loss_mean": 0.23, "n_updates": 0}, {"reward": 970, "eps": 0.1, "len": 208, "time": 20396.68, "timesteps": 698175, "cpu_memory": 9.82, "cpu_percent": 32.8, "learning_rate": 0.00025, "loss_mean": 0.21, "n_updates": 0}, {"reward": 1250, "eps": 0.1, "len": 319, "time": 20405.95, "timesteps": 698494, "cpu_memory": 9.82, "cpu_percent": 32.8, "learning_rate": 0.00025, "loss_mean": 0.2, "n_updates": 0}, {"reward": 1650, "eps": 0.1, "len": 392, "time": 20417.3, "timesteps": 698886, "cpu_memory": 9.83, "cpu_percent": 32.8, "learning_rate": 0.00025, "loss_mean": 0.2, "n_updates": 0}, {"reward": 830, "eps": 0.1, "len": 201, "time": 20423.15, "timesteps": 699087, "cpu_memory": 9.83, "cpu_percent": 32.8, "learning_rate": 0.00025, "loss_mean": 0.21, "n_updates": 0}, {"reward": 700, "eps": 0.1, "len": 209, "time": 20429.3, "timesteps": 699296, "cpu_memory": 9.83, "cpu_percent": 32.8, "learning_rate": 0.00025, "loss_mean": 0.22, "n_updates": 0}]