[{"reward": 560, "eps": 0.304, "len": 200, "time": 8542.22, "timesteps": 309412, "cpu_memory": 6.81, "cpu_percent": 23.1, "learning_rate": 0.00025, "loss_mean": 0.37, "n_updates": 0}, {"reward": 690, "eps": 0.3036, "len": 225, "time": 8548.8, "timesteps": 309637, "cpu_memory": 6.81, "cpu_percent": 23.1, "learning_rate": 0.00025, "loss_mean": 0.39, "n_updates": 0}, {"reward": 700, "eps": 0.3031, "len": 184, "time": 8554.3, "timesteps": 309821, "cpu_memory": 6.81, "cpu_percent": 23.1, "learning_rate": 0.00025, "loss_mean": 0.38, "n_updates": 0}, {"reward": 830, "eps": 0.3026, "len": 248, "time": 8561.99, "timesteps": 310069, "cpu_memory": 6.81, "cpu_percent": 23.1, "learning_rate": 0.00025, "loss_mean": 0.35, "n_updates": 0}, {"reward": 640, "eps": 0.3021, "len": 208, "time": 8567.99, "timesteps": 310277, "cpu_memory": 6.81, "cpu_percent": 23.1, "learning_rate": 0.00025, "loss_mean": 0.36, "n_updates": 0}, {"reward": 540, "eps": 0.3017, "len": 135, "time": 8571.88, "timesteps": 310412, "cpu_memory": 6.81, "cpu_percent": 23.1, "learning_rate": 0.00025, "loss_mean": 0.38, "n_updates": 0}, {"reward": 880, "eps": 0.3013, "len": 233, "time": 8578.59, "timesteps": 310645, "cpu_memory": 6.81, "cpu_percent": 23.1, "learning_rate": 0.00025, "loss_mean": 0.36, "n_updates": 0}, {"reward": 420, "eps": 0.3009, "len": 121, "time": 8582.12, "timesteps": 310766, "cpu_memory": 6.82, "cpu_percent": 23.1, "learning_rate": 0.00025, "loss_mean": 0.38, "n_updates": 0}, {"reward": 580, "eps": 0.3006, "len": 130, "time": 8586.01, "timesteps": 310896, "cpu_memory": 6.82, "cpu_percent": 23.1, "learning_rate": 0.00025, "loss_mean": 0.37, "n_updates": 0}, {"reward": 720, "eps": 0.3003, "len": 177, "time": 8591.14, "timesteps": 311073, "cpu_memory": 6.82, "cpu_percent": 23.1, "learning_rate": 0.00025, "loss_mean": 0.37, "n_updates": 0}, {"reward": 570, "eps": 0.2999, "len": 186, "time": 8596.51, "timesteps": 311259, "cpu_memory": 6.82, "cpu_percent": 23.1, "learning_rate": 0.00025, "loss_mean": 0.39, "n_updates": 0}, {"reward": 450, "eps": 0.2995, "len": 136, "time": 8600.45, "timesteps": 311395, "cpu_memory": 6.82, "cpu_percent": 23.1, "learning_rate": 0.00025, "loss_mean": 0.4, "n_updates": 0}, {"reward": 870, "eps": 0.2991, "len": 266, "time": 8608.12, "timesteps": 311661, "cpu_memory": 6.82, "cpu_percent": 23.1, "learning_rate": 0.00025, "loss_mean": 0.37, "n_updates": 0}, {"reward": 630, "eps": 0.2986, "len": 184, "time": 8613.59, "timesteps": 311845, "cpu_memory": 6.82, "cpu_percent": 23.1, "learning_rate": 0.00025, "loss_mean": 0.39, "n_updates": 0}, {"reward": 1100, "eps": 0.2981, "len": 241, "time": 8620.84, "timesteps": 312086, "cpu_memory": 6.83, "cpu_percent": 23.1, "learning_rate": 0.00025, "loss_mean": 0.36, "n_updates": 0}, {"reward": 840, "eps": 0.2975, "len": 232, "time": 8627.5, "timesteps": 312318, "cpu_memory": 6.83, "cpu_percent": 23.1, "learning_rate": 0.00025, "loss_mean": 0.37, "n_updates": 0}, {"reward": 610, "eps": 0.2971, "len": 196, "time": 8633.2, "timesteps": 312514, "cpu_memory": 6.83, "cpu_percent": 23.1, "learning_rate": 0.00025, "loss_mean": 0.38, "n_updates": 0}, {"reward": 800, "eps": 0.2966, "len": 217, "time": 8639.5, "timesteps": 312731, "cpu_memory": 6.83, "cpu_percent": 23.1, "learning_rate": 0.00025, "loss_mean": 0.39, "n_updates": 0}, {"reward": 1020, "eps": 0.2961, "len": 268, "time": 8647.23, "timesteps": 312999, "cpu_memory": 6.83, "cpu_percent": 23.2, "learning_rate": 0.00025, "loss_mean": 0.39, "n_updates": 0}, {"reward": 530, "eps": 0.2956, "len": 171, "time": 8652.14, "timesteps": 313170, "cpu_memory": 6.83, "cpu_percent": 23.2, "learning_rate": 0.00025, "loss_mean": 0.37, "n_updates": 0}, {"reward": 820, "eps": 0.2952, "len": 187, "time": 8657.51, "timesteps": 313357, "cpu_memory": 6.83, "cpu_percent": 23.2, "learning_rate": 0.00025, "loss_mean": 0.37, "n_updates": 0}, {"reward": 710, "eps": 0.2947, "len": 206, "time": 8663.4, "timesteps": 313563, "cpu_memory": 6.84, "cpu_percent": 23.2, "learning_rate": 0.00025, "loss_mean": 0.36, "n_updates": 0}, {"reward": 380, "eps": 0.2944, "len": 117, "time": 8666.81, "timesteps": 313680, "cpu_memory": 6.84, "cpu_percent": 23.2, "learning_rate": 0.00025, "loss_mean": 0.36, "n_updates": 0}, {"reward": 650, "eps": 0.294, "len": 168, "time": 8671.83, "timesteps": 313848, "cpu_memory": 6.84, "cpu_percent": 23.2, "learning_rate": 0.00025, "loss_mean": 0.36, "n_updates": 0}, {"reward": 700, "eps": 0.2937, "len": 159, "time": 8676.53, "timesteps": 314007, "cpu_memory": 6.84, "cpu_percent": 23.2, "learning_rate": 0.00025, "loss_mean": 0.39, "n_updates": 0}, {"reward": 630, "eps": 0.2933, "len": 168, "time": 8681.47, "timesteps": 314175, "cpu_memory": 6.84, "cpu_percent": 23.2, "learning_rate": 0.00025, "loss_mean": 0.38, "n_updates": 0}, {"reward": 570, "eps": 0.2929, "len": 167, "time": 8686.31, "timesteps": 314342, "cpu_memory": 6.84, "cpu_percent": 23.2, "learning_rate": 0.00025, "loss_mean": 0.39, "n_updates": 0}, {"reward": 850, "eps": 0.2925, "len": 228, "time": 8693.0, "timesteps": 314570, "cpu_memory": 6.84, "cpu_percent": 23.2, "learning_rate": 0.00025, "loss_mean": 0.37, "n_updates": 0}, {"reward": 470, "eps": 0.2921, "len": 115, "time": 8696.37, "timesteps": 314685, "cpu_memory": 6.84, "cpu_percent": 23.2, "learning_rate": 0.00025, "loss_mean": 0.38, "n_updates": 0}, {"reward": 940, "eps": 0.2917, "len": 233, "time": 8703.07, "timesteps": 314918, "cpu_memory": 6.85, "cpu_percent": 23.2, "learning_rate": 0.00025, "loss_mean": 0.37, "n_updates": 0}, {"reward": 370, "eps": 0.2913, "len": 121, "time": 8706.52, "timesteps": 315039, "cpu_memory": 6.85, "cpu_percent": 23.2, "learning_rate": 0.00025, "loss_mean": 0.37, "n_updates": 0}, {"reward": 430, "eps": 0.291, "len": 168, "time": 8711.48, "timesteps": 315207, "cpu_memory": 6.85, "cpu_percent": 23.2, "learning_rate": 0.00025, "loss_mean": 0.36, "n_updates": 0}, {"reward": 650, "eps": 0.2906, "len": 190, "time": 8716.9, "timesteps": 315397, "cpu_memory": 6.85, "cpu_percent": 23.2, "learning_rate": 0.00025, "loss_mean": 0.36, "n_updates": 0}, {"reward": 600, "eps": 0.2902, "len": 176, "time": 8722.05, "timesteps": 315573, "cpu_memory": 6.85, "cpu_percent": 23.2, "learning_rate": 0.00025, "loss_mean": 0.35, "n_updates": 0}, {"reward": 810, "eps": 0.2897, "len": 271, "time": 8730.1, "timesteps": 315844, "cpu_memory": 6.85, "cpu_percent": 23.2, "learning_rate": 0.00025, "loss_mean": 0.35, "n_updates": 0}, {"reward": 450, "eps": 0.2892, "len": 124, "time": 8733.82, "timesteps": 315968, "cpu_memory": 6.85, "cpu_percent": 23.2, "learning_rate": 0.00025, "loss_mean": 0.36, "n_updates": 0}, {"reward": 660, "eps": 0.2889, "len": 142, "time": 8737.99, "timesteps": 316110, "cpu_memory": 6.85, "cpu_percent": 23.2, "learning_rate": 0.00025, "loss_mean": 0.38, "n_updates": 0}, {"reward": 1070, "eps": 0.2885, "len": 266, "time": 8745.76, "timesteps": 316376, "cpu_memory": 6.86, "cpu_percent": 23.3, "learning_rate": 0.00025, "loss_mean": 0.37, "n_updates": 0}, {"reward": 450, "eps": 0.288, "len": 120, "time": 8749.19, "timesteps": 316496, "cpu_memory": 6.86, "cpu_percent": 23.3, "learning_rate": 0.00025, "loss_mean": 0.36, "n_updates": 0}, {"reward": 700, "eps": 0.2877, "len": 200, "time": 8754.95, "timesteps": 316696, "cpu_memory": 6.86, "cpu_percent": 23.3, "learning_rate": 0.00025, "loss_mean": 0.37, "n_updates": 0}, {"reward": 940, "eps": 0.2871, "len": 279, "time": 8763.03, "timesteps": 316975, "cpu_memory": 6.86, "cpu_percent": 23.3, "learning_rate": 0.00025, "loss_mean": 0.38, "n_updates": 0}, {"reward": 500, "eps": 0.2867, "len": 125, "time": 8766.69, "timesteps": 317100, "cpu_memory": 6.86, "cpu_percent": 23.3, "learning_rate": 0.00025, "loss_mean": 0.37, "n_updates": 0}, {"reward": 1020, "eps": 0.2862, "len": 317, "time": 8775.82, "timesteps": 317417, "cpu_memory": 6.86, "cpu_percent": 23.3, "learning_rate": 0.00025, "loss_mean": 0.37, "n_updates": 0}, {"reward": 360, "eps": 0.2857, "len": 128, "time": 8779.56, "timesteps": 317545, "cpu_memory": 6.87, "cpu_percent": 23.3, "learning_rate": 0.00025, "loss_mean": 0.39, "n_updates": 0}, {"reward": 490, "eps": 0.2854, "len": 137, "time": 8783.55, "timesteps": 317682, "cpu_memory": 6.87, "cpu_percent": 23.3, "learning_rate": 0.00025, "loss_mean": 0.38, "n_updates": 0}, {"reward": 430, "eps": 0.2851, "len": 124, "time": 8787.05, "timesteps": 317806, "cpu_memory": 6.87, "cpu_percent": 23.3, "learning_rate": 0.00025, "loss_mean": 0.39, "n_updates": 0}, {"reward": 680, "eps": 0.2847, "len": 168, "time": 8792.11, "timesteps": 317974, "cpu_memory": 6.87, "cpu_percent": 23.3, "learning_rate": 0.00025, "loss_mean": 0.38, "n_updates": 0}, {"reward": 720, "eps": 0.2843, "len": 187, "time": 8797.57, "timesteps": 318161, "cpu_memory": 6.87, "cpu_percent": 23.3, "learning_rate": 0.00025, "loss_mean": 0.37, "n_updates": 0}, {"reward": 640, "eps": 0.284, "len": 159, "time": 8802.2, "timesteps": 318320, "cpu_memory": 6.87, "cpu_percent": 23.3, "learning_rate": 0.00025, "loss_mean": 0.37, "n_updates": 0}, {"reward": 1080, "eps": 0.2834, "len": 307, "time": 8811.06, "timesteps": 318627, "cpu_memory": 6.87, "cpu_percent": 23.3, "learning_rate": 0.00025, "loss_mean": 0.37, "n_updates": 0}, {"reward": 880, "eps": 0.2829, "len": 210, "time": 8817.14, "timesteps": 318837, "cpu_memory": 6.87, "cpu_percent": 23.3, "learning_rate": 0.00025, "loss_mean": 0.35, "n_updates": 0}, {"reward": 1030, "eps": 0.2823, "len": 265, "time": 8824.77, "timesteps": 319102, "cpu_memory": 6.88, "cpu_percent": 23.3, "learning_rate": 0.00025, "loss_mean": 0.37, "n_updates": 0}, {"reward": 520, "eps": 0.2818, "len": 174, "time": 8829.79, "timesteps": 319276, "cpu_memory": 6.88, "cpu_percent": 23.3, "learning_rate": 0.00025, "loss_mean": 0.41, "n_updates": 0}, {"reward": 720, "eps": 0.2814, "len": 210, "time": 8835.95, "timesteps": 319486, "cpu_memory": 6.88, "cpu_percent": 23.3, "learning_rate": 0.00025, "loss_mean": 0.37, "n_updates": 0}, {"reward": 450, "eps": 0.281, "len": 117, "time": 8839.33, "timesteps": 319603, "cpu_memory": 6.88, "cpu_percent": 23.3, "learning_rate": 0.00025, "loss_mean": 0.35, "n_updates": 0}, {"reward": 400, "eps": 0.2808, "len": 114, "time": 8842.6, "timesteps": 319717, "cpu_memory": 6.88, "cpu_percent": 23.3, "learning_rate": 0.00025, "loss_mean": 0.36, "n_updates": 0}]