[{"reward": 570, "eps": 0.4602, "len": 179, "time": 6548.48, "timesteps": 239995, "cpu_memory": 6.31, "cpu_percent": 21.5, "learning_rate": 0.00025, "loss_mean": 0.39, "n_updates": 0}, {"reward": 480, "eps": 0.4598, "len": 240154, "time": 6553.58, "timesteps": 240154, "cpu_memory": 6.31, "cpu_percent": 21.5, "learning_rate": 0.00025, "loss_mean": 0.41, "n_updates": 0}, {"reward": 590, "eps": 0.4595, "len": 150, "time": 6557.96, "timesteps": 240304, "cpu_memory": 6.31, "cpu_percent": 21.5, "learning_rate": 0.00025, "loss_mean": 0.41, "n_updates": 0}, {"reward": 920, "eps": 0.459, "len": 246, "time": 6564.89, "timesteps": 240550, "cpu_memory": 6.31, "cpu_percent": 21.5, "learning_rate": 0.00025, "loss_mean": 0.41, "n_updates": 0}, {"reward": 380, "eps": 0.4586, "len": 150, "time": 6569.1, "timesteps": 240700, "cpu_memory": 6.31, "cpu_percent": 21.5, "learning_rate": 0.00025, "loss_mean": 0.39, "n_updates": 0}, {"reward": 670, "eps": 0.4582, "len": 211, "time": 6574.88, "timesteps": 240911, "cpu_memory": 6.31, "cpu_percent": 21.5, "learning_rate": 0.00025, "loss_mean": 0.38, "n_updates": 0}, {"reward": 980, "eps": 0.4576, "len": 320, "time": 6583.84, "timesteps": 241231, "cpu_memory": 6.31, "cpu_percent": 21.5, "learning_rate": 0.00025, "loss_mean": 0.37, "n_updates": 0}, {"reward": 630, "eps": 0.457, "len": 171, "time": 6588.74, "timesteps": 241402, "cpu_memory": 6.32, "cpu_percent": 21.5, "learning_rate": 0.00025, "loss_mean": 0.38, "n_updates": 0}, {"reward": 910, "eps": 0.4566, "len": 251, "time": 6595.77, "timesteps": 241653, "cpu_memory": 6.32, "cpu_percent": 21.5, "learning_rate": 0.00025, "loss_mean": 0.37, "n_updates": 0}, {"reward": 540, "eps": 0.456, "len": 206, "time": 6601.39, "timesteps": 241859, "cpu_memory": 6.32, "cpu_percent": 21.5, "learning_rate": 0.00025, "loss_mean": 0.39, "n_updates": 0}, {"reward": 560, "eps": 0.4556, "len": 203, "time": 6607.07, "timesteps": 242062, "cpu_memory": 6.32, "cpu_percent": 21.6, "learning_rate": 0.00025, "loss_mean": 0.41, "n_updates": 0}, {"reward": 790, "eps": 0.4551, "len": 222, "time": 6613.33, "timesteps": 242284, "cpu_memory": 6.32, "cpu_percent": 21.5, "learning_rate": 0.00025, "loss_mean": 0.38, "n_updates": 0}, {"reward": 660, "eps": 0.4546, "len": 246, "time": 6620.27, "timesteps": 242530, "cpu_memory": 6.32, "cpu_percent": 21.5, "learning_rate": 0.00025, "loss_mean": 0.38, "n_updates": 0}, {"reward": 510, "eps": 0.4541, "len": 141, "time": 6624.21, "timesteps": 242671, "cpu_memory": 6.32, "cpu_percent": 21.5, "learning_rate": 0.00025, "loss_mean": 0.39, "n_updates": 0}, {"reward": 710, "eps": 0.4538, "len": 146, "time": 6628.36, "timesteps": 242817, "cpu_memory": 6.33, "cpu_percent": 21.5, "learning_rate": 0.00025, "loss_mean": 0.38, "n_updates": 0}, {"reward": 470, "eps": 0.4535, "len": 186, "time": 6633.54, "timesteps": 243003, "cpu_memory": 6.33, "cpu_percent": 21.5, "learning_rate": 0.00025, "loss_mean": 0.41, "n_updates": 0}, {"reward": 630, "eps": 0.4531, "len": 156, "time": 6637.89, "timesteps": 243159, "cpu_memory": 6.33, "cpu_percent": 21.5, "learning_rate": 0.00025, "loss_mean": 0.4, "n_updates": 0}, {"reward": 800, "eps": 0.4526, "len": 221, "time": 6644.27, "timesteps": 243380, "cpu_memory": 6.33, "cpu_percent": 21.5, "learning_rate": 0.00025, "loss_mean": 0.38, "n_updates": 0}, {"reward": 760, "eps": 0.4521, "len": 223, "time": 6650.53, "timesteps": 243603, "cpu_memory": 6.33, "cpu_percent": 21.5, "learning_rate": 0.00025, "loss_mean": 0.37, "n_updates": 0}, {"reward": 670, "eps": 0.4517, "len": 160, "time": 6655.03, "timesteps": 243763, "cpu_memory": 6.33, "cpu_percent": 21.6, "learning_rate": 0.00025, "loss_mean": 0.39, "n_updates": 0}, {"reward": 590, "eps": 0.4513, "len": 178, "time": 6659.97, "timesteps": 243941, "cpu_memory": 6.33, "cpu_percent": 21.6, "learning_rate": 0.00025, "loss_mean": 0.38, "n_updates": 0}, {"reward": 740, "eps": 0.4509, "len": 242, "time": 6666.81, "timesteps": 244183, "cpu_memory": 6.33, "cpu_percent": 21.6, "learning_rate": 0.00025, "loss_mean": 0.38, "n_updates": 0}, {"reward": 700, "eps": 0.4503, "len": 214, "time": 6672.98, "timesteps": 244397, "cpu_memory": 6.34, "cpu_percent": 21.6, "learning_rate": 0.00025, "loss_mean": 0.37, "n_updates": 0}, {"reward": 560, "eps": 0.4499, "len": 202, "time": 6678.57, "timesteps": 244599, "cpu_memory": 6.34, "cpu_percent": 21.6, "learning_rate": 0.00025, "loss_mean": 0.39, "n_updates": 0}, {"reward": 680, "eps": 0.4494, "len": 208, "time": 6684.4, "timesteps": 244807, "cpu_memory": 6.34, "cpu_percent": 21.6, "learning_rate": 0.00025, "loss_mean": 0.37, "n_updates": 0}, {"reward": 600, "eps": 0.449, "len": 140, "time": 6688.36, "timesteps": 244947, "cpu_memory": 6.34, "cpu_percent": 21.6, "learning_rate": 0.00025, "loss_mean": 0.37, "n_updates": 0}, {"reward": 690, "eps": 0.4487, "len": 162, "time": 6692.82, "timesteps": 245109, "cpu_memory": 6.34, "cpu_percent": 21.6, "learning_rate": 0.00025, "loss_mean": 0.4, "n_updates": 0}, {"reward": 600, "eps": 0.4483, "len": 203, "time": 6698.47, "timesteps": 245312, "cpu_memory": 6.34, "cpu_percent": 21.6, "learning_rate": 0.00025, "loss_mean": 0.38, "n_updates": 0}, {"reward": 700, "eps": 0.4478, "len": 187, "time": 6703.81, "timesteps": 245499, "cpu_memory": 6.34, "cpu_percent": 21.6, "learning_rate": 0.00025, "loss_mean": 0.35, "n_updates": 0}, {"reward": 600, "eps": 0.4475, "len": 144, "time": 6707.87, "timesteps": 245643, "cpu_memory": 6.35, "cpu_percent": 21.6, "learning_rate": 0.00025, "loss_mean": 0.39, "n_updates": 0}, {"reward": 670, "eps": 0.4471, "len": 190, "time": 6713.22, "timesteps": 245833, "cpu_memory": 6.35, "cpu_percent": 21.6, "learning_rate": 0.00025, "loss_mean": 0.36, "n_updates": 0}, {"reward": 750, "eps": 0.4466, "len": 231, "time": 6719.63, "timesteps": 246064, "cpu_memory": 6.35, "cpu_percent": 21.6, "learning_rate": 0.00025, "loss_mean": 0.36, "n_updates": 0}, {"reward": 730, "eps": 0.4461, "len": 222, "time": 6725.83, "timesteps": 246286, "cpu_memory": 6.35, "cpu_percent": 21.6, "learning_rate": 0.00025, "loss_mean": 0.37, "n_updates": 0}, {"reward": 610, "eps": 0.4457, "len": 181, "time": 6730.9, "timesteps": 246467, "cpu_memory": 6.35, "cpu_percent": 21.6, "learning_rate": 0.00025, "loss_mean": 0.38, "n_updates": 0}, {"reward": 610, "eps": 0.4453, "len": 155, "time": 6735.4, "timesteps": 246622, "cpu_memory": 6.35, "cpu_percent": 21.6, "learning_rate": 0.00025, "loss_mean": 0.37, "n_updates": 0}, {"reward": 690, "eps": 0.4448, "len": 223, "time": 6741.53, "timesteps": 246845, "cpu_memory": 6.35, "cpu_percent": 21.6, "learning_rate": 0.00025, "loss_mean": 0.37, "n_updates": 0}, {"reward": 550, "eps": 0.4444, "len": 153, "time": 6746.01, "timesteps": 246998, "cpu_memory": 6.35, "cpu_percent": 21.6, "learning_rate": 0.00025, "loss_mean": 0.4, "n_updates": 0}, {"reward": 810, "eps": 0.444, "len": 197, "time": 6751.56, "timesteps": 247195, "cpu_memory": 6.36, "cpu_percent": 21.6, "learning_rate": 0.00025, "loss_mean": 0.38, "n_updates": 0}, {"reward": 810, "eps": 0.4435, "len": 249, "time": 6758.47, "timesteps": 247444, "cpu_memory": 6.36, "cpu_percent": 21.6, "learning_rate": 0.00025, "loss_mean": 0.37, "n_updates": 0}, {"reward": 890, "eps": 0.443, "len": 227, "time": 6764.78, "timesteps": 247671, "cpu_memory": 6.36, "cpu_percent": 21.7, "learning_rate": 0.00025, "loss_mean": 0.4, "n_updates": 0}, {"reward": 570, "eps": 0.4426, "len": 160, "time": 6769.3, "timesteps": 247831, "cpu_memory": 6.36, "cpu_percent": 21.7, "learning_rate": 0.00025, "loss_mean": 0.4, "n_updates": 0}, {"reward": 590, "eps": 0.4422, "len": 184, "time": 6774.5, "timesteps": 248015, "cpu_memory": 6.36, "cpu_percent": 21.7, "learning_rate": 0.00025, "loss_mean": 0.39, "n_updates": 0}, {"reward": 810, "eps": 0.4418, "len": 191, "time": 6779.79, "timesteps": 248206, "cpu_memory": 6.36, "cpu_percent": 21.7, "learning_rate": 0.00025, "loss_mean": 0.39, "n_updates": 0}, {"reward": 620, "eps": 0.4413, "len": 193, "time": 6785.18, "timesteps": 248399, "cpu_memory": 6.36, "cpu_percent": 21.7, "learning_rate": 0.00025, "loss_mean": 0.39, "n_updates": 0}, {"reward": 880, "eps": 0.4409, "len": 199, "time": 6790.76, "timesteps": 248598, "cpu_memory": 6.37, "cpu_percent": 21.7, "learning_rate": 0.00025, "loss_mean": 0.38, "n_updates": 0}, {"reward": 660, "eps": 0.4405, "len": 159, "time": 6795.26, "timesteps": 248757, "cpu_memory": 6.37, "cpu_percent": 21.7, "learning_rate": 0.00025, "loss_mean": 0.36, "n_updates": 0}, {"reward": 1370, "eps": 0.4399, "len": 311, "time": 6804.0, "timesteps": 249068, "cpu_memory": 6.37, "cpu_percent": 21.7, "learning_rate": 0.00025, "loss_mean": 0.37, "n_updates": 0}, {"reward": 370, "eps": 0.4394, "len": 150, "time": 6808.28, "timesteps": 249218, "cpu_memory": 6.37, "cpu_percent": 21.7, "learning_rate": 0.00025, "loss_mean": 0.36, "n_updates": 0}, {"reward": 650, "eps": 0.4391, "len": 175, "time": 6813.17, "timesteps": 249393, "cpu_memory": 6.37, "cpu_percent": 21.7, "learning_rate": 0.00025, "loss_mean": 0.33, "n_updates": 0}, {"reward": 600, "eps": 0.4387, "len": 149, "time": 6817.34, "timesteps": 249542, "cpu_memory": 6.37, "cpu_percent": 21.7, "learning_rate": 0.00025, "loss_mean": 0.37, "n_updates": 0}, {"reward": 860, "eps": 0.4383, "len": 238, "time": 6823.96, "timesteps": 249780, "cpu_memory": 6.37, "cpu_percent": 21.6, "learning_rate": 0.00025, "loss_mean": 0.37, "n_updates": 0}]