[{"reward": 660, "eps": 0.9102, "len": 176, "time": 1047.18, "timesteps": 39997, "cpu_memory": 3.29, "cpu_percent": 11.7, "learning_rate": 0.00025, "loss_mean": 0.47, "n_updates": 0}, {"reward": 620, "eps": 0.9098, "len": 40172, "time": 1052.35, "timesteps": 40172, "cpu_memory": 3.31, "cpu_percent": 11.8, "learning_rate": 0.00025, "loss_mean": 0.49, "n_updates": 0}, {"reward": 360, "eps": 0.9095, "len": 143, "time": 1056.09, "timesteps": 40315, "cpu_memory": 3.31, "cpu_percent": 11.8, "learning_rate": 0.00025, "loss_mean": 0.45, "n_updates": 0}, {"reward": 500, "eps": 0.9091, "len": 181, "time": 1060.92, "timesteps": 40496, "cpu_memory": 3.31, "cpu_percent": 11.8, "learning_rate": 0.00025, "loss_mean": 0.48, "n_updates": 0}, {"reward": 920, "eps": 0.9086, "len": 244, "time": 1067.29, "timesteps": 40740, "cpu_memory": 3.32, "cpu_percent": 11.8, "learning_rate": 0.00025, "loss_mean": 0.41, "n_updates": 0}, {"reward": 290, "eps": 0.9082, "len": 137, "time": 1070.91, "timesteps": 40877, "cpu_memory": 3.32, "cpu_percent": 11.8, "learning_rate": 0.00025, "loss_mean": 0.44, "n_updates": 0}, {"reward": 470, "eps": 0.9078, "len": 163, "time": 1075.13, "timesteps": 41040, "cpu_memory": 3.33, "cpu_percent": 11.9, "learning_rate": 0.00025, "loss_mean": 0.43, "n_updates": 0}, {"reward": 440, "eps": 0.9075, "len": 116, "time": 1078.1, "timesteps": 41156, "cpu_memory": 3.33, "cpu_percent": 11.9, "learning_rate": 0.00025, "loss_mean": 0.42, "n_updates": 0}, {"reward": 210, "eps": 0.9073, "len": 127, "time": 1081.41, "timesteps": 41283, "cpu_memory": 3.33, "cpu_percent": 11.9, "learning_rate": 0.00025, "loss_mean": 0.45, "n_updates": 0}, {"reward": 330, "eps": 0.907, "len": 127, "time": 1084.67, "timesteps": 41410, "cpu_memory": 3.34, "cpu_percent": 11.9, "learning_rate": 0.00025, "loss_mean": 0.53, "n_updates": 0}, {"reward": 340, "eps": 0.9067, "len": 129, "time": 1088.01, "timesteps": 41539, "cpu_memory": 3.34, "cpu_percent": 11.9, "learning_rate": 0.00025, "loss_mean": 0.44, "n_updates": 0}, {"reward": 410, "eps": 0.9064, "len": 134, "time": 1091.58, "timesteps": 41673, "cpu_memory": 3.35, "cpu_percent": 11.9, "learning_rate": 0.00025, "loss_mean": 0.51, "n_updates": 0}, {"reward": 460, "eps": 0.906, "len": 185, "time": 1096.36, "timesteps": 41858, "cpu_memory": 3.35, "cpu_percent": 12.0, "learning_rate": 0.00025, "loss_mean": 0.47, "n_updates": 0}, {"reward": 440, "eps": 0.9057, "len": 140, "time": 1099.98, "timesteps": 41998, "cpu_memory": 3.36, "cpu_percent": 12.0, "learning_rate": 0.00025, "loss_mean": 0.48, "n_updates": 0}, {"reward": 450, "eps": 0.9053, "len": 158, "time": 1104.12, "timesteps": 42156, "cpu_memory": 3.36, "cpu_percent": 12.0, "learning_rate": 0.00025, "loss_mean": 0.42, "n_updates": 0}, {"reward": 450, "eps": 0.905, "len": 170, "time": 1108.53, "timesteps": 42326, "cpu_memory": 3.37, "cpu_percent": 12.0, "learning_rate": 0.00025, "loss_mean": 0.48, "n_updates": 0}, {"reward": 380, "eps": 0.9046, "len": 157, "time": 1112.66, "timesteps": 42483, "cpu_memory": 3.38, "cpu_percent": 12.0, "learning_rate": 0.00025, "loss_mean": 0.49, "n_updates": 0}, {"reward": 560, "eps": 0.9042, "len": 172, "time": 1117.18, "timesteps": 42655, "cpu_memory": 3.38, "cpu_percent": 12.0, "learning_rate": 0.00025, "loss_mean": 0.4, "n_updates": 0}, {"reward": 470, "eps": 0.9038, "len": 186, "time": 1122.13, "timesteps": 42841, "cpu_memory": 3.39, "cpu_percent": 12.1, "learning_rate": 0.00025, "loss_mean": 0.41, "n_updates": 0}, {"reward": 600, "eps": 0.9034, "len": 210, "time": 1127.59, "timesteps": 43051, "cpu_memory": 3.39, "cpu_percent": 12.1, "learning_rate": 0.00025, "loss_mean": 0.41, "n_updates": 0}, {"reward": 310, "eps": 0.903, "len": 160, "time": 1131.68, "timesteps": 43211, "cpu_memory": 3.4, "cpu_percent": 12.1, "learning_rate": 0.00025, "loss_mean": 0.54, "n_updates": 0}, {"reward": 370, "eps": 0.9026, "len": 167, "time": 1136.04, "timesteps": 43378, "cpu_memory": 3.41, "cpu_percent": 12.1, "learning_rate": 0.00025, "loss_mean": 0.4, "n_updates": 0}, {"reward": 680, "eps": 0.9022, "len": 192, "time": 1141.01, "timesteps": 43570, "cpu_memory": 3.41, "cpu_percent": 12.1, "learning_rate": 0.00025, "loss_mean": 0.43, "n_updates": 0}, {"reward": 260, "eps": 0.9018, "len": 112, "time": 1143.88, "timesteps": 43682, "cpu_memory": 3.42, "cpu_percent": 12.1, "learning_rate": 0.00025, "loss_mean": 0.47, "n_updates": 0}, {"reward": 430, "eps": 0.9015, "len": 166, "time": 1148.22, "timesteps": 43848, "cpu_memory": 3.42, "cpu_percent": 12.1, "learning_rate": 0.00025, "loss_mean": 0.45, "n_updates": 0}, {"reward": 570, "eps": 0.9012, "len": 157, "time": 1152.46, "timesteps": 44005, "cpu_memory": 3.43, "cpu_percent": 12.2, "learning_rate": 0.00025, "loss_mean": 0.45, "n_updates": 0}, {"reward": 870, "eps": 0.9007, "len": 235, "time": 1158.56, "timesteps": 44240, "cpu_memory": 3.43, "cpu_percent": 12.2, "learning_rate": 0.00025, "loss_mean": 0.4, "n_updates": 0}, {"reward": 360, "eps": 0.9003, "len": 155, "time": 1162.53, "timesteps": 44395, "cpu_memory": 3.44, "cpu_percent": 12.2, "learning_rate": 0.00025, "loss_mean": 0.39, "n_updates": 0}, {"reward": 730, "eps": 0.8999, "len": 198, "time": 1167.58, "timesteps": 44593, "cpu_memory": 3.45, "cpu_percent": 12.3, "learning_rate": 0.00025, "loss_mean": 0.41, "n_updates": 0}, {"reward": 640, "eps": 0.8994, "len": 192, "time": 1172.53, "timesteps": 44785, "cpu_memory": 3.45, "cpu_percent": 12.3, "learning_rate": 0.00025, "loss_mean": 0.32, "n_updates": 0}, {"reward": 290, "eps": 0.8991, "len": 140, "time": 1176.22, "timesteps": 44925, "cpu_memory": 3.46, "cpu_percent": 12.3, "learning_rate": 0.00025, "loss_mean": 0.32, "n_updates": 0}, {"reward": 610, "eps": 0.8987, "len": 192, "time": 1181.22, "timesteps": 45117, "cpu_memory": 3.46, "cpu_percent": 12.3, "learning_rate": 0.00025, "loss_mean": 0.36, "n_updates": 0}, {"reward": 460, "eps": 0.8983, "len": 179, "time": 1185.97, "timesteps": 45296, "cpu_memory": 3.47, "cpu_percent": 12.4, "learning_rate": 0.00025, "loss_mean": 0.34, "n_updates": 0}, {"reward": 640, "eps": 0.8979, "len": 185, "time": 1190.78, "timesteps": 45481, "cpu_memory": 3.48, "cpu_percent": 12.4, "learning_rate": 0.00025, "loss_mean": 0.41, "n_updates": 0}, {"reward": 410, "eps": 0.8975, "len": 146, "time": 1194.61, "timesteps": 45627, "cpu_memory": 3.48, "cpu_percent": 12.4, "learning_rate": 0.00025, "loss_mean": 0.35, "n_updates": 0}, {"reward": 520, "eps": 0.8971, "len": 193, "time": 1199.62, "timesteps": 45820, "cpu_memory": 3.49, "cpu_percent": 12.4, "learning_rate": 0.00025, "loss_mean": 0.4, "n_updates": 0}, {"reward": 360, "eps": 0.8968, "len": 135, "time": 1203.11, "timesteps": 45955, "cpu_memory": 3.49, "cpu_percent": 12.4, "learning_rate": 0.00025, "loss_mean": 0.32, "n_updates": 0}, {"reward": 560, "eps": 0.8963, "len": 244, "time": 1209.5, "timesteps": 46199, "cpu_memory": 3.5, "cpu_percent": 12.4, "learning_rate": 0.00025, "loss_mean": 0.42, "n_updates": 0}, {"reward": 530, "eps": 0.8958, "len": 220, "time": 1215.36, "timesteps": 46419, "cpu_memory": 3.51, "cpu_percent": 12.5, "learning_rate": 0.00025, "loss_mean": 0.39, "n_updates": 0}, {"reward": 290, "eps": 0.8954, "len": 165, "time": 1219.68, "timesteps": 46584, "cpu_memory": 3.51, "cpu_percent": 12.5, "learning_rate": 0.00025, "loss_mean": 0.42, "n_updates": 0}, {"reward": 540, "eps": 0.895, "len": 171, "time": 1224.08, "timesteps": 46755, "cpu_memory": 3.52, "cpu_percent": 12.5, "learning_rate": 0.00025, "loss_mean": 0.38, "n_updates": 0}, {"reward": 280, "eps": 0.8947, "len": 127, "time": 1227.36, "timesteps": 46882, "cpu_memory": 3.52, "cpu_percent": 12.5, "learning_rate": 0.00025, "loss_mean": 0.4, "n_updates": 0}, {"reward": 410, "eps": 0.8943, "len": 150, "time": 1231.25, "timesteps": 47032, "cpu_memory": 3.53, "cpu_percent": 12.5, "learning_rate": 0.00025, "loss_mean": 0.33, "n_updates": 0}, {"reward": 870, "eps": 0.8939, "len": 252, "time": 1237.86, "timesteps": 47284, "cpu_memory": 3.54, "cpu_percent": 12.6, "learning_rate": 0.00025, "loss_mean": 0.32, "n_updates": 0}, {"reward": 630, "eps": 0.8934, "len": 210, "time": 1243.3, "timesteps": 47494, "cpu_memory": 3.54, "cpu_percent": 12.6, "learning_rate": 0.00025, "loss_mean": 0.3, "n_updates": 0}, {"reward": 320, "eps": 0.8929, "len": 208, "time": 1248.76, "timesteps": 47702, "cpu_memory": 3.55, "cpu_percent": 12.6, "learning_rate": 0.00025, "loss_mean": 0.49, "n_updates": 0}, {"reward": 450, "eps": 0.8925, "len": 146, "time": 1252.54, "timesteps": 47848, "cpu_memory": 3.55, "cpu_percent": 12.6, "learning_rate": 0.00025, "loss_mean": 0.83, "n_updates": 0}, {"reward": 430, "eps": 0.8922, "len": 135, "time": 1256.06, "timesteps": 47983, "cpu_memory": 3.56, "cpu_percent": 12.6, "learning_rate": 0.00025, "loss_mean": 0.66, "n_updates": 0}, {"reward": 430, "eps": 0.8919, "len": 158, "time": 1260.2, "timesteps": 48141, "cpu_memory": 3.57, "cpu_percent": 12.6, "learning_rate": 0.00025, "loss_mean": 0.63, "n_updates": 0}, {"reward": 680, "eps": 0.8914, "len": 232, "time": 1266.31, "timesteps": 48373, "cpu_memory": 3.57, "cpu_percent": 12.6, "learning_rate": 0.00025, "loss_mean": 0.68, "n_updates": 0}, {"reward": 310, "eps": 0.891, "len": 119, "time": 1269.4, "timesteps": 48492, "cpu_memory": 3.58, "cpu_percent": 12.7, "learning_rate": 0.00025, "loss_mean": 0.72, "n_updates": 0}, {"reward": 410, "eps": 0.8907, "len": 149, "time": 1273.29, "timesteps": 48641, "cpu_memory": 3.58, "cpu_percent": 12.7, "learning_rate": 0.00025, "loss_mean": 0.67, "n_updates": 0}, {"reward": 450, "eps": 0.8904, "len": 179, "time": 1278.14, "timesteps": 48820, "cpu_memory": 3.59, "cpu_percent": 12.7, "learning_rate": 0.00025, "loss_mean": 0.51, "n_updates": 0}, {"reward": 680, "eps": 0.89, "len": 172, "time": 1282.72, "timesteps": 48992, "cpu_memory": 3.59, "cpu_percent": 12.7, "learning_rate": 0.00025, "loss_mean": 0.62, "n_updates": 0}, {"reward": 740, "eps": 0.8895, "len": 252, "time": 1289.3, "timesteps": 49244, "cpu_memory": 3.6, "cpu_percent": 12.8, "learning_rate": 0.00025, "loss_mean": 0.95, "n_updates": 0}, {"reward": 330, "eps": 0.889, "len": 141, "time": 1293.03, "timesteps": 49385, "cpu_memory": 3.61, "cpu_percent": 12.8, "learning_rate": 0.00025, "loss_mean": 1.38, "n_updates": 0}]