[{"reward": 1450, "eps": 0.1, "len": 311, "time": 27465.18, "timesteps": 939496, "cpu_memory": 11.7, "cpu_percent": 38.8, "learning_rate": 0.00025, "loss_mean": 0.21, "n_updates": 0}, {"reward": 810, "eps": 0.1, "len": 188, "time": 27470.6, "timesteps": 939684, "cpu_memory": 11.7, "cpu_percent": 38.8, "learning_rate": 0.00025, "loss_mean": 0.22, "n_updates": 0}, {"reward": 790, "eps": 0.1, "len": 219, "time": 27477.17, "timesteps": 939903, "cpu_memory": 11.7, "cpu_percent": 38.8, "learning_rate": 0.00025, "loss_mean": 0.2, "n_updates": 0}, {"reward": 970, "eps": 0.1, "len": 224, "time": 27484.42, "timesteps": 940127, "cpu_memory": 11.7, "cpu_percent": 38.8, "learning_rate": 0.00025, "loss_mean": 0.21, "n_updates": 0}, {"reward": 900, "eps": 0.1, "len": 254, "time": 27491.72, "timesteps": 940381, "cpu_memory": 11.71, "cpu_percent": 38.8, "learning_rate": 0.00025, "loss_mean": 0.21, "n_updates": 0}, {"reward": 520, "eps": 0.1, "len": 168, "time": 27496.65, "timesteps": 940549, "cpu_memory": 11.71, "cpu_percent": 38.8, "learning_rate": 0.00025, "loss_mean": 0.21, "n_updates": 0}, {"reward": 1110, "eps": 0.1, "len": 292, "time": 27505.01, "timesteps": 940841, "cpu_memory": 11.71, "cpu_percent": 38.8, "learning_rate": 0.00025, "loss_mean": 0.22, "n_updates": 0}, {"reward": 1370, "eps": 0.1, "len": 300, "time": 27513.93, "timesteps": 941141, "cpu_memory": 11.71, "cpu_percent": 38.8, "learning_rate": 0.00025, "loss_mean": 0.21, "n_updates": 0}, {"reward": 1130, "eps": 0.1, "len": 242, "time": 27520.99, "timesteps": 941383, "cpu_memory": 11.71, "cpu_percent": 38.8, "learning_rate": 0.00025, "loss_mean": 0.21, "n_updates": 0}, {"reward": 1520, "eps": 0.1, "len": 319, "time": 27530.26, "timesteps": 941702, "cpu_memory": 11.72, "cpu_percent": 38.8, "learning_rate": 0.00025, "loss_mean": 0.21, "n_updates": 0}, {"reward": 1410, "eps": 0.1, "len": 393, "time": 27541.77, "timesteps": 942095, "cpu_memory": 11.72, "cpu_percent": 38.8, "learning_rate": 0.00025, "loss_mean": 0.21, "n_updates": 0}, {"reward": 790, "eps": 0.1, "len": 226, "time": 27548.31, "timesteps": 942321, "cpu_memory": 11.72, "cpu_percent": 38.9, "learning_rate": 0.00025, "loss_mean": 0.2, "n_updates": 0}, {"reward": 1370, "eps": 0.1, "len": 311, "time": 27557.32, "timesteps": 942632, "cpu_memory": 11.72, "cpu_percent": 38.9, "learning_rate": 0.00025, "loss_mean": 0.19, "n_updates": 0}, {"reward": 800, "eps": 0.1, "len": 209, "time": 27563.35, "timesteps": 942841, "cpu_memory": 11.72, "cpu_percent": 38.9, "learning_rate": 0.00025, "loss_mean": 0.2, "n_updates": 0}, {"reward": 930, "eps": 0.1, "len": 220, "time": 27569.89, "timesteps": 943061, "cpu_memory": 11.73, "cpu_percent": 38.9, "learning_rate": 0.00025, "loss_mean": 0.2, "n_updates": 0}, {"reward": 930, "eps": 0.1, "len": 204, "time": 27575.91, "timesteps": 943265, "cpu_memory": 11.73, "cpu_percent": 38.9, "learning_rate": 0.00025, "loss_mean": 0.21, "n_updates": 0}, {"reward": 1430, "eps": 0.1, "len": 295, "time": 27584.43, "timesteps": 943560, "cpu_memory": 11.73, "cpu_percent": 38.9, "learning_rate": 0.00025, "loss_mean": 0.21, "n_updates": 0}, {"reward": 770, "eps": 0.1, "len": 255, "time": 27592.02, "timesteps": 943815, "cpu_memory": 11.73, "cpu_percent": 38.9, "learning_rate": 0.00025, "loss_mean": 0.22, "n_updates": 0}, {"reward": 1060, "eps": 0.1, "len": 280, "time": 27600.1, "timesteps": 944095, "cpu_memory": 11.73, "cpu_percent": 38.9, "learning_rate": 0.00025, "loss_mean": 0.22, "n_updates": 0}, {"reward": 620, "eps": 0.1, "len": 217, "time": 27606.6, "timesteps": 944312, "cpu_memory": 11.74, "cpu_percent": 38.9, "learning_rate": 0.00025, "loss_mean": 0.2, "n_updates": 0}, {"reward": 710, "eps": 0.1, "len": 187, "time": 27612.1, "timesteps": 944499, "cpu_memory": 11.74, "cpu_percent": 38.9, "learning_rate": 0.00025, "loss_mean": 0.19, "n_updates": 0}, {"reward": 620, "eps": 0.1, "len": 180, "time": 27617.38, "timesteps": 944679, "cpu_memory": 11.74, "cpu_percent": 39.0, "learning_rate": 0.00025, "loss_mean": 0.2, "n_updates": 0}, {"reward": 720, "eps": 0.1, "len": 175, "time": 27622.52, "timesteps": 944854, "cpu_memory": 11.74, "cpu_percent": 39.0, "learning_rate": 0.00025, "loss_mean": 0.21, "n_updates": 0}, {"reward": 1040, "eps": 0.1, "len": 237, "time": 27629.35, "timesteps": 945091, "cpu_memory": 11.74, "cpu_percent": 39.0, "learning_rate": 0.00025, "loss_mean": 0.21, "n_updates": 0}, {"reward": 1280, "eps": 0.1, "len": 273, "time": 27637.47, "timesteps": 945364, "cpu_memory": 11.74, "cpu_percent": 39.0, "learning_rate": 0.00025, "loss_mean": 0.21, "n_updates": 0}, {"reward": 990, "eps": 0.1, "len": 317, "time": 27646.6, "timesteps": 945681, "cpu_memory": 11.75, "cpu_percent": 39.0, "learning_rate": 0.00025, "loss_mean": 0.21, "n_updates": 0}, {"reward": 550, "eps": 0.1, "len": 164, "time": 27651.38, "timesteps": 945845, "cpu_memory": 11.75, "cpu_percent": 39.0, "learning_rate": 0.00025, "loss_mean": 0.22, "n_updates": 0}, {"reward": 870, "eps": 0.1, "len": 210, "time": 27657.65, "timesteps": 946055, "cpu_memory": 11.75, "cpu_percent": 39.0, "learning_rate": 0.00025, "loss_mean": 0.2, "n_updates": 0}, {"reward": 720, "eps": 0.1, "len": 159, "time": 27662.43, "timesteps": 946214, "cpu_memory": 11.75, "cpu_percent": 39.0, "learning_rate": 0.00025, "loss_mean": 0.21, "n_updates": 0}, {"reward": 900, "eps": 0.1, "len": 270, "time": 27670.58, "timesteps": 946484, "cpu_memory": 11.75, "cpu_percent": 39.0, "learning_rate": 0.00025, "loss_mean": 0.22, "n_updates": 0}, {"reward": 890, "eps": 0.1, "len": 243, "time": 27677.63, "timesteps": 946727, "cpu_memory": 11.76, "cpu_percent": 39.0, "learning_rate": 0.00025, "loss_mean": 0.2, "n_updates": 0}, {"reward": 810, "eps": 0.1, "len": 178, "time": 27682.71, "timesteps": 946905, "cpu_memory": 11.76, "cpu_percent": 39.0, "learning_rate": 0.00025, "loss_mean": 0.21, "n_updates": 0}, {"reward": 940, "eps": 0.1, "len": 274, "time": 27690.7, "timesteps": 947179, "cpu_memory": 11.76, "cpu_percent": 39.0, "learning_rate": 0.00025, "loss_mean": 0.21, "n_updates": 0}, {"reward": 1010, "eps": 0.1, "len": 259, "time": 27698.43, "timesteps": 947438, "cpu_memory": 11.76, "cpu_percent": 39.0, "learning_rate": 0.00025, "loss_mean": 0.21, "n_updates": 0}, {"reward": 550, "eps": 0.1, "len": 155, "time": 27702.89, "timesteps": 947593, "cpu_memory": 11.76, "cpu_percent": 39.0, "learning_rate": 0.00025, "loss_mean": 0.2, "n_updates": 0}, {"reward": 670, "eps": 0.1, "len": 203, "time": 27708.83, "timesteps": 947796, "cpu_memory": 11.76, "cpu_percent": 39.0, "learning_rate": 0.00025, "loss_mean": 0.2, "n_updates": 0}, {"reward": 1230, "eps": 0.1, "len": 305, "time": 27717.66, "timesteps": 948101, "cpu_memory": 11.77, "cpu_percent": 39.0, "learning_rate": 0.00025, "loss_mean": 0.21, "n_updates": 0}, {"reward": 430, "eps": 0.1, "len": 130, "time": 27721.48, "timesteps": 948231, "cpu_memory": 11.77, "cpu_percent": 39.0, "learning_rate": 0.00025, "loss_mean": 0.19, "n_updates": 0}, {"reward": 590, "eps": 0.1, "len": 128, "time": 27725.4, "timesteps": 948359, "cpu_memory": 11.77, "cpu_percent": 39.0, "learning_rate": 0.00025, "loss_mean": 0.21, "n_updates": 0}, {"reward": 1220, "eps": 0.1, "len": 231, "time": 27732.16, "timesteps": 948590, "cpu_memory": 11.77, "cpu_percent": 39.1, "learning_rate": 0.00025, "loss_mean": 0.21, "n_updates": 0}, {"reward": 1370, "eps": 0.1, "len": 300, "time": 27740.78, "timesteps": 948890, "cpu_memory": 11.77, "cpu_percent": 39.1, "learning_rate": 0.00025, "loss_mean": 0.2, "n_updates": 0}, {"reward": 1180, "eps": 0.1, "len": 374, "time": 27751.67, "timesteps": 949264, "cpu_memory": 11.77, "cpu_percent": 39.1, "learning_rate": 0.00025, "loss_mean": 0.21, "n_updates": 0}, {"reward": 910, "eps": 0.1, "len": 171, "time": 27756.84, "timesteps": 949435, "cpu_memory": 11.78, "cpu_percent": 39.1, "learning_rate": 0.00025, "loss_mean": 0.2, "n_updates": 0}, {"reward": 880, "eps": 0.1, "len": 309, "time": 27765.83, "timesteps": 949744, "cpu_memory": 11.78, "cpu_percent": 39.1, "learning_rate": 0.00025, "loss_mean": 0.2, "n_updates": 0}]