[{"reward": 740, "eps": 0.1, "len": 199, "time": 16022.98, "timesteps": 549310, "cpu_memory": 8.66, "cpu_percent": 29.0, "learning_rate": 0.00025, "loss_mean": 0.26, "n_updates": 0}, {"reward": 870, "eps": 0.1, "len": 223, "time": 16029.62, "timesteps": 549533, "cpu_memory": 8.66, "cpu_percent": 29.0, "learning_rate": 0.00025, "loss_mean": 0.28, "n_updates": 0}, {"reward": 1320, "eps": 0.1, "len": 299, "time": 16038.29, "timesteps": 549832, "cpu_memory": 8.66, "cpu_percent": 29.0, "learning_rate": 0.00025, "loss_mean": 0.27, "n_updates": 0}, {"reward": 740, "eps": 0.1, "len": 205, "time": 16045.01, "timesteps": 550037, "cpu_memory": 8.66, "cpu_percent": 29.0, "learning_rate": 0.00025, "loss_mean": 0.27, "n_updates": 0}, {"reward": 1040, "eps": 0.1, "len": 278, "time": 16053.08, "timesteps": 550315, "cpu_memory": 8.67, "cpu_percent": 29.0, "learning_rate": 0.00025, "loss_mean": 0.28, "n_updates": 0}, {"reward": 510, "eps": 0.1, "len": 168, "time": 16058.01, "timesteps": 550483, "cpu_memory": 8.67, "cpu_percent": 29.0, "learning_rate": 0.00025, "loss_mean": 0.28, "n_updates": 0}, {"reward": 1020, "eps": 0.1, "len": 260, "time": 16065.74, "timesteps": 550743, "cpu_memory": 8.67, "cpu_percent": 29.0, "learning_rate": 0.00025, "loss_mean": 0.29, "n_updates": 0}, {"reward": 920, "eps": 0.1, "len": 211, "time": 16072.01, "timesteps": 550954, "cpu_memory": 8.67, "cpu_percent": 29.0, "learning_rate": 0.00025, "loss_mean": 0.28, "n_updates": 0}, {"reward": 990, "eps": 0.1, "len": 265, "time": 16079.77, "timesteps": 551219, "cpu_memory": 8.67, "cpu_percent": 29.1, "learning_rate": 0.00025, "loss_mean": 0.29, "n_updates": 0}, {"reward": 940, "eps": 0.1, "len": 197, "time": 16085.49, "timesteps": 551416, "cpu_memory": 8.68, "cpu_percent": 29.1, "learning_rate": 0.00025, "loss_mean": 0.27, "n_updates": 0}, {"reward": 1240, "eps": 0.1, "len": 274, "time": 16093.53, "timesteps": 551690, "cpu_memory": 8.68, "cpu_percent": 29.1, "learning_rate": 0.00025, "loss_mean": 0.27, "n_updates": 0}, {"reward": 1060, "eps": 0.1, "len": 236, "time": 16100.34, "timesteps": 551926, "cpu_memory": 8.68, "cpu_percent": 29.1, "learning_rate": 0.00025, "loss_mean": 0.28, "n_updates": 0}, {"reward": 790, "eps": 0.1, "len": 236, "time": 16107.27, "timesteps": 552162, "cpu_memory": 8.68, "cpu_percent": 29.1, "learning_rate": 0.00025, "loss_mean": 0.29, "n_updates": 0}, {"reward": 660, "eps": 0.1, "len": 186, "time": 16112.79, "timesteps": 552348, "cpu_memory": 8.68, "cpu_percent": 29.1, "learning_rate": 0.00025, "loss_mean": 0.27, "n_updates": 0}, {"reward": 980, "eps": 0.1, "len": 194, "time": 16118.39, "timesteps": 552542, "cpu_memory": 8.68, "cpu_percent": 29.1, "learning_rate": 0.00025, "loss_mean": 0.27, "n_updates": 0}, {"reward": 590, "eps": 0.1, "len": 147, "time": 16122.77, "timesteps": 552689, "cpu_memory": 8.69, "cpu_percent": 29.1, "learning_rate": 0.00025, "loss_mean": 0.28, "n_updates": 0}, {"reward": 1110, "eps": 0.1, "len": 207, "time": 16128.88, "timesteps": 552896, "cpu_memory": 8.69, "cpu_percent": 29.1, "learning_rate": 0.00025, "loss_mean": 0.26, "n_updates": 0}, {"reward": 800, "eps": 0.1, "len": 210, "time": 16134.94, "timesteps": 553106, "cpu_memory": 8.69, "cpu_percent": 29.1, "learning_rate": 0.00025, "loss_mean": 0.26, "n_updates": 0}, {"reward": 1200, "eps": 0.1, "len": 242, "time": 16142.1, "timesteps": 553348, "cpu_memory": 8.69, "cpu_percent": 29.1, "learning_rate": 0.00025, "loss_mean": 0.28, "n_updates": 0}, {"reward": 940, "eps": 0.1, "len": 196, "time": 16147.85, "timesteps": 553544, "cpu_memory": 8.69, "cpu_percent": 29.1, "learning_rate": 0.00025, "loss_mean": 0.28, "n_updates": 0}, {"reward": 1310, "eps": 0.1, "len": 257, "time": 16155.59, "timesteps": 553801, "cpu_memory": 8.69, "cpu_percent": 29.1, "learning_rate": 0.00025, "loss_mean": 0.28, "n_updates": 0}, {"reward": 830, "eps": 0.1, "len": 211, "time": 16161.73, "timesteps": 554012, "cpu_memory": 8.7, "cpu_percent": 29.1, "learning_rate": 0.00025, "loss_mean": 0.27, "n_updates": 0}, {"reward": 1100, "eps": 0.1, "len": 276, "time": 16169.86, "timesteps": 554288, "cpu_memory": 8.7, "cpu_percent": 29.2, "learning_rate": 0.00025, "loss_mean": 0.27, "n_updates": 0}, {"reward": 920, "eps": 0.1, "len": 215, "time": 16176.16, "timesteps": 554503, "cpu_memory": 8.7, "cpu_percent": 29.2, "learning_rate": 0.00025, "loss_mean": 0.28, "n_updates": 0}, {"reward": 1080, "eps": 0.1, "len": 216, "time": 16182.62, "timesteps": 554719, "cpu_memory": 8.7, "cpu_percent": 29.2, "learning_rate": 0.00025, "loss_mean": 0.27, "n_updates": 0}, {"reward": 1450, "eps": 0.1, "len": 305, "time": 16191.56, "timesteps": 555024, "cpu_memory": 8.7, "cpu_percent": 29.2, "learning_rate": 0.00025, "loss_mean": 0.27, "n_updates": 0}, {"reward": 850, "eps": 0.1, "len": 243, "time": 16198.68, "timesteps": 555267, "cpu_memory": 8.71, "cpu_percent": 29.2, "learning_rate": 0.00025, "loss_mean": 0.28, "n_updates": 0}, {"reward": 790, "eps": 0.1, "len": 223, "time": 16205.21, "timesteps": 555490, "cpu_memory": 8.71, "cpu_percent": 29.2, "learning_rate": 0.00025, "loss_mean": 0.27, "n_updates": 0}, {"reward": 1180, "eps": 0.1, "len": 306, "time": 16214.11, "timesteps": 555796, "cpu_memory": 8.71, "cpu_percent": 29.2, "learning_rate": 0.00025, "loss_mean": 0.28, "n_updates": 0}, {"reward": 910, "eps": 0.1, "len": 225, "time": 16220.75, "timesteps": 556021, "cpu_memory": 8.71, "cpu_percent": 29.2, "learning_rate": 0.00025, "loss_mean": 0.28, "n_updates": 0}, {"reward": 800, "eps": 0.1, "len": 213, "time": 16226.92, "timesteps": 556234, "cpu_memory": 8.71, "cpu_percent": 29.2, "learning_rate": 0.00025, "loss_mean": 0.27, "n_updates": 0}, {"reward": 1110, "eps": 0.1, "len": 263, "time": 16234.82, "timesteps": 556497, "cpu_memory": 8.72, "cpu_percent": 29.2, "learning_rate": 0.00025, "loss_mean": 0.27, "n_updates": 0}, {"reward": 860, "eps": 0.1, "len": 218, "time": 16241.12, "timesteps": 556715, "cpu_memory": 8.72, "cpu_percent": 29.2, "learning_rate": 0.00025, "loss_mean": 0.28, "n_updates": 0}, {"reward": 920, "eps": 0.1, "len": 195, "time": 16246.92, "timesteps": 556910, "cpu_memory": 8.72, "cpu_percent": 29.2, "learning_rate": 0.00025, "loss_mean": 0.27, "n_updates": 0}, {"reward": 1240, "eps": 0.1, "len": 285, "time": 16255.29, "timesteps": 557195, "cpu_memory": 8.72, "cpu_percent": 29.3, "learning_rate": 0.00025, "loss_mean": 0.28, "n_updates": 0}, {"reward": 890, "eps": 0.1, "len": 202, "time": 16261.26, "timesteps": 557397, "cpu_memory": 8.72, "cpu_percent": 29.3, "learning_rate": 0.00025, "loss_mean": 0.27, "n_updates": 0}, {"reward": 780, "eps": 0.1, "len": 203, "time": 16267.43, "timesteps": 557600, "cpu_memory": 8.72, "cpu_percent": 29.3, "learning_rate": 0.00025, "loss_mean": 0.29, "n_updates": 0}, {"reward": 760, "eps": 0.1, "len": 187, "time": 16272.88, "timesteps": 557787, "cpu_memory": 8.73, "cpu_percent": 29.3, "learning_rate": 0.00025, "loss_mean": 0.27, "n_updates": 0}, {"reward": 830, "eps": 0.1, "len": 225, "time": 16279.49, "timesteps": 558012, "cpu_memory": 8.73, "cpu_percent": 29.3, "learning_rate": 0.00025, "loss_mean": 0.28, "n_updates": 0}, {"reward": 880, "eps": 0.1, "len": 208, "time": 16285.53, "timesteps": 558220, "cpu_memory": 8.73, "cpu_percent": 29.3, "learning_rate": 0.00025, "loss_mean": 0.26, "n_updates": 0}, {"reward": 990, "eps": 0.1, "len": 221, "time": 16291.95, "timesteps": 558441, "cpu_memory": 8.73, "cpu_percent": 29.3, "learning_rate": 0.00025, "loss_mean": 0.28, "n_updates": 0}, {"reward": 1070, "eps": 0.1, "len": 228, "time": 16298.78, "timesteps": 558669, "cpu_memory": 8.73, "cpu_percent": 29.3, "learning_rate": 0.00025, "loss_mean": 0.27, "n_updates": 0}, {"reward": 950, "eps": 0.1, "len": 186, "time": 16304.28, "timesteps": 558855, "cpu_memory": 8.73, "cpu_percent": 29.3, "learning_rate": 0.00025, "loss_mean": 0.27, "n_updates": 0}, {"reward": 1200, "eps": 0.1, "len": 246, "time": 16311.57, "timesteps": 559101, "cpu_memory": 8.74, "cpu_percent": 29.3, "learning_rate": 0.00025, "loss_mean": 0.28, "n_updates": 0}, {"reward": 480, "eps": 0.1, "len": 162, "time": 16316.26, "timesteps": 559263, "cpu_memory": 8.74, "cpu_percent": 29.3, "learning_rate": 0.00025, "loss_mean": 0.26, "n_updates": 0}, {"reward": 1070, "eps": 0.1, "len": 261, "time": 16323.77, "timesteps": 559524, "cpu_memory": 8.74, "cpu_percent": 29.3, "learning_rate": 0.00025, "loss_mean": 0.25, "n_updates": 0}, {"reward": 880, "eps": 0.1, "len": 212, "time": 16330.13, "timesteps": 559736, "cpu_memory": 8.74, "cpu_percent": 29.4, "learning_rate": 0.00025, "loss_mean": 0.27, "n_updates": 0}]