[{"reward": 980, "eps": 0.1, "len": 314, "time": 23656.27, "timesteps": 809404, "cpu_memory": 10.68, "cpu_percent": 35.5, "learning_rate": 0.00025, "loss_mean": 0.21, "n_updates": 0}, {"reward": 1050, "eps": 0.1, "len": 214, "time": 23662.51, "timesteps": 809618, "cpu_memory": 10.68, "cpu_percent": 35.5, "learning_rate": 0.00025, "loss_mean": 0.2, "n_updates": 0}, {"reward": 1060, "eps": 0.1, "len": 235, "time": 23669.28, "timesteps": 809853, "cpu_memory": 10.69, "cpu_percent": 35.6, "learning_rate": 0.00025, "loss_mean": 0.19, "n_updates": 0}, {"reward": 950, "eps": 0.1, "len": 215, "time": 23676.07, "timesteps": 810068, "cpu_memory": 10.69, "cpu_percent": 35.5, "learning_rate": 0.00025, "loss_mean": 0.2, "n_updates": 0}, {"reward": 510, "eps": 0.1, "len": 162, "time": 23680.82, "timesteps": 810230, "cpu_memory": 10.69, "cpu_percent": 35.5, "learning_rate": 0.00025, "loss_mean": 0.21, "n_updates": 0}, {"reward": 1070, "eps": 0.1, "len": 240, "time": 23687.87, "timesteps": 810470, "cpu_memory": 10.69, "cpu_percent": 35.5, "learning_rate": 0.00025, "loss_mean": 0.2, "n_updates": 0}, {"reward": 830, "eps": 0.1, "len": 235, "time": 23694.93, "timesteps": 810705, "cpu_memory": 10.69, "cpu_percent": 35.5, "learning_rate": 0.00025, "loss_mean": 0.18, "n_updates": 0}, {"reward": 980, "eps": 0.1, "len": 229, "time": 23701.54, "timesteps": 810934, "cpu_memory": 10.69, "cpu_percent": 35.5, "learning_rate": 0.00025, "loss_mean": 0.2, "n_updates": 0}, {"reward": 700, "eps": 0.1, "len": 145, "time": 23705.78, "timesteps": 811079, "cpu_memory": 10.7, "cpu_percent": 35.5, "learning_rate": 0.00025, "loss_mean": 0.19, "n_updates": 0}, {"reward": 1010, "eps": 0.1, "len": 281, "time": 23713.85, "timesteps": 811360, "cpu_memory": 10.7, "cpu_percent": 35.6, "learning_rate": 0.00025, "loss_mean": 0.2, "n_updates": 0}, {"reward": 680, "eps": 0.1, "len": 211, "time": 23720.09, "timesteps": 811571, "cpu_memory": 10.7, "cpu_percent": 35.6, "learning_rate": 0.00025, "loss_mean": 0.19, "n_updates": 0}, {"reward": 1200, "eps": 0.1, "len": 264, "time": 23727.81, "timesteps": 811835, "cpu_memory": 10.7, "cpu_percent": 35.6, "learning_rate": 0.00025, "loss_mean": 0.19, "n_updates": 0}, {"reward": 640, "eps": 0.1, "len": 144, "time": 23731.93, "timesteps": 811979, "cpu_memory": 10.7, "cpu_percent": 35.6, "learning_rate": 0.00025, "loss_mean": 0.2, "n_updates": 0}, {"reward": 1190, "eps": 0.1, "len": 230, "time": 23738.57, "timesteps": 812209, "cpu_memory": 10.7, "cpu_percent": 35.6, "learning_rate": 0.00025, "loss_mean": 0.2, "n_updates": 0}, {"reward": 1410, "eps": 0.1, "len": 289, "time": 23746.96, "timesteps": 812498, "cpu_memory": 10.71, "cpu_percent": 35.6, "learning_rate": 0.00025, "loss_mean": 0.2, "n_updates": 0}, {"reward": 790, "eps": 0.1, "len": 293, "time": 23755.68, "timesteps": 812791, "cpu_memory": 10.71, "cpu_percent": 35.6, "learning_rate": 0.00025, "loss_mean": 0.19, "n_updates": 0}, {"reward": 1420, "eps": 0.1, "len": 285, "time": 23764.06, "timesteps": 813076, "cpu_memory": 10.71, "cpu_percent": 35.6, "learning_rate": 0.00025, "loss_mean": 0.2, "n_updates": 0}, {"reward": 670, "eps": 0.1, "len": 163, "time": 23768.71, "timesteps": 813239, "cpu_memory": 10.71, "cpu_percent": 35.6, "learning_rate": 0.00025, "loss_mean": 0.21, "n_updates": 0}, {"reward": 1070, "eps": 0.1, "len": 283, "time": 23776.95, "timesteps": 813522, "cpu_memory": 10.72, "cpu_percent": 35.6, "learning_rate": 0.00025, "loss_mean": 0.2, "n_updates": 0}, {"reward": 1130, "eps": 0.1, "len": 264, "time": 23784.86, "timesteps": 813786, "cpu_memory": 10.72, "cpu_percent": 35.7, "learning_rate": 0.00025, "loss_mean": 0.19, "n_updates": 0}, {"reward": 710, "eps": 0.1, "len": 156, "time": 23789.38, "timesteps": 813942, "cpu_memory": 10.72, "cpu_percent": 35.7, "learning_rate": 0.00025, "loss_mean": 0.19, "n_updates": 0}, {"reward": 970, "eps": 0.1, "len": 243, "time": 23796.39, "timesteps": 814185, "cpu_memory": 10.72, "cpu_percent": 35.7, "learning_rate": 0.00025, "loss_mean": 0.2, "n_updates": 0}, {"reward": 810, "eps": 0.1, "len": 184, "time": 23801.71, "timesteps": 814369, "cpu_memory": 10.72, "cpu_percent": 35.7, "learning_rate": 0.00025, "loss_mean": 0.19, "n_updates": 0}, {"reward": 710, "eps": 0.1, "len": 209, "time": 23807.78, "timesteps": 814578, "cpu_memory": 10.72, "cpu_percent": 35.7, "learning_rate": 0.00025, "loss_mean": 0.2, "n_updates": 0}, {"reward": 670, "eps": 0.1, "len": 172, "time": 23812.89, "timesteps": 814750, "cpu_memory": 10.72, "cpu_percent": 35.7, "learning_rate": 0.00025, "loss_mean": 0.2, "n_updates": 0}, {"reward": 920, "eps": 0.1, "len": 224, "time": 23819.55, "timesteps": 814974, "cpu_memory": 10.73, "cpu_percent": 35.7, "learning_rate": 0.00025, "loss_mean": 0.2, "n_updates": 0}, {"reward": 910, "eps": 0.1, "len": 235, "time": 23826.41, "timesteps": 815209, "cpu_memory": 10.73, "cpu_percent": 35.7, "learning_rate": 0.00025, "loss_mean": 0.2, "n_updates": 0}, {"reward": 910, "eps": 0.1, "len": 235, "time": 23833.2, "timesteps": 815444, "cpu_memory": 10.73, "cpu_percent": 35.7, "learning_rate": 0.00025, "loss_mean": 0.19, "n_updates": 0}, {"reward": 770, "eps": 0.1, "len": 185, "time": 23838.61, "timesteps": 815629, "cpu_memory": 10.73, "cpu_percent": 35.7, "learning_rate": 0.00025, "loss_mean": 0.21, "n_updates": 0}, {"reward": 890, "eps": 0.1, "len": 217, "time": 23845.04, "timesteps": 815846, "cpu_memory": 10.73, "cpu_percent": 35.7, "learning_rate": 0.00025, "loss_mean": 0.19, "n_updates": 0}, {"reward": 600, "eps": 0.1, "len": 187, "time": 23850.49, "timesteps": 816033, "cpu_memory": 10.73, "cpu_percent": 35.7, "learning_rate": 0.00025, "loss_mean": 0.19, "n_updates": 0}, {"reward": 1060, "eps": 0.1, "len": 202, "time": 23856.51, "timesteps": 816235, "cpu_memory": 10.74, "cpu_percent": 35.7, "learning_rate": 0.00025, "loss_mean": 0.2, "n_updates": 0}, {"reward": 550, "eps": 0.1, "len": 147, "time": 23860.75, "timesteps": 816382, "cpu_memory": 10.74, "cpu_percent": 35.7, "learning_rate": 0.00025, "loss_mean": 0.21, "n_updates": 0}, {"reward": 1020, "eps": 0.1, "len": 243, "time": 23867.75, "timesteps": 816625, "cpu_memory": 10.74, "cpu_percent": 35.7, "learning_rate": 0.00025, "loss_mean": 0.19, "n_updates": 0}, {"reward": 1290, "eps": 0.1, "len": 316, "time": 23877.07, "timesteps": 816941, "cpu_memory": 10.74, "cpu_percent": 35.7, "learning_rate": 0.00025, "loss_mean": 0.2, "n_updates": 0}, {"reward": 740, "eps": 0.1, "len": 194, "time": 23882.78, "timesteps": 817135, "cpu_memory": 10.74, "cpu_percent": 35.7, "learning_rate": 0.00025, "loss_mean": 0.19, "n_updates": 0}, {"reward": 1180, "eps": 0.1, "len": 358, "time": 23893.17, "timesteps": 817493, "cpu_memory": 10.75, "cpu_percent": 35.8, "learning_rate": 0.00025, "loss_mean": 0.2, "n_updates": 0}, {"reward": 810, "eps": 0.1, "len": 255, "time": 23900.52, "timesteps": 817748, "cpu_memory": 10.75, "cpu_percent": 35.8, "learning_rate": 0.00025, "loss_mean": 0.19, "n_updates": 0}, {"reward": 330, "eps": 0.1, "len": 114, "time": 23903.85, "timesteps": 817862, "cpu_memory": 10.75, "cpu_percent": 35.8, "learning_rate": 0.00025, "loss_mean": 0.19, "n_updates": 0}, {"reward": 920, "eps": 0.1, "len": 234, "time": 23910.84, "timesteps": 818096, "cpu_memory": 10.75, "cpu_percent": 35.8, "learning_rate": 0.00025, "loss_mean": 0.21, "n_updates": 0}, {"reward": 1350, "eps": 0.1, "len": 285, "time": 23919.07, "timesteps": 818381, "cpu_memory": 10.75, "cpu_percent": 35.8, "learning_rate": 0.00025, "loss_mean": 0.2, "n_updates": 0}, {"reward": 440, "eps": 0.1, "len": 148, "time": 23923.38, "timesteps": 818529, "cpu_memory": 10.75, "cpu_percent": 35.8, "learning_rate": 0.00025, "loss_mean": 0.19, "n_updates": 0}, {"reward": 580, "eps": 0.1, "len": 174, "time": 23928.5, "timesteps": 818703, "cpu_memory": 10.76, "cpu_percent": 35.8, "learning_rate": 0.00025, "loss_mean": 0.21, "n_updates": 0}, {"reward": 1460, "eps": 0.1, "len": 372, "time": 23939.79, "timesteps": 819075, "cpu_memory": 10.76, "cpu_percent": 35.8, "learning_rate": 0.00025, "loss_mean": 0.19, "n_updates": 0}]