[{"reward": 840, "eps": 0.1, "len": 162, "time": 22196.22, "timesteps": 759529, "cpu_memory": 10.29, "cpu_percent": 34.3, "learning_rate": 0.00025, "loss_mean": 0.21, "n_updates": 0}, {"reward": 1020, "eps": 0.1, "len": 327, "time": 22205.83, "timesteps": 759856, "cpu_memory": 10.3, "cpu_percent": 34.3, "learning_rate": 0.00025, "loss_mean": 0.21, "n_updates": 0}, {"reward": 730, "eps": 0.1, "len": 183, "time": 22211.68, "timesteps": 760039, "cpu_memory": 10.3, "cpu_percent": 34.3, "learning_rate": 0.00025, "loss_mean": 0.21, "n_updates": 0}, {"reward": 850, "eps": 0.1, "len": 191, "time": 22217.37, "timesteps": 760230, "cpu_memory": 10.3, "cpu_percent": 34.3, "learning_rate": 0.00025, "loss_mean": 0.21, "n_updates": 0}, {"reward": 930, "eps": 0.1, "len": 260, "time": 22224.85, "timesteps": 760490, "cpu_memory": 10.3, "cpu_percent": 34.3, "learning_rate": 0.00025, "loss_mean": 0.2, "n_updates": 0}, {"reward": 810, "eps": 0.1, "len": 183, "time": 22230.18, "timesteps": 760673, "cpu_memory": 10.3, "cpu_percent": 34.3, "learning_rate": 0.00025, "loss_mean": 0.19, "n_updates": 0}, {"reward": 930, "eps": 0.1, "len": 220, "time": 22236.75, "timesteps": 760893, "cpu_memory": 10.3, "cpu_percent": 34.3, "learning_rate": 0.00025, "loss_mean": 0.19, "n_updates": 0}, {"reward": 1270, "eps": 0.1, "len": 295, "time": 22245.35, "timesteps": 761188, "cpu_memory": 10.31, "cpu_percent": 34.3, "learning_rate": 0.00025, "loss_mean": 0.21, "n_updates": 0}, {"reward": 820, "eps": 0.1, "len": 194, "time": 22250.97, "timesteps": 761382, "cpu_memory": 10.31, "cpu_percent": 34.3, "learning_rate": 0.00025, "loss_mean": 0.21, "n_updates": 0}, {"reward": 720, "eps": 0.1, "len": 244, "time": 22258.03, "timesteps": 761626, "cpu_memory": 10.31, "cpu_percent": 34.3, "learning_rate": 0.00025, "loss_mean": 0.2, "n_updates": 0}, {"reward": 740, "eps": 0.1, "len": 199, "time": 22263.95, "timesteps": 761825, "cpu_memory": 10.31, "cpu_percent": 34.3, "learning_rate": 0.00025, "loss_mean": 0.21, "n_updates": 0}, {"reward": 850, "eps": 0.1, "len": 218, "time": 22270.36, "timesteps": 762043, "cpu_memory": 10.31, "cpu_percent": 34.3, "learning_rate": 0.00025, "loss_mean": 0.21, "n_updates": 0}, {"reward": 680, "eps": 0.1, "len": 156, "time": 22274.9, "timesteps": 762199, "cpu_memory": 10.31, "cpu_percent": 34.3, "learning_rate": 0.00025, "loss_mean": 0.2, "n_updates": 0}, {"reward": 770, "eps": 0.1, "len": 288, "time": 22283.34, "timesteps": 762487, "cpu_memory": 10.32, "cpu_percent": 34.3, "learning_rate": 0.00025, "loss_mean": 0.21, "n_updates": 0}, {"reward": 1570, "eps": 0.1, "len": 346, "time": 22293.37, "timesteps": 762833, "cpu_memory": 10.32, "cpu_percent": 34.3, "learning_rate": 0.00025, "loss_mean": 0.21, "n_updates": 0}, {"reward": 910, "eps": 0.1, "len": 248, "time": 22300.75, "timesteps": 763081, "cpu_memory": 10.32, "cpu_percent": 34.3, "learning_rate": 0.00025, "loss_mean": 0.21, "n_updates": 0}, {"reward": 700, "eps": 0.1, "len": 194, "time": 22306.38, "timesteps": 763275, "cpu_memory": 10.32, "cpu_percent": 34.3, "learning_rate": 0.00025, "loss_mean": 0.22, "n_updates": 0}, {"reward": 1080, "eps": 0.1, "len": 280, "time": 22314.69, "timesteps": 763555, "cpu_memory": 10.33, "cpu_percent": 34.4, "learning_rate": 0.00025, "loss_mean": 0.2, "n_updates": 0}, {"reward": 750, "eps": 0.1, "len": 209, "time": 22320.76, "timesteps": 763764, "cpu_memory": 10.33, "cpu_percent": 34.4, "learning_rate": 0.00025, "loss_mean": 0.2, "n_updates": 0}, {"reward": 520, "eps": 0.1, "len": 140, "time": 22324.91, "timesteps": 763904, "cpu_memory": 10.33, "cpu_percent": 34.4, "learning_rate": 0.00025, "loss_mean": 0.2, "n_updates": 0}, {"reward": 1060, "eps": 0.1, "len": 267, "time": 22332.65, "timesteps": 764171, "cpu_memory": 10.33, "cpu_percent": 34.4, "learning_rate": 0.00025, "loss_mean": 0.2, "n_updates": 0}, {"reward": 1190, "eps": 0.1, "len": 256, "time": 22340.12, "timesteps": 764427, "cpu_memory": 10.33, "cpu_percent": 34.4, "learning_rate": 0.00025, "loss_mean": 0.22, "n_updates": 0}, {"reward": 980, "eps": 0.1, "len": 210, "time": 22346.25, "timesteps": 764637, "cpu_memory": 10.33, "cpu_percent": 34.4, "learning_rate": 0.00025, "loss_mean": 0.21, "n_updates": 0}, {"reward": 1300, "eps": 0.1, "len": 294, "time": 22354.84, "timesteps": 764931, "cpu_memory": 10.34, "cpu_percent": 34.4, "learning_rate": 0.00025, "loss_mean": 0.21, "n_updates": 0}, {"reward": 540, "eps": 0.1, "len": 110, "time": 22358.12, "timesteps": 765041, "cpu_memory": 10.34, "cpu_percent": 34.4, "learning_rate": 0.00025, "loss_mean": 0.2, "n_updates": 0}, {"reward": 1070, "eps": 0.1, "len": 204, "time": 22364.1, "timesteps": 765245, "cpu_memory": 10.34, "cpu_percent": 34.5, "learning_rate": 0.00025, "loss_mean": 0.2, "n_updates": 0}, {"reward": 1430, "eps": 0.1, "len": 299, "time": 22372.85, "timesteps": 765544, "cpu_memory": 10.34, "cpu_percent": 34.5, "learning_rate": 0.00025, "loss_mean": 0.21, "n_updates": 0}, {"reward": 650, "eps": 0.1, "len": 171, "time": 22377.86, "timesteps": 765715, "cpu_memory": 10.34, "cpu_percent": 34.5, "learning_rate": 0.00025, "loss_mean": 0.22, "n_updates": 0}, {"reward": 710, "eps": 0.1, "len": 205, "time": 22383.92, "timesteps": 765920, "cpu_memory": 10.34, "cpu_percent": 34.5, "learning_rate": 0.00025, "loss_mean": 0.2, "n_updates": 0}, {"reward": 1200, "eps": 0.1, "len": 260, "time": 22391.63, "timesteps": 766180, "cpu_memory": 10.35, "cpu_percent": 34.5, "learning_rate": 0.00025, "loss_mean": 0.19, "n_updates": 0}, {"reward": 630, "eps": 0.1, "len": 187, "time": 22397.16, "timesteps": 766367, "cpu_memory": 10.35, "cpu_percent": 34.5, "learning_rate": 0.00025, "loss_mean": 0.21, "n_updates": 0}, {"reward": 610, "eps": 0.1, "len": 177, "time": 22402.38, "timesteps": 766544, "cpu_memory": 10.35, "cpu_percent": 34.5, "learning_rate": 0.00025, "loss_mean": 0.2, "n_updates": 0}, {"reward": 1000, "eps": 0.1, "len": 281, "time": 22410.55, "timesteps": 766825, "cpu_memory": 10.35, "cpu_percent": 34.5, "learning_rate": 0.00025, "loss_mean": 0.21, "n_updates": 0}, {"reward": 490, "eps": 0.1, "len": 155, "time": 22415.16, "timesteps": 766980, "cpu_memory": 10.35, "cpu_percent": 34.5, "learning_rate": 0.00025, "loss_mean": 0.2, "n_updates": 0}, {"reward": 570, "eps": 0.1, "len": 173, "time": 22420.26, "timesteps": 767153, "cpu_memory": 10.35, "cpu_percent": 34.5, "learning_rate": 0.00025, "loss_mean": 0.2, "n_updates": 0}, {"reward": 620, "eps": 0.1, "len": 166, "time": 22425.11, "timesteps": 767319, "cpu_memory": 10.35, "cpu_percent": 34.5, "learning_rate": 0.00025, "loss_mean": 0.21, "n_updates": 0}, {"reward": 1120, "eps": 0.1, "len": 273, "time": 22433.14, "timesteps": 767592, "cpu_memory": 10.36, "cpu_percent": 34.5, "learning_rate": 0.00025, "loss_mean": 0.21, "n_updates": 0}, {"reward": 540, "eps": 0.1, "len": 169, "time": 22438.02, "timesteps": 767761, "cpu_memory": 10.36, "cpu_percent": 34.4, "learning_rate": 0.00025, "loss_mean": 0.21, "n_updates": 0}, {"reward": 570, "eps": 0.1, "len": 124, "time": 22441.62, "timesteps": 767885, "cpu_memory": 10.36, "cpu_percent": 34.4, "learning_rate": 0.00025, "loss_mean": 0.2, "n_updates": 0}, {"reward": 540, "eps": 0.1, "len": 122, "time": 22445.29, "timesteps": 768007, "cpu_memory": 10.36, "cpu_percent": 34.4, "learning_rate": 0.00025, "loss_mean": 0.21, "n_updates": 0}, {"reward": 720, "eps": 0.1, "len": 201, "time": 22451.23, "timesteps": 768208, "cpu_memory": 10.36, "cpu_percent": 34.4, "learning_rate": 0.00025, "loss_mean": 0.2, "n_updates": 0}, {"reward": 1260, "eps": 0.1, "len": 278, "time": 22459.25, "timesteps": 768486, "cpu_memory": 10.36, "cpu_percent": 34.4, "learning_rate": 0.00025, "loss_mean": 0.2, "n_updates": 0}, {"reward": 1000, "eps": 0.1, "len": 237, "time": 22466.19, "timesteps": 768723, "cpu_memory": 10.37, "cpu_percent": 34.5, "learning_rate": 0.00025, "loss_mean": 0.2, "n_updates": 0}, {"reward": 880, "eps": 0.1, "len": 283, "time": 22474.34, "timesteps": 769006, "cpu_memory": 10.37, "cpu_percent": 34.5, "learning_rate": 0.00025, "loss_mean": 0.21, "n_updates": 0}, {"reward": 1120, "eps": 0.1, "len": 299, "time": 22483.11, "timesteps": 769305, "cpu_memory": 10.37, "cpu_percent": 34.5, "learning_rate": 0.00025, "loss_mean": 0.2, "n_updates": 0}, {"reward": 490, "eps": 0.1, "len": 180, "time": 22488.35, "timesteps": 769485, "cpu_memory": 10.37, "cpu_percent": 34.5, "learning_rate": 0.00025, "loss_mean": 0.2, "n_updates": 0}, {"reward": 1010, "eps": 0.1, "len": 251, "time": 22495.68, "timesteps": 769736, "cpu_memory": 10.37, "cpu_percent": 34.6, "learning_rate": 0.00025, "loss_mean": 0.19, "n_updates": 0}]