[{"reward": 1020, "eps": 0.1, "len": 254, "time": 13870.26, "timesteps": 479549, "cpu_memory": 8.11, "cpu_percent": 27.3, "learning_rate": 0.00025, "loss_mean": 0.31, "n_updates": 0}, {"reward": 970, "eps": 0.1, "len": 209, "time": 13877.34, "timesteps": 479758, "cpu_memory": 8.12, "cpu_percent": 27.3, "learning_rate": 0.00025, "loss_mean": 0.3, "n_updates": 0}, {"reward": 1210, "eps": 0.1, "len": 318, "time": 13888.9, "timesteps": 480076, "cpu_memory": 8.12, "cpu_percent": 27.3, "learning_rate": 0.00025, "loss_mean": 0.31, "n_updates": 0}, {"reward": 970, "eps": 0.1, "len": 249, "time": 13897.01, "timesteps": 480325, "cpu_memory": 8.12, "cpu_percent": 27.3, "learning_rate": 0.00025, "loss_mean": 0.3, "n_updates": 0}, {"reward": 920, "eps": 0.1, "len": 203, "time": 13903.67, "timesteps": 480528, "cpu_memory": 8.12, "cpu_percent": 27.3, "learning_rate": 0.00025, "loss_mean": 0.28, "n_updates": 0}, {"reward": 1450, "eps": 0.1, "len": 296, "time": 13913.39, "timesteps": 480824, "cpu_memory": 8.12, "cpu_percent": 27.4, "learning_rate": 0.00025, "loss_mean": 0.31, "n_updates": 0}, {"reward": 810, "eps": 0.1, "len": 255, "time": 13921.86, "timesteps": 481079, "cpu_memory": 8.13, "cpu_percent": 27.4, "learning_rate": 0.00025, "loss_mean": 0.31, "n_updates": 0}, {"reward": 1200, "eps": 0.1, "len": 259, "time": 13930.32, "timesteps": 481338, "cpu_memory": 8.13, "cpu_percent": 27.4, "learning_rate": 0.00025, "loss_mean": 0.31, "n_updates": 0}, {"reward": 360, "eps": 0.1, "len": 142, "time": 13934.96, "timesteps": 481480, "cpu_memory": 8.13, "cpu_percent": 27.4, "learning_rate": 0.00025, "loss_mean": 0.31, "n_updates": 0}, {"reward": 680, "eps": 0.1, "len": 186, "time": 13941.02, "timesteps": 481666, "cpu_memory": 8.13, "cpu_percent": 27.4, "learning_rate": 0.00025, "loss_mean": 0.29, "n_updates": 0}, {"reward": 900, "eps": 0.1, "len": 246, "time": 13949.2, "timesteps": 481912, "cpu_memory": 8.13, "cpu_percent": 27.4, "learning_rate": 0.00025, "loss_mean": 0.32, "n_updates": 0}, {"reward": 990, "eps": 0.1, "len": 219, "time": 13956.28, "timesteps": 482131, "cpu_memory": 8.13, "cpu_percent": 27.4, "learning_rate": 0.00025, "loss_mean": 0.31, "n_updates": 0}, {"reward": 830, "eps": 0.1, "len": 193, "time": 13962.73, "timesteps": 482324, "cpu_memory": 8.14, "cpu_percent": 27.4, "learning_rate": 0.00025, "loss_mean": 0.32, "n_updates": 0}, {"reward": 1080, "eps": 0.1, "len": 294, "time": 13972.34, "timesteps": 482618, "cpu_memory": 8.14, "cpu_percent": 27.4, "learning_rate": 0.00025, "loss_mean": 0.31, "n_updates": 0}, {"reward": 800, "eps": 0.1, "len": 179, "time": 13978.25, "timesteps": 482797, "cpu_memory": 8.14, "cpu_percent": 27.4, "learning_rate": 0.00025, "loss_mean": 0.3, "n_updates": 0}, {"reward": 680, "eps": 0.1, "len": 213, "time": 13985.26, "timesteps": 483010, "cpu_memory": 8.14, "cpu_percent": 27.4, "learning_rate": 0.00025, "loss_mean": 0.3, "n_updates": 0}, {"reward": 740, "eps": 0.1, "len": 235, "time": 13992.97, "timesteps": 483245, "cpu_memory": 8.14, "cpu_percent": 27.4, "learning_rate": 0.00025, "loss_mean": 0.3, "n_updates": 0}, {"reward": 680, "eps": 0.1, "len": 143, "time": 13997.72, "timesteps": 483388, "cpu_memory": 8.14, "cpu_percent": 27.4, "learning_rate": 0.00025, "loss_mean": 0.31, "n_updates": 0}, {"reward": 660, "eps": 0.1, "len": 149, "time": 14002.65, "timesteps": 483537, "cpu_memory": 8.15, "cpu_percent": 27.4, "learning_rate": 0.00025, "loss_mean": 0.32, "n_updates": 0}, {"reward": 1550, "eps": 0.1, "len": 345, "time": 14014.18, "timesteps": 483882, "cpu_memory": 8.15, "cpu_percent": 27.4, "learning_rate": 0.00025, "loss_mean": 0.31, "n_updates": 0}, {"reward": 560, "eps": 0.1, "len": 124, "time": 14018.24, "timesteps": 484006, "cpu_memory": 8.15, "cpu_percent": 27.4, "learning_rate": 0.00025, "loss_mean": 0.29, "n_updates": 0}, {"reward": 900, "eps": 0.1, "len": 249, "time": 14026.4, "timesteps": 484255, "cpu_memory": 8.15, "cpu_percent": 27.4, "learning_rate": 0.00025, "loss_mean": 0.29, "n_updates": 0}, {"reward": 1110, "eps": 0.1, "len": 255, "time": 14034.82, "timesteps": 484510, "cpu_memory": 8.15, "cpu_percent": 27.4, "learning_rate": 0.00025, "loss_mean": 0.31, "n_updates": 0}, {"reward": 940, "eps": 0.1, "len": 206, "time": 14041.76, "timesteps": 484716, "cpu_memory": 8.15, "cpu_percent": 27.4, "learning_rate": 0.00025, "loss_mean": 0.29, "n_updates": 0}, {"reward": 930, "eps": 0.1, "len": 196, "time": 14048.21, "timesteps": 484912, "cpu_memory": 8.16, "cpu_percent": 27.4, "learning_rate": 0.00025, "loss_mean": 0.29, "n_updates": 0}, {"reward": 1060, "eps": 0.1, "len": 207, "time": 14054.99, "timesteps": 485119, "cpu_memory": 8.16, "cpu_percent": 27.4, "learning_rate": 0.00025, "loss_mean": 0.28, "n_updates": 0}, {"reward": 630, "eps": 0.1, "len": 148, "time": 14059.89, "timesteps": 485267, "cpu_memory": 8.16, "cpu_percent": 27.4, "learning_rate": 0.00025, "loss_mean": 0.29, "n_updates": 0}, {"reward": 880, "eps": 0.1, "len": 182, "time": 14065.96, "timesteps": 485449, "cpu_memory": 8.16, "cpu_percent": 27.4, "learning_rate": 0.00025, "loss_mean": 0.29, "n_updates": 0}, {"reward": 880, "eps": 0.1, "len": 203, "time": 14072.9, "timesteps": 485652, "cpu_memory": 8.16, "cpu_percent": 27.5, "learning_rate": 0.00025, "loss_mean": 0.3, "n_updates": 0}, {"reward": 1600, "eps": 0.1, "len": 303, "time": 14082.92, "timesteps": 485955, "cpu_memory": 8.16, "cpu_percent": 27.5, "learning_rate": 0.00025, "loss_mean": 0.3, "n_updates": 0}, {"reward": 630, "eps": 0.1, "len": 159, "time": 14088.19, "timesteps": 486114, "cpu_memory": 8.17, "cpu_percent": 27.5, "learning_rate": 0.00025, "loss_mean": 0.3, "n_updates": 0}, {"reward": 670, "eps": 0.1, "len": 182, "time": 14094.26, "timesteps": 486296, "cpu_memory": 8.17, "cpu_percent": 27.5, "learning_rate": 0.00025, "loss_mean": 0.29, "n_updates": 0}, {"reward": 910, "eps": 0.1, "len": 205, "time": 14101.25, "timesteps": 486501, "cpu_memory": 8.17, "cpu_percent": 27.5, "learning_rate": 0.00025, "loss_mean": 0.3, "n_updates": 0}, {"reward": 780, "eps": 0.1, "len": 248, "time": 14109.57, "timesteps": 486749, "cpu_memory": 8.17, "cpu_percent": 27.5, "learning_rate": 0.00025, "loss_mean": 0.31, "n_updates": 0}, {"reward": 1190, "eps": 0.1, "len": 306, "time": 14119.7, "timesteps": 487055, "cpu_memory": 8.17, "cpu_percent": 27.5, "learning_rate": 0.00025, "loss_mean": 0.29, "n_updates": 0}, {"reward": 1110, "eps": 0.1, "len": 298, "time": 14129.79, "timesteps": 487353, "cpu_memory": 8.18, "cpu_percent": 27.5, "learning_rate": 0.00025, "loss_mean": 0.29, "n_updates": 0}, {"reward": 610, "eps": 0.1, "len": 165, "time": 14135.5, "timesteps": 487518, "cpu_memory": 8.18, "cpu_percent": 27.5, "learning_rate": 0.00025, "loss_mean": 0.3, "n_updates": 0}, {"reward": 750, "eps": 0.1, "len": 180, "time": 14141.51, "timesteps": 487698, "cpu_memory": 8.18, "cpu_percent": 27.5, "learning_rate": 0.00025, "loss_mean": 0.29, "n_updates": 0}, {"reward": 540, "eps": 0.1, "len": 168, "time": 14147.17, "timesteps": 487866, "cpu_memory": 8.18, "cpu_percent": 27.5, "learning_rate": 0.00025, "loss_mean": 0.3, "n_updates": 0}, {"reward": 1050, "eps": 0.1, "len": 219, "time": 14154.45, "timesteps": 488085, "cpu_memory": 8.18, "cpu_percent": 27.5, "learning_rate": 0.00025, "loss_mean": 0.29, "n_updates": 0}, {"reward": 990, "eps": 0.1, "len": 257, "time": 14163.16, "timesteps": 488342, "cpu_memory": 8.18, "cpu_percent": 27.5, "learning_rate": 0.00025, "loss_mean": 0.29, "n_updates": 0}, {"reward": 660, "eps": 0.1, "len": 167, "time": 14168.83, "timesteps": 488509, "cpu_memory": 8.18, "cpu_percent": 27.5, "learning_rate": 0.00025, "loss_mean": 0.3, "n_updates": 0}, {"reward": 660, "eps": 0.1, "len": 190, "time": 14175.14, "timesteps": 488699, "cpu_memory": 8.19, "cpu_percent": 27.5, "learning_rate": 0.00025, "loss_mean": 0.31, "n_updates": 0}, {"reward": 1170, "eps": 0.1, "len": 284, "time": 14184.54, "timesteps": 488983, "cpu_memory": 8.19, "cpu_percent": 27.5, "learning_rate": 0.00025, "loss_mean": 0.3, "n_updates": 0}, {"reward": 830, "eps": 0.1, "len": 191, "time": 14190.92, "timesteps": 489174, "cpu_memory": 8.19, "cpu_percent": 27.5, "learning_rate": 0.00025, "loss_mean": 0.3, "n_updates": 0}, {"reward": 1350, "eps": 0.1, "len": 300, "time": 14201.09, "timesteps": 489474, "cpu_memory": 8.19, "cpu_percent": 27.5, "learning_rate": 0.00025, "loss_mean": 0.29, "n_updates": 0}, {"reward": 570, "eps": 0.1, "len": 137, "time": 14205.74, "timesteps": 489611, "cpu_memory": 8.19, "cpu_percent": 27.5, "learning_rate": 0.00025, "loss_mean": 0.29, "n_updates": 0}]