[{"reward": 570, "eps": 0.7082, "len": 171, "time": 3461.78, "timesteps": 129783, "cpu_memory": 5.56, "cpu_percent": 19.1, "learning_rate": 0.00025, "loss_mean": 0.24, "n_updates": 0}, {"reward": 690, "eps": 0.7077, "len": 130029, "time": 3468.98, "timesteps": 130029, "cpu_memory": 5.56, "cpu_percent": 19.1, "learning_rate": 0.00025, "loss_mean": 0.23, "n_updates": 0}, {"reward": 640, "eps": 0.7072, "len": 207, "time": 3474.67, "timesteps": 130236, "cpu_memory": 5.56, "cpu_percent": 19.1, "learning_rate": 0.00025, "loss_mean": 0.22, "n_updates": 0}, {"reward": 800, "eps": 0.7067, "len": 256, "time": 3481.6, "timesteps": 130492, "cpu_memory": 5.56, "cpu_percent": 19.1, "learning_rate": 0.00025, "loss_mean": 0.22, "n_updates": 0}, {"reward": 460, "eps": 0.7062, "len": 164, "time": 3486.05, "timesteps": 130656, "cpu_memory": 5.57, "cpu_percent": 19.1, "learning_rate": 0.00025, "loss_mean": 0.22, "n_updates": 0}, {"reward": 540, "eps": 0.7059, "len": 144, "time": 3489.9, "timesteps": 130800, "cpu_memory": 5.57, "cpu_percent": 19.1, "learning_rate": 0.00025, "loss_mean": 0.23, "n_updates": 0}, {"reward": 520, "eps": 0.7055, "len": 145, "time": 3493.89, "timesteps": 130945, "cpu_memory": 5.57, "cpu_percent": 19.1, "learning_rate": 0.00025, "loss_mean": 0.22, "n_updates": 0}, {"reward": 630, "eps": 0.7051, "len": 203, "time": 3499.29, "timesteps": 131148, "cpu_memory": 5.57, "cpu_percent": 19.1, "learning_rate": 0.00025, "loss_mean": 0.22, "n_updates": 0}, {"reward": 610, "eps": 0.7047, "len": 190, "time": 3504.64, "timesteps": 131338, "cpu_memory": 5.57, "cpu_percent": 19.1, "learning_rate": 0.00025, "loss_mean": 0.22, "n_updates": 0}, {"reward": 490, "eps": 0.7043, "len": 176, "time": 3509.36, "timesteps": 131514, "cpu_memory": 5.57, "cpu_percent": 19.1, "learning_rate": 0.00025, "loss_mean": 0.23, "n_updates": 0}, {"reward": 410, "eps": 0.7039, "len": 131, "time": 3512.9, "timesteps": 131645, "cpu_memory": 5.57, "cpu_percent": 19.1, "learning_rate": 0.00025, "loss_mean": 0.23, "n_updates": 0}, {"reward": 780, "eps": 0.7035, "len": 276, "time": 3520.37, "timesteps": 131921, "cpu_memory": 5.57, "cpu_percent": 19.1, "learning_rate": 0.00025, "loss_mean": 0.25, "n_updates": 0}, {"reward": 490, "eps": 0.703, "len": 154, "time": 3524.54, "timesteps": 132075, "cpu_memory": 5.57, "cpu_percent": 19.1, "learning_rate": 0.00025, "loss_mean": 0.23, "n_updates": 0}, {"reward": 530, "eps": 0.7026, "len": 218, "time": 3530.46, "timesteps": 132293, "cpu_memory": 5.58, "cpu_percent": 19.1, "learning_rate": 0.00025, "loss_mean": 0.21, "n_updates": 0}, {"reward": 360, "eps": 0.7021, "len": 175, "time": 3535.37, "timesteps": 132468, "cpu_memory": 5.58, "cpu_percent": 19.1, "learning_rate": 0.00025, "loss_mean": 0.22, "n_updates": 0}, {"reward": 620, "eps": 0.7017, "len": 201, "time": 3540.88, "timesteps": 132669, "cpu_memory": 5.58, "cpu_percent": 19.1, "learning_rate": 0.00025, "loss_mean": 0.24, "n_updates": 0}, {"reward": 760, "eps": 0.7012, "len": 233, "time": 3547.24, "timesteps": 132902, "cpu_memory": 5.58, "cpu_percent": 19.1, "learning_rate": 0.00025, "loss_mean": 0.23, "n_updates": 0}, {"reward": 130, "eps": 0.7009, "len": 90, "time": 3549.72, "timesteps": 132992, "cpu_memory": 5.58, "cpu_percent": 19.1, "learning_rate": 0.00025, "loss_mean": 0.21, "n_updates": 0}, {"reward": 510, "eps": 0.7006, "len": 154, "time": 3553.87, "timesteps": 133146, "cpu_memory": 5.58, "cpu_percent": 19.1, "learning_rate": 0.00025, "loss_mean": 0.24, "n_updates": 0}, {"reward": 340, "eps": 0.7003, "len": 129, "time": 3557.38, "timesteps": 133275, "cpu_memory": 5.58, "cpu_percent": 19.1, "learning_rate": 0.00025, "loss_mean": 0.25, "n_updates": 0}, {"reward": 360, "eps": 0.7, "len": 144, "time": 3561.37, "timesteps": 133419, "cpu_memory": 5.58, "cpu_percent": 19.1, "learning_rate": 0.00025, "loss_mean": 0.22, "n_updates": 0}, {"reward": 420, "eps": 0.6996, "len": 149, "time": 3565.5, "timesteps": 133568, "cpu_memory": 5.58, "cpu_percent": 19.1, "learning_rate": 0.00025, "loss_mean": 0.23, "n_updates": 0}, {"reward": 270, "eps": 0.6993, "len": 131, "time": 3569.26, "timesteps": 133699, "cpu_memory": 5.59, "cpu_percent": 19.2, "learning_rate": 0.00025, "loss_mean": 0.25, "n_updates": 0}, {"reward": 450, "eps": 0.699, "len": 151, "time": 3573.37, "timesteps": 133850, "cpu_memory": 5.59, "cpu_percent": 19.2, "learning_rate": 0.00025, "loss_mean": 0.24, "n_updates": 0}, {"reward": 470, "eps": 0.6986, "len": 178, "time": 3578.27, "timesteps": 134028, "cpu_memory": 5.59, "cpu_percent": 19.2, "learning_rate": 0.00025, "loss_mean": 0.23, "n_updates": 0}, {"reward": 430, "eps": 0.6983, "len": 141, "time": 3582.11, "timesteps": 134169, "cpu_memory": 5.59, "cpu_percent": 19.2, "learning_rate": 0.00025, "loss_mean": 0.26, "n_updates": 0}, {"reward": 540, "eps": 0.6979, "len": 168, "time": 3586.81, "timesteps": 134337, "cpu_memory": 5.59, "cpu_percent": 19.2, "learning_rate": 0.00025, "loss_mean": 0.23, "n_updates": 0}, {"reward": 760, "eps": 0.6974, "len": 265, "time": 3594.13, "timesteps": 134602, "cpu_memory": 5.59, "cpu_percent": 19.2, "learning_rate": 0.00025, "loss_mean": 0.23, "n_updates": 0}, {"reward": 410, "eps": 0.697, "len": 129, "time": 3597.78, "timesteps": 134731, "cpu_memory": 5.59, "cpu_percent": 19.2, "learning_rate": 0.00025, "loss_mean": 0.23, "n_updates": 0}, {"reward": 860, "eps": 0.6966, "len": 233, "time": 3604.26, "timesteps": 134964, "cpu_memory": 5.59, "cpu_percent": 19.2, "learning_rate": 0.00025, "loss_mean": 0.21, "n_updates": 0}, {"reward": 470, "eps": 0.6962, "len": 157, "time": 3608.61, "timesteps": 135121, "cpu_memory": 5.59, "cpu_percent": 19.2, "learning_rate": 0.00025, "loss_mean": 0.22, "n_updates": 0}, {"reward": 540, "eps": 0.6957, "len": 202, "time": 3614.07, "timesteps": 135323, "cpu_memory": 5.6, "cpu_percent": 19.2, "learning_rate": 0.00025, "loss_mean": 0.22, "n_updates": 0}, {"reward": 730, "eps": 0.6953, "len": 211, "time": 3619.81, "timesteps": 135534, "cpu_memory": 5.6, "cpu_percent": 19.2, "learning_rate": 0.00025, "loss_mean": 0.25, "n_updates": 0}, {"reward": 770, "eps": 0.6948, "len": 214, "time": 3625.57, "timesteps": 135748, "cpu_memory": 5.6, "cpu_percent": 19.2, "learning_rate": 0.00025, "loss_mean": 0.25, "n_updates": 0}, {"reward": 520, "eps": 0.6944, "len": 170, "time": 3630.26, "timesteps": 135918, "cpu_memory": 5.6, "cpu_percent": 19.2, "learning_rate": 0.00025, "loss_mean": 0.24, "n_updates": 0}, {"reward": 200, "eps": 0.6941, "len": 100, "time": 3633.04, "timesteps": 136018, "cpu_memory": 5.6, "cpu_percent": 19.2, "learning_rate": 0.00025, "loss_mean": 0.27, "n_updates": 0}, {"reward": 710, "eps": 0.6938, "len": 181, "time": 3637.97, "timesteps": 136199, "cpu_memory": 5.6, "cpu_percent": 19.2, "learning_rate": 0.00025, "loss_mean": 0.23, "n_updates": 0}, {"reward": 680, "eps": 0.6933, "len": 231, "time": 3644.19, "timesteps": 136430, "cpu_memory": 5.6, "cpu_percent": 19.2, "learning_rate": 0.00025, "loss_mean": 0.23, "n_updates": 0}, {"reward": 310, "eps": 0.6928, "len": 163, "time": 3648.53, "timesteps": 136593, "cpu_memory": 5.6, "cpu_percent": 19.2, "learning_rate": 0.00025, "loss_mean": 0.23, "n_updates": 0}, {"reward": 820, "eps": 0.6924, "len": 200, "time": 3653.92, "timesteps": 136793, "cpu_memory": 5.61, "cpu_percent": 19.2, "learning_rate": 0.00025, "loss_mean": 0.28, "n_updates": 0}, {"reward": 370, "eps": 0.6921, "len": 141, "time": 3657.73, "timesteps": 136934, "cpu_memory": 5.61, "cpu_percent": 19.2, "learning_rate": 0.00025, "loss_mean": 0.69, "n_updates": 0}, {"reward": 620, "eps": 0.6917, "len": 184, "time": 3662.88, "timesteps": 137118, "cpu_memory": 5.61, "cpu_percent": 19.2, "learning_rate": 0.00025, "loss_mean": 0.27, "n_updates": 0}, {"reward": 590, "eps": 0.6913, "len": 177, "time": 3667.85, "timesteps": 137295, "cpu_memory": 5.61, "cpu_percent": 19.3, "learning_rate": 0.00025, "loss_mean": 0.23, "n_updates": 0}, {"reward": 660, "eps": 0.6909, "len": 173, "time": 3672.52, "timesteps": 137468, "cpu_memory": 5.61, "cpu_percent": 19.3, "learning_rate": 0.00025, "loss_mean": 0.23, "n_updates": 0}, {"reward": 420, "eps": 0.6905, "len": 147, "time": 3676.51, "timesteps": 137615, "cpu_memory": 5.61, "cpu_percent": 19.3, "learning_rate": 0.00025, "loss_mean": 0.24, "n_updates": 0}, {"reward": 670, "eps": 0.6901, "len": 204, "time": 3681.96, "timesteps": 137819, "cpu_memory": 5.61, "cpu_percent": 19.3, "learning_rate": 0.00025, "loss_mean": 0.23, "n_updates": 0}, {"reward": 640, "eps": 0.6897, "len": 184, "time": 3686.92, "timesteps": 138003, "cpu_memory": 5.61, "cpu_percent": 19.3, "learning_rate": 0.00025, "loss_mean": 0.23, "n_updates": 0}, {"reward": 310, "eps": 0.6894, "len": 125, "time": 3690.35, "timesteps": 138128, "cpu_memory": 5.61, "cpu_percent": 19.3, "learning_rate": 0.00025, "loss_mean": 0.23, "n_updates": 0}, {"reward": 710, "eps": 0.689, "len": 218, "time": 3696.3, "timesteps": 138346, "cpu_memory": 5.62, "cpu_percent": 19.2, "learning_rate": 0.00025, "loss_mean": 0.34, "n_updates": 0}, {"reward": 390, "eps": 0.6885, "len": 219, "time": 3702.17, "timesteps": 138565, "cpu_memory": 5.62, "cpu_percent": 19.2, "learning_rate": 0.00025, "loss_mean": 2.17, "n_updates": 0}, {"reward": 700, "eps": 0.688, "len": 233, "time": 3708.46, "timesteps": 138798, "cpu_memory": 5.62, "cpu_percent": 19.3, "learning_rate": 0.00025, "loss_mean": 0.96, "n_updates": 0}, {"reward": 650, "eps": 0.6875, "len": 196, "time": 3713.67, "timesteps": 138994, "cpu_memory": 5.62, "cpu_percent": 19.3, "learning_rate": 0.00025, "loss_mean": 0.54, "n_updates": 0}, {"reward": 480, "eps": 0.687, "len": 193, "time": 3718.92, "timesteps": 139187, "cpu_memory": 5.62, "cpu_percent": 19.3, "learning_rate": 0.00025, "loss_mean": 0.72, "n_updates": 0}, {"reward": 340, "eps": 0.6867, "len": 151, "time": 3723.09, "timesteps": 139338, "cpu_memory": 5.62, "cpu_percent": 19.3, "learning_rate": 0.00025, "loss_mean": 0.55, "n_updates": 0}, {"reward": 640, "eps": 0.6863, "len": 176, "time": 3727.88, "timesteps": 139514, "cpu_memory": 5.62, "cpu_percent": 19.2, "learning_rate": 0.00025, "loss_mean": 0.46, "n_updates": 0}, {"reward": 480, "eps": 0.6859, "len": 130, "time": 3731.4, "timesteps": 139644, "cpu_memory": 5.62, "cpu_percent": 19.2, "learning_rate": 0.00025, "loss_mean": 0.48, "n_updates": 0}]