[{"reward": 250, "eps": 0.1684, "len": 112, "time": 10334.25, "timesteps": 369640, "cpu_memory": 7.29, "cpu_percent": 24.6, "learning_rate": 0.00025, "loss_mean": 0.33, "n_updates": 0}, {"reward": 840, "eps": 0.1681, "len": 180, "time": 10339.89, "timesteps": 369820, "cpu_memory": 7.29, "cpu_percent": 24.6, "learning_rate": 0.00025, "loss_mean": 0.34, "n_updates": 0}, {"reward": 560, "eps": 0.1677, "len": 147, "time": 10344.41, "timesteps": 369967, "cpu_memory": 7.29, "cpu_percent": 24.6, "learning_rate": 0.00025, "loss_mean": 0.34, "n_updates": 0}, {"reward": 790, "eps": 0.1673, "len": 202, "time": 10351.33, "timesteps": 370169, "cpu_memory": 7.29, "cpu_percent": 24.6, "learning_rate": 0.00025, "loss_mean": 0.34, "n_updates": 0}, {"reward": 580, "eps": 0.167, "len": 149, "time": 10356.02, "timesteps": 370318, "cpu_memory": 7.3, "cpu_percent": 24.6, "learning_rate": 0.00025, "loss_mean": 0.31, "n_updates": 0}, {"reward": 530, "eps": 0.1666, "len": 152, "time": 10360.69, "timesteps": 370470, "cpu_memory": 7.3, "cpu_percent": 24.6, "learning_rate": 0.00025, "loss_mean": 0.35, "n_updates": 0}, {"reward": 600, "eps": 0.1662, "len": 183, "time": 10366.29, "timesteps": 370653, "cpu_memory": 7.3, "cpu_percent": 24.6, "learning_rate": 0.00025, "loss_mean": 0.34, "n_updates": 0}, {"reward": 1070, "eps": 0.1657, "len": 263, "time": 10374.47, "timesteps": 370916, "cpu_memory": 7.3, "cpu_percent": 24.7, "learning_rate": 0.00025, "loss_mean": 0.36, "n_updates": 0}, {"reward": 760, "eps": 0.1652, "len": 220, "time": 10381.15, "timesteps": 371136, "cpu_memory": 7.3, "cpu_percent": 24.7, "learning_rate": 0.00025, "loss_mean": 0.34, "n_updates": 0}, {"reward": 750, "eps": 0.1647, "len": 178, "time": 10386.59, "timesteps": 371314, "cpu_memory": 7.3, "cpu_percent": 24.6, "learning_rate": 0.00025, "loss_mean": 0.34, "n_updates": 0}, {"reward": 850, "eps": 0.1643, "len": 196, "time": 10392.58, "timesteps": 371510, "cpu_memory": 7.3, "cpu_percent": 24.6, "learning_rate": 0.00025, "loss_mean": 0.35, "n_updates": 0}, {"reward": 1000, "eps": 0.1638, "len": 258, "time": 10400.46, "timesteps": 371768, "cpu_memory": 7.31, "cpu_percent": 24.7, "learning_rate": 0.00025, "loss_mean": 0.35, "n_updates": 0}, {"reward": 880, "eps": 0.1632, "len": 255, "time": 10408.49, "timesteps": 372023, "cpu_memory": 7.31, "cpu_percent": 24.7, "learning_rate": 0.00025, "loss_mean": 0.37, "n_updates": 0}, {"reward": 920, "eps": 0.1627, "len": 214, "time": 10415.18, "timesteps": 372237, "cpu_memory": 7.31, "cpu_percent": 24.7, "learning_rate": 0.00025, "loss_mean": 0.34, "n_updates": 0}, {"reward": 760, "eps": 0.1623, "len": 188, "time": 10421.02, "timesteps": 372425, "cpu_memory": 7.31, "cpu_percent": 24.7, "learning_rate": 0.00025, "loss_mean": 0.35, "n_updates": 0}, {"reward": 610, "eps": 0.1618, "len": 180, "time": 10426.65, "timesteps": 372605, "cpu_memory": 7.31, "cpu_percent": 24.7, "learning_rate": 0.00025, "loss_mean": 0.34, "n_updates": 0}, {"reward": 710, "eps": 0.1614, "len": 176, "time": 10432.07, "timesteps": 372781, "cpu_memory": 7.31, "cpu_percent": 24.7, "learning_rate": 0.00025, "loss_mean": 0.33, "n_updates": 0}, {"reward": 680, "eps": 0.161, "len": 194, "time": 10438.27, "timesteps": 372975, "cpu_memory": 7.32, "cpu_percent": 24.7, "learning_rate": 0.00025, "loss_mean": 0.33, "n_updates": 0}, {"reward": 650, "eps": 0.1606, "len": 177, "time": 10443.7, "timesteps": 373152, "cpu_memory": 7.32, "cpu_percent": 24.7, "learning_rate": 0.00025, "loss_mean": 0.33, "n_updates": 0}, {"reward": 1310, "eps": 0.1601, "len": 304, "time": 10453.16, "timesteps": 373456, "cpu_memory": 7.32, "cpu_percent": 24.7, "learning_rate": 0.00025, "loss_mean": 0.33, "n_updates": 0}, {"reward": 500, "eps": 0.1596, "len": 148, "time": 10457.77, "timesteps": 373604, "cpu_memory": 7.32, "cpu_percent": 24.7, "learning_rate": 0.00025, "loss_mean": 0.34, "n_updates": 0}, {"reward": 730, "eps": 0.1592, "len": 182, "time": 10463.38, "timesteps": 373786, "cpu_memory": 7.32, "cpu_percent": 24.7, "learning_rate": 0.00025, "loss_mean": 0.34, "n_updates": 0}, {"reward": 920, "eps": 0.1587, "len": 232, "time": 10470.66, "timesteps": 374018, "cpu_memory": 7.32, "cpu_percent": 24.7, "learning_rate": 0.00025, "loss_mean": 0.34, "n_updates": 0}, {"reward": 490, "eps": 0.1582, "len": 186, "time": 10476.45, "timesteps": 374204, "cpu_memory": 7.32, "cpu_percent": 24.7, "learning_rate": 0.00025, "loss_mean": 0.33, "n_updates": 0}, {"reward": 820, "eps": 0.1578, "len": 211, "time": 10482.83, "timesteps": 374415, "cpu_memory": 7.33, "cpu_percent": 24.7, "learning_rate": 0.00025, "loss_mean": 0.33, "n_updates": 0}, {"reward": 1310, "eps": 0.1572, "len": 289, "time": 10491.52, "timesteps": 374704, "cpu_memory": 7.33, "cpu_percent": 24.7, "learning_rate": 0.00025, "loss_mean": 0.34, "n_updates": 0}, {"reward": 1100, "eps": 0.1566, "len": 266, "time": 10499.68, "timesteps": 374970, "cpu_memory": 7.33, "cpu_percent": 24.7, "learning_rate": 0.00025, "loss_mean": 0.35, "n_updates": 0}, {"reward": 1000, "eps": 0.1559, "len": 326, "time": 10509.52, "timesteps": 375296, "cpu_memory": 7.33, "cpu_percent": 24.7, "learning_rate": 0.00025, "loss_mean": 0.36, "n_updates": 0}, {"reward": 850, "eps": 0.1553, "len": 240, "time": 10516.75, "timesteps": 375536, "cpu_memory": 7.34, "cpu_percent": 24.7, "learning_rate": 0.00025, "loss_mean": 0.37, "n_updates": 0}, {"reward": 570, "eps": 0.1549, "len": 154, "time": 10521.36, "timesteps": 375690, "cpu_memory": 7.34, "cpu_percent": 24.7, "learning_rate": 0.00025, "loss_mean": 0.35, "n_updates": 0}, {"reward": 500, "eps": 0.1546, "len": 125, "time": 10525.15, "timesteps": 375815, "cpu_memory": 7.34, "cpu_percent": 24.7, "learning_rate": 0.00025, "loss_mean": 0.4, "n_updates": 0}, {"reward": 640, "eps": 0.1542, "len": 166, "time": 10530.33, "timesteps": 375981, "cpu_memory": 7.34, "cpu_percent": 24.8, "learning_rate": 0.00025, "loss_mean": 0.35, "n_updates": 0}, {"reward": 1100, "eps": 0.1537, "len": 298, "time": 10539.4, "timesteps": 376279, "cpu_memory": 7.34, "cpu_percent": 24.8, "learning_rate": 0.00025, "loss_mean": 0.36, "n_updates": 0}, {"reward": 670, "eps": 0.1532, "len": 195, "time": 10545.27, "timesteps": 376474, "cpu_memory": 7.34, "cpu_percent": 24.8, "learning_rate": 0.00025, "loss_mean": 0.37, "n_updates": 0}, {"reward": 880, "eps": 0.1527, "len": 246, "time": 10552.58, "timesteps": 376720, "cpu_memory": 7.34, "cpu_percent": 24.8, "learning_rate": 0.00025, "loss_mean": 0.38, "n_updates": 0}, {"reward": 1100, "eps": 0.1521, "len": 236, "time": 10560.05, "timesteps": 376956, "cpu_memory": 7.35, "cpu_percent": 24.8, "learning_rate": 0.00025, "loss_mean": 0.37, "n_updates": 0}, {"reward": 920, "eps": 0.1515, "len": 266, "time": 10568.08, "timesteps": 377222, "cpu_memory": 7.35, "cpu_percent": 24.8, "learning_rate": 0.00025, "loss_mean": 0.36, "n_updates": 0}, {"reward": 710, "eps": 0.151, "len": 195, "time": 10573.92, "timesteps": 377417, "cpu_memory": 7.35, "cpu_percent": 24.8, "learning_rate": 0.00025, "loss_mean": 0.36, "n_updates": 0}, {"reward": 910, "eps": 0.1505, "len": 243, "time": 10581.15, "timesteps": 377660, "cpu_memory": 7.35, "cpu_percent": 24.8, "learning_rate": 0.00025, "loss_mean": 0.35, "n_updates": 0}, {"reward": 820, "eps": 0.1501, "len": 183, "time": 10586.64, "timesteps": 377843, "cpu_memory": 7.35, "cpu_percent": 24.8, "learning_rate": 0.00025, "loss_mean": 0.35, "n_updates": 0}, {"reward": 520, "eps": 0.1496, "len": 221, "time": 10593.56, "timesteps": 378064, "cpu_memory": 7.35, "cpu_percent": 24.8, "learning_rate": 0.00025, "loss_mean": 0.35, "n_updates": 0}, {"reward": 1320, "eps": 0.149, "len": 326, "time": 10603.41, "timesteps": 378390, "cpu_memory": 7.36, "cpu_percent": 24.8, "learning_rate": 0.00025, "loss_mean": 0.36, "n_updates": 0}, {"reward": 540, "eps": 0.1484, "len": 228, "time": 10610.3, "timesteps": 378618, "cpu_memory": 7.36, "cpu_percent": 24.8, "learning_rate": 0.00025, "loss_mean": 0.36, "n_updates": 0}, {"reward": 1150, "eps": 0.1478, "len": 287, "time": 10618.85, "timesteps": 378905, "cpu_memory": 7.36, "cpu_percent": 24.9, "learning_rate": 0.00025, "loss_mean": 0.36, "n_updates": 0}, {"reward": 760, "eps": 0.1473, "len": 188, "time": 10624.68, "timesteps": 379093, "cpu_memory": 7.36, "cpu_percent": 24.8, "learning_rate": 0.00025, "loss_mean": 0.34, "n_updates": 0}, {"reward": 390, "eps": 0.1469, "len": 145, "time": 10629.15, "timesteps": 379238, "cpu_memory": 7.36, "cpu_percent": 24.8, "learning_rate": 0.00025, "loss_mean": 0.34, "n_updates": 0}, {"reward": 910, "eps": 0.1464, "len": 253, "time": 10636.77, "timesteps": 379491, "cpu_memory": 7.37, "cpu_percent": 24.8, "learning_rate": 0.00025, "loss_mean": 0.34, "n_updates": 0}, {"reward": 610, "eps": 0.1459, "len": 183, "time": 10642.27, "timesteps": 379674, "cpu_memory": 7.37, "cpu_percent": 24.8, "learning_rate": 0.00025, "loss_mean": 0.36, "n_updates": 0}]