[{"reward": 380, "eps": 0.6857, "len": 127, "time": 3734.89, "timesteps": 139771, "cpu_memory": 5.62, "cpu_percent": 19.2, "learning_rate": 0.00025, "loss_mean": 0.45, "n_updates": 0}, {"reward": 530, "eps": 0.6853, "len": 209, "time": 3740.53, "timesteps": 139980, "cpu_memory": 5.63, "cpu_percent": 19.3, "learning_rate": 0.00025, "loss_mean": 0.41, "n_updates": 0}, {"reward": 360, "eps": 0.6849, "len": 145, "time": 3745.05, "timesteps": 140125, "cpu_memory": 5.63, "cpu_percent": 19.3, "learning_rate": 0.00025, "loss_mean": 0.29, "n_updates": 0}, {"reward": 430, "eps": 0.6845, "len": 164, "time": 3749.58, "timesteps": 140289, "cpu_memory": 5.63, "cpu_percent": 19.3, "learning_rate": 0.00025, "loss_mean": 0.27, "n_updates": 0}, {"reward": 600, "eps": 0.6842, "len": 170, "time": 3754.21, "timesteps": 140459, "cpu_memory": 5.63, "cpu_percent": 19.3, "learning_rate": 0.00025, "loss_mean": 0.23, "n_updates": 0}, {"reward": 570, "eps": 0.6837, "len": 199, "time": 3759.67, "timesteps": 140658, "cpu_memory": 5.63, "cpu_percent": 19.3, "learning_rate": 0.00025, "loss_mean": 0.25, "n_updates": 0}, {"reward": 450, "eps": 0.6833, "len": 186, "time": 3764.89, "timesteps": 140844, "cpu_memory": 5.63, "cpu_percent": 19.3, "learning_rate": 0.00025, "loss_mean": 0.25, "n_updates": 0}, {"reward": 520, "eps": 0.6829, "len": 148, "time": 3768.92, "timesteps": 140992, "cpu_memory": 5.63, "cpu_percent": 19.3, "learning_rate": 0.00025, "loss_mean": 0.25, "n_updates": 0}, {"reward": 550, "eps": 0.6826, "len": 179, "time": 3773.73, "timesteps": 141171, "cpu_memory": 5.63, "cpu_percent": 19.3, "learning_rate": 0.00025, "loss_mean": 0.23, "n_updates": 0}, {"reward": 530, "eps": 0.6821, "len": 194, "time": 3778.99, "timesteps": 141365, "cpu_memory": 5.64, "cpu_percent": 19.3, "learning_rate": 0.00025, "loss_mean": 0.22, "n_updates": 0}, {"reward": 280, "eps": 0.6818, "len": 124, "time": 3782.37, "timesteps": 141489, "cpu_memory": 5.64, "cpu_percent": 19.3, "learning_rate": 0.00025, "loss_mean": 0.23, "n_updates": 0}, {"reward": 470, "eps": 0.6815, "len": 157, "time": 3786.74, "timesteps": 141646, "cpu_memory": 5.64, "cpu_percent": 19.3, "learning_rate": 0.00025, "loss_mean": 0.23, "n_updates": 0}, {"reward": 300, "eps": 0.6812, "len": 111, "time": 3789.75, "timesteps": 141757, "cpu_memory": 5.64, "cpu_percent": 19.3, "learning_rate": 0.00025, "loss_mean": 0.22, "n_updates": 0}, {"reward": 420, "eps": 0.6808, "len": 200, "time": 3795.2, "timesteps": 141957, "cpu_memory": 5.64, "cpu_percent": 19.3, "learning_rate": 0.00025, "loss_mean": 0.23, "n_updates": 0}, {"reward": 550, "eps": 0.6804, "len": 177, "time": 3799.93, "timesteps": 142134, "cpu_memory": 5.64, "cpu_percent": 19.3, "learning_rate": 0.00025, "loss_mean": 0.25, "n_updates": 0}, {"reward": 680, "eps": 0.6799, "len": 221, "time": 3805.92, "timesteps": 142355, "cpu_memory": 5.64, "cpu_percent": 19.3, "learning_rate": 0.00025, "loss_mean": 0.25, "n_updates": 0}, {"reward": 650, "eps": 0.6795, "len": 202, "time": 3811.37, "timesteps": 142557, "cpu_memory": 5.64, "cpu_percent": 19.3, "learning_rate": 0.00025, "loss_mean": 0.23, "n_updates": 0}, {"reward": 780, "eps": 0.679, "len": 237, "time": 3817.83, "timesteps": 142794, "cpu_memory": 5.64, "cpu_percent": 19.3, "learning_rate": 0.00025, "loss_mean": 0.23, "n_updates": 0}, {"reward": 470, "eps": 0.6785, "len": 226, "time": 3824.01, "timesteps": 143020, "cpu_memory": 5.65, "cpu_percent": 19.3, "learning_rate": 0.00025, "loss_mean": 0.24, "n_updates": 0}, {"reward": 470, "eps": 0.678, "len": 152, "time": 3828.28, "timesteps": 143172, "cpu_memory": 5.65, "cpu_percent": 19.3, "learning_rate": 0.00025, "loss_mean": 0.25, "n_updates": 0}, {"reward": 490, "eps": 0.6777, "len": 134, "time": 3831.93, "timesteps": 143306, "cpu_memory": 5.65, "cpu_percent": 19.3, "learning_rate": 0.00025, "loss_mean": 0.25, "n_updates": 0}, {"reward": 450, "eps": 0.6773, "len": 223, "time": 3837.94, "timesteps": 143529, "cpu_memory": 5.65, "cpu_percent": 19.3, "learning_rate": 0.00025, "loss_mean": 0.25, "n_updates": 0}, {"reward": 440, "eps": 0.6769, "len": 144, "time": 3841.79, "timesteps": 143673, "cpu_memory": 5.65, "cpu_percent": 19.3, "learning_rate": 0.00025, "loss_mean": 0.24, "n_updates": 0}, {"reward": 620, "eps": 0.6765, "len": 249, "time": 3848.54, "timesteps": 143922, "cpu_memory": 5.65, "cpu_percent": 19.4, "learning_rate": 0.00025, "loss_mean": 0.25, "n_updates": 0}, {"reward": 910, "eps": 0.6758, "len": 315, "time": 3857.03, "timesteps": 144237, "cpu_memory": 5.65, "cpu_percent": 19.4, "learning_rate": 0.00025, "loss_mean": 0.25, "n_updates": 0}, {"reward": 550, "eps": 0.6753, "len": 149, "time": 3861.02, "timesteps": 144386, "cpu_memory": 5.65, "cpu_percent": 19.4, "learning_rate": 0.00025, "loss_mean": 0.24, "n_updates": 0}, {"reward": 590, "eps": 0.6749, "len": 216, "time": 3866.78, "timesteps": 144602, "cpu_memory": 5.66, "cpu_percent": 19.4, "learning_rate": 0.00025, "loss_mean": 0.23, "n_updates": 0}, {"reward": 800, "eps": 0.6744, "len": 233, "time": 3872.95, "timesteps": 144835, "cpu_memory": 5.66, "cpu_percent": 19.4, "learning_rate": 0.00025, "loss_mean": 0.23, "n_updates": 0}, {"reward": 1000, "eps": 0.6738, "len": 257, "time": 3879.89, "timesteps": 145092, "cpu_memory": 5.66, "cpu_percent": 19.4, "learning_rate": 0.00025, "loss_mean": 0.25, "n_updates": 0}, {"reward": 480, "eps": 0.6733, "len": 198, "time": 3885.31, "timesteps": 145290, "cpu_memory": 5.66, "cpu_percent": 19.4, "learning_rate": 0.00025, "loss_mean": 0.23, "n_updates": 0}, {"reward": 450, "eps": 0.6729, "len": 148, "time": 3889.39, "timesteps": 145438, "cpu_memory": 5.66, "cpu_percent": 19.4, "learning_rate": 0.00025, "loss_mean": 0.23, "n_updates": 0}, {"reward": 800, "eps": 0.6725, "len": 230, "time": 3895.56, "timesteps": 145668, "cpu_memory": 5.66, "cpu_percent": 19.4, "learning_rate": 0.00025, "loss_mean": 0.24, "n_updates": 0}, {"reward": 480, "eps": 0.6721, "len": 140, "time": 3899.36, "timesteps": 145808, "cpu_memory": 5.66, "cpu_percent": 19.4, "learning_rate": 0.00025, "loss_mean": 0.25, "n_updates": 0}, {"reward": 600, "eps": 0.6717, "len": 187, "time": 3904.47, "timesteps": 145995, "cpu_memory": 5.67, "cpu_percent": 19.4, "learning_rate": 0.00025, "loss_mean": 0.21, "n_updates": 0}, {"reward": 700, "eps": 0.6712, "len": 295, "time": 3912.53, "timesteps": 146290, "cpu_memory": 5.67, "cpu_percent": 19.4, "learning_rate": 0.00025, "loss_mean": 0.26, "n_updates": 0}, {"reward": 370, "eps": 0.6707, "len": 138, "time": 3916.28, "timesteps": 146428, "cpu_memory": 5.67, "cpu_percent": 19.4, "learning_rate": 0.00025, "loss_mean": 0.27, "n_updates": 0}, {"reward": 430, "eps": 0.6704, "len": 161, "time": 3920.8, "timesteps": 146589, "cpu_memory": 5.67, "cpu_percent": 19.4, "learning_rate": 0.00025, "loss_mean": 0.25, "n_updates": 0}, {"reward": 610, "eps": 0.6699, "len": 203, "time": 3926.29, "timesteps": 146792, "cpu_memory": 5.67, "cpu_percent": 19.4, "learning_rate": 0.00025, "loss_mean": 0.26, "n_updates": 0}, {"reward": 490, "eps": 0.6695, "len": 162, "time": 3930.77, "timesteps": 146954, "cpu_memory": 5.67, "cpu_percent": 19.4, "learning_rate": 0.00025, "loss_mean": 0.25, "n_updates": 0}, {"reward": 910, "eps": 0.6691, "len": 262, "time": 3937.94, "timesteps": 147216, "cpu_memory": 5.67, "cpu_percent": 19.4, "learning_rate": 0.00025, "loss_mean": 0.25, "n_updates": 0}, {"reward": 680, "eps": 0.6686, "len": 178, "time": 3942.94, "timesteps": 147394, "cpu_memory": 5.67, "cpu_percent": 19.4, "learning_rate": 0.00025, "loss_mean": 0.26, "n_updates": 0}, {"reward": 550, "eps": 0.6681, "len": 197, "time": 3948.41, "timesteps": 147591, "cpu_memory": 5.68, "cpu_percent": 19.4, "learning_rate": 0.00025, "loss_mean": 0.26, "n_updates": 0}, {"reward": 390, "eps": 0.6677, "len": 164, "time": 3952.93, "timesteps": 147755, "cpu_memory": 5.68, "cpu_percent": 19.4, "learning_rate": 0.00025, "loss_mean": 0.27, "n_updates": 0}, {"reward": 680, "eps": 0.6673, "len": 188, "time": 3958.03, "timesteps": 147943, "cpu_memory": 5.68, "cpu_percent": 19.4, "learning_rate": 0.00025, "loss_mean": 0.26, "n_updates": 0}, {"reward": 860, "eps": 0.6669, "len": 228, "time": 3964.37, "timesteps": 148171, "cpu_memory": 5.68, "cpu_percent": 19.4, "learning_rate": 0.00025, "loss_mean": 0.24, "n_updates": 0}, {"reward": 510, "eps": 0.6664, "len": 193, "time": 3969.54, "timesteps": 148364, "cpu_memory": 5.68, "cpu_percent": 19.4, "learning_rate": 0.00025, "loss_mean": 0.24, "n_updates": 0}, {"reward": 450, "eps": 0.666, "len": 158, "time": 3973.96, "timesteps": 148522, "cpu_memory": 5.68, "cpu_percent": 19.5, "learning_rate": 0.00025, "loss_mean": 0.24, "n_updates": 0}, {"reward": 820, "eps": 0.6655, "len": 315, "time": 3982.54, "timesteps": 148837, "cpu_memory": 5.68, "cpu_percent": 19.5, "learning_rate": 0.00025, "loss_mean": 0.24, "n_updates": 0}, {"reward": 440, "eps": 0.665, "len": 121, "time": 3985.91, "timesteps": 148958, "cpu_memory": 5.69, "cpu_percent": 19.5, "learning_rate": 0.00025, "loss_mean": 0.24, "n_updates": 0}, {"reward": 700, "eps": 0.6646, "len": 197, "time": 3991.35, "timesteps": 149155, "cpu_memory": 5.69, "cpu_percent": 19.5, "learning_rate": 0.00025, "loss_mean": 0.25, "n_updates": 0}, {"reward": 660, "eps": 0.6642, "len": 214, "time": 3997.07, "timesteps": 149369, "cpu_memory": 5.69, "cpu_percent": 19.5, "learning_rate": 0.00025, "loss_mean": 0.25, "n_updates": 0}, {"reward": 620, "eps": 0.6637, "len": 195, "time": 4002.33, "timesteps": 149564, "cpu_memory": 5.69, "cpu_percent": 19.5, "learning_rate": 0.00025, "loss_mean": 0.28, "n_updates": 0}]