[{"reward": 290, "eps": 0.9778, "len": 116, "time": 263.12, "timesteps": 9904, "cpu_memory": 2.46, "cpu_percent": 9.2, "learning_rate": 0.00025, "loss_mean": 1.16, "n_updates": 0}, {"reward": 360, "eps": 0.9776, "len": 10048, "time": 267.47, "timesteps": 10048, "cpu_memory": 2.47, "cpu_percent": 9.3, "learning_rate": 0.00025, "loss_mean": 1.15, "n_updates": 0}, {"reward": 500, "eps": 0.9772, "len": 165, "time": 271.63, "timesteps": 10213, "cpu_memory": 2.47, "cpu_percent": 9.3, "learning_rate": 0.00025, "loss_mean": 0.89, "n_updates": 0}, {"reward": 360, "eps": 0.9769, "len": 125, "time": 274.92, "timesteps": 10338, "cpu_memory": 2.48, "cpu_percent": 9.3, "learning_rate": 0.00025, "loss_mean": 1.32, "n_updates": 0}, {"reward": 500, "eps": 0.9765, "len": 187, "time": 279.57, "timesteps": 10525, "cpu_memory": 2.48, "cpu_percent": 9.3, "learning_rate": 0.00025, "loss_mean": 1.16, "n_updates": 0}, {"reward": 490, "eps": 0.9761, "len": 167, "time": 283.77, "timesteps": 10692, "cpu_memory": 2.48, "cpu_percent": 9.3, "learning_rate": 0.00025, "loss_mean": 1.17, "n_updates": 0}, {"reward": 370, "eps": 0.9758, "len": 169, "time": 288.03, "timesteps": 10861, "cpu_memory": 2.48, "cpu_percent": 9.3, "learning_rate": 0.00025, "loss_mean": 1.15, "n_updates": 0}, {"reward": 760, "eps": 0.9753, "len": 212, "time": 293.32, "timesteps": 11073, "cpu_memory": 2.48, "cpu_percent": 9.3, "learning_rate": 0.00025, "loss_mean": 0.86, "n_updates": 0}, {"reward": 600, "eps": 0.9749, "len": 192, "time": 298.14, "timesteps": 11265, "cpu_memory": 2.48, "cpu_percent": 9.3, "learning_rate": 0.00025, "loss_mean": 0.99, "n_updates": 0}, {"reward": 450, "eps": 0.9745, "len": 147, "time": 301.82, "timesteps": 11412, "cpu_memory": 2.48, "cpu_percent": 9.3, "learning_rate": 0.00025, "loss_mean": 1.12, "n_updates": 0}, {"reward": 330, "eps": 0.9742, "len": 149, "time": 305.76, "timesteps": 11561, "cpu_memory": 2.48, "cpu_percent": 9.3, "learning_rate": 0.00025, "loss_mean": 1.22, "n_updates": 0}, {"reward": 370, "eps": 0.9738, "len": 161, "time": 309.78, "timesteps": 11722, "cpu_memory": 2.48, "cpu_percent": 9.3, "learning_rate": 0.00025, "loss_mean": 0.97, "n_updates": 0}, {"reward": 410, "eps": 0.9735, "len": 140, "time": 313.31, "timesteps": 11862, "cpu_memory": 2.49, "cpu_percent": 9.3, "learning_rate": 0.00025, "loss_mean": 1.02, "n_updates": 0}, {"reward": 310, "eps": 0.9732, "len": 125, "time": 316.52, "timesteps": 11987, "cpu_memory": 2.49, "cpu_percent": 9.2, "learning_rate": 0.00025, "loss_mean": 0.93, "n_updates": 0}, {"reward": 480, "eps": 0.9728, "len": 174, "time": 320.95, "timesteps": 12161, "cpu_memory": 2.49, "cpu_percent": 9.2, "learning_rate": 0.00025, "loss_mean": 1.05, "n_updates": 0}, {"reward": 370, "eps": 0.9725, "len": 139, "time": 324.46, "timesteps": 12300, "cpu_memory": 2.49, "cpu_percent": 9.2, "learning_rate": 0.00025, "loss_mean": 1.02, "n_updates": 0}, {"reward": 700, "eps": 0.9721, "len": 214, "time": 329.87, "timesteps": 12514, "cpu_memory": 2.49, "cpu_percent": 9.2, "learning_rate": 0.00025, "loss_mean": 0.94, "n_updates": 0}, {"reward": 630, "eps": 0.9716, "len": 199, "time": 334.96, "timesteps": 12713, "cpu_memory": 2.49, "cpu_percent": 9.2, "learning_rate": 0.00025, "loss_mean": 0.92, "n_updates": 0}, {"reward": 720, "eps": 0.9711, "len": 229, "time": 340.8, "timesteps": 12942, "cpu_memory": 2.49, "cpu_percent": 9.3, "learning_rate": 0.00025, "loss_mean": 1.06, "n_updates": 0}, {"reward": 400, "eps": 0.9707, "len": 143, "time": 344.56, "timesteps": 13085, "cpu_memory": 2.49, "cpu_percent": 9.3, "learning_rate": 0.00025, "loss_mean": 0.74, "n_updates": 0}, {"reward": 430, "eps": 0.9704, "len": 117, "time": 347.56, "timesteps": 13202, "cpu_memory": 2.49, "cpu_percent": 9.3, "learning_rate": 0.00025, "loss_mean": 0.88, "n_updates": 0}, {"reward": 480, "eps": 0.9701, "len": 149, "time": 351.36, "timesteps": 13351, "cpu_memory": 2.49, "cpu_percent": 9.3, "learning_rate": 0.00025, "loss_mean": 1.04, "n_updates": 0}, {"reward": 950, "eps": 0.9696, "len": 309, "time": 359.03, "timesteps": 13660, "cpu_memory": 2.5, "cpu_percent": 9.3, "learning_rate": 0.00025, "loss_mean": 0.73, "n_updates": 0}, {"reward": 830, "eps": 0.969, "len": 271, "time": 365.92, "timesteps": 13931, "cpu_memory": 2.5, "cpu_percent": 9.3, "learning_rate": 0.00025, "loss_mean": 0.96, "n_updates": 0}, {"reward": 600, "eps": 0.9684, "len": 215, "time": 371.47, "timesteps": 14146, "cpu_memory": 2.5, "cpu_percent": 9.4, "learning_rate": 0.00025, "loss_mean": 0.97, "n_updates": 0}, {"reward": 380, "eps": 0.968, "len": 138, "time": 374.99, "timesteps": 14284, "cpu_memory": 2.5, "cpu_percent": 9.4, "learning_rate": 0.00025, "loss_mean": 0.91, "n_updates": 0}, {"reward": 430, "eps": 0.9677, "len": 132, "time": 378.36, "timesteps": 14416, "cpu_memory": 2.5, "cpu_percent": 9.4, "learning_rate": 0.00025, "loss_mean": 0.72, "n_updates": 0}, {"reward": 360, "eps": 0.9674, "len": 150, "time": 382.15, "timesteps": 14566, "cpu_memory": 2.5, "cpu_percent": 9.4, "learning_rate": 0.00025, "loss_mean": 0.72, "n_updates": 0}, {"reward": 650, "eps": 0.967, "len": 236, "time": 388.04, "timesteps": 14802, "cpu_memory": 2.5, "cpu_percent": 9.4, "learning_rate": 0.00025, "loss_mean": 0.89, "n_updates": 0}, {"reward": 450, "eps": 0.9665, "len": 147, "time": 391.87, "timesteps": 14949, "cpu_memory": 2.5, "cpu_percent": 9.4, "learning_rate": 0.00025, "loss_mean": 0.76, "n_updates": 0}, {"reward": 520, "eps": 0.9662, "len": 151, "time": 395.73, "timesteps": 15100, "cpu_memory": 2.51, "cpu_percent": 9.4, "learning_rate": 0.00025, "loss_mean": 0.75, "n_updates": 0}, {"reward": 520, "eps": 0.9658, "len": 180, "time": 400.46, "timesteps": 15280, "cpu_memory": 2.51, "cpu_percent": 9.4, "learning_rate": 0.00025, "loss_mean": 0.82, "n_updates": 0}, {"reward": 440, "eps": 0.9654, "len": 156, "time": 404.49, "timesteps": 15436, "cpu_memory": 2.51, "cpu_percent": 9.4, "learning_rate": 0.00025, "loss_mean": 0.99, "n_updates": 0}, {"reward": 540, "eps": 0.9651, "len": 161, "time": 408.58, "timesteps": 15597, "cpu_memory": 2.51, "cpu_percent": 9.4, "learning_rate": 0.00025, "loss_mean": 0.99, "n_updates": 0}, {"reward": 350, "eps": 0.9648, "len": 116, "time": 411.56, "timesteps": 15713, "cpu_memory": 2.51, "cpu_percent": 9.4, "learning_rate": 0.00025, "loss_mean": 0.82, "n_updates": 0}, {"reward": 530, "eps": 0.9644, "len": 200, "time": 416.57, "timesteps": 15913, "cpu_memory": 2.51, "cpu_percent": 9.4, "learning_rate": 0.00025, "loss_mean": 0.85, "n_updates": 0}, {"reward": 200, "eps": 0.9641, "len": 86, "time": 418.76, "timesteps": 15999, "cpu_memory": 2.51, "cpu_percent": 9.4, "learning_rate": 0.00025, "loss_mean": 1.05, "n_updates": 0}, {"reward": 690, "eps": 0.9637, "len": 226, "time": 424.66, "timesteps": 16225, "cpu_memory": 2.51, "cpu_percent": 9.4, "learning_rate": 0.00025, "loss_mean": 0.69, "n_updates": 0}, {"reward": 490, "eps": 0.9633, "len": 179, "time": 429.11, "timesteps": 16404, "cpu_memory": 2.51, "cpu_percent": 9.4, "learning_rate": 0.00025, "loss_mean": 0.76, "n_updates": 0}, {"reward": 790, "eps": 0.9629, "len": 191, "time": 434.06, "timesteps": 16595, "cpu_memory": 2.51, "cpu_percent": 9.4, "learning_rate": 0.00025, "loss_mean": 0.86, "n_updates": 0}, {"reward": 410, "eps": 0.9625, "len": 125, "time": 437.25, "timesteps": 16720, "cpu_memory": 2.52, "cpu_percent": 9.4, "learning_rate": 0.00025, "loss_mean": 0.59, "n_updates": 0}, {"reward": 690, "eps": 0.9622, "len": 191, "time": 442.07, "timesteps": 16911, "cpu_memory": 2.52, "cpu_percent": 9.4, "learning_rate": 0.00025, "loss_mean": 0.8, "n_updates": 0}, {"reward": 450, "eps": 0.9618, "len": 151, "time": 445.94, "timesteps": 17062, "cpu_memory": 2.53, "cpu_percent": 9.5, "learning_rate": 0.00025, "loss_mean": 0.65, "n_updates": 0}, {"reward": 440, "eps": 0.9614, "len": 177, "time": 450.39, "timesteps": 17239, "cpu_memory": 2.53, "cpu_percent": 9.5, "learning_rate": 0.00025, "loss_mean": 0.84, "n_updates": 0}, {"reward": 480, "eps": 0.961, "len": 178, "time": 454.98, "timesteps": 17417, "cpu_memory": 2.54, "cpu_percent": 9.5, "learning_rate": 0.00025, "loss_mean": 0.7, "n_updates": 0}, {"reward": 510, "eps": 0.9606, "len": 192, "time": 459.86, "timesteps": 17609, "cpu_memory": 2.54, "cpu_percent": 9.5, "learning_rate": 0.00025, "loss_mean": 0.84, "n_updates": 0}, {"reward": 640, "eps": 0.9601, "len": 216, "time": 465.51, "timesteps": 17825, "cpu_memory": 2.55, "cpu_percent": 9.5, "learning_rate": 0.00025, "loss_mean": 1.01, "n_updates": 0}, {"reward": 580, "eps": 0.9597, "len": 177, "time": 469.97, "timesteps": 18002, "cpu_memory": 2.56, "cpu_percent": 9.5, "learning_rate": 0.00025, "loss_mean": 0.56, "n_updates": 0}, {"reward": 420, "eps": 0.9593, "len": 144, "time": 473.64, "timesteps": 18146, "cpu_memory": 2.56, "cpu_percent": 9.5, "learning_rate": 0.00025, "loss_mean": 0.78, "n_updates": 0}, {"reward": 430, "eps": 0.959, "len": 146, "time": 477.35, "timesteps": 18292, "cpu_memory": 2.57, "cpu_percent": 9.5, "learning_rate": 0.00025, "loss_mean": 0.57, "n_updates": 0}, {"reward": 650, "eps": 0.9586, "len": 195, "time": 482.25, "timesteps": 18487, "cpu_memory": 2.57, "cpu_percent": 9.5, "learning_rate": 0.00025, "loss_mean": 0.61, "n_updates": 0}, {"reward": 640, "eps": 0.9582, "len": 225, "time": 487.97, "timesteps": 18712, "cpu_memory": 2.58, "cpu_percent": 9.5, "learning_rate": 0.00025, "loss_mean": 0.6, "n_updates": 0}, {"reward": 500, "eps": 0.9577, "len": 172, "time": 492.43, "timesteps": 18884, "cpu_memory": 2.59, "cpu_percent": 9.5, "learning_rate": 0.00025, "loss_mean": 0.73, "n_updates": 0}, {"reward": 450, "eps": 0.9574, "len": 142, "time": 496.12, "timesteps": 19026, "cpu_memory": 2.59, "cpu_percent": 9.5, "learning_rate": 0.00025, "loss_mean": 0.63, "n_updates": 0}, {"reward": 600, "eps": 0.957, "len": 207, "time": 501.36, "timesteps": 19233, "cpu_memory": 2.6, "cpu_percent": 9.5, "learning_rate": 0.00025, "loss_mean": 0.73, "n_updates": 0}, {"reward": 490, "eps": 0.9565, "len": 176, "time": 505.99, "timesteps": 19409, "cpu_memory": 2.6, "cpu_percent": 9.6, "learning_rate": 0.00025, "loss_mean": 0.93, "n_updates": 0}, {"reward": 620, "eps": 0.9561, "len": 197, "time": 510.99, "timesteps": 19606, "cpu_memory": 2.61, "cpu_percent": 9.6, "learning_rate": 0.00025, "loss_mean": 0.59, "n_updates": 0}]