[{"reward": 1080, "eps": 0.1, "len": 248, "time": 17215.26, "timesteps": 589842, "cpu_memory": 8.98, "cpu_percent": 30.0, "learning_rate": 0.00025, "loss_mean": 0.26, "n_updates": 0}, {"reward": 1170, "eps": 0.1, "len": 590136, "time": 17224.34, "timesteps": 590136, "cpu_memory": 8.98, "cpu_percent": 30.0, "learning_rate": 0.00025, "loss_mean": 0.25, "n_updates": 0}, {"reward": 660, "eps": 0.1, "len": 152, "time": 17228.8, "timesteps": 590288, "cpu_memory": 8.98, "cpu_percent": 30.0, "learning_rate": 0.00025, "loss_mean": 0.25, "n_updates": 0}, {"reward": 890, "eps": 0.1, "len": 214, "time": 17235.16, "timesteps": 590502, "cpu_memory": 8.98, "cpu_percent": 30.0, "learning_rate": 0.00025, "loss_mean": 0.25, "n_updates": 0}, {"reward": 940, "eps": 0.1, "len": 194, "time": 17240.82, "timesteps": 590696, "cpu_memory": 8.98, "cpu_percent": 30.0, "learning_rate": 0.00025, "loss_mean": 0.27, "n_updates": 0}, {"reward": 840, "eps": 0.1, "len": 199, "time": 17246.57, "timesteps": 590895, "cpu_memory": 8.98, "cpu_percent": 30.0, "learning_rate": 0.00025, "loss_mean": 0.26, "n_updates": 0}, {"reward": 710, "eps": 0.1, "len": 218, "time": 17252.9, "timesteps": 591113, "cpu_memory": 8.99, "cpu_percent": 30.0, "learning_rate": 0.00025, "loss_mean": 0.26, "n_updates": 0}, {"reward": 920, "eps": 0.1, "len": 206, "time": 17258.88, "timesteps": 591319, "cpu_memory": 8.99, "cpu_percent": 30.1, "learning_rate": 0.00025, "loss_mean": 0.25, "n_updates": 0}, {"reward": 1420, "eps": 0.1, "len": 321, "time": 17268.27, "timesteps": 591640, "cpu_memory": 8.99, "cpu_percent": 30.1, "learning_rate": 0.00025, "loss_mean": 0.26, "n_updates": 0}, {"reward": 750, "eps": 0.1, "len": 196, "time": 17274.03, "timesteps": 591836, "cpu_memory": 8.99, "cpu_percent": 30.1, "learning_rate": 0.00025, "loss_mean": 0.26, "n_updates": 0}, {"reward": 1290, "eps": 0.1, "len": 282, "time": 17282.16, "timesteps": 592118, "cpu_memory": 8.99, "cpu_percent": 30.1, "learning_rate": 0.00025, "loss_mean": 0.25, "n_updates": 0}, {"reward": 770, "eps": 0.1, "len": 220, "time": 17288.79, "timesteps": 592338, "cpu_memory": 9.0, "cpu_percent": 30.1, "learning_rate": 0.00025, "loss_mean": 0.26, "n_updates": 0}, {"reward": 610, "eps": 0.1, "len": 192, "time": 17294.33, "timesteps": 592530, "cpu_memory": 9.0, "cpu_percent": 30.1, "learning_rate": 0.00025, "loss_mean": 0.26, "n_updates": 0}, {"reward": 660, "eps": 0.1, "len": 174, "time": 17299.42, "timesteps": 592704, "cpu_memory": 9.0, "cpu_percent": 30.1, "learning_rate": 0.00025, "loss_mean": 0.26, "n_updates": 0}, {"reward": 700, "eps": 0.1, "len": 178, "time": 17304.64, "timesteps": 592882, "cpu_memory": 9.0, "cpu_percent": 30.1, "learning_rate": 0.00025, "loss_mean": 0.26, "n_updates": 0}, {"reward": 1050, "eps": 0.1, "len": 200, "time": 17310.48, "timesteps": 593082, "cpu_memory": 9.0, "cpu_percent": 30.1, "learning_rate": 0.00025, "loss_mean": 0.26, "n_updates": 0}, {"reward": 1170, "eps": 0.1, "len": 256, "time": 17317.95, "timesteps": 593338, "cpu_memory": 9.0, "cpu_percent": 30.1, "learning_rate": 0.00025, "loss_mean": 0.24, "n_updates": 0}, {"reward": 900, "eps": 0.1, "len": 211, "time": 17324.11, "timesteps": 593549, "cpu_memory": 9.0, "cpu_percent": 30.1, "learning_rate": 0.00025, "loss_mean": 0.27, "n_updates": 0}, {"reward": 850, "eps": 0.1, "len": 198, "time": 17329.98, "timesteps": 593747, "cpu_memory": 9.01, "cpu_percent": 30.1, "learning_rate": 0.00025, "loss_mean": 0.25, "n_updates": 0}, {"reward": 1260, "eps": 0.1, "len": 271, "time": 17337.94, "timesteps": 594018, "cpu_memory": 9.01, "cpu_percent": 30.2, "learning_rate": 0.00025, "loss_mean": 0.24, "n_updates": 0}, {"reward": 1230, "eps": 0.1, "len": 258, "time": 17345.38, "timesteps": 594276, "cpu_memory": 9.01, "cpu_percent": 30.2, "learning_rate": 0.00025, "loss_mean": 0.26, "n_updates": 0}, {"reward": 940, "eps": 0.1, "len": 219, "time": 17351.72, "timesteps": 594495, "cpu_memory": 9.01, "cpu_percent": 30.2, "learning_rate": 0.00025, "loss_mean": 0.25, "n_updates": 0}, {"reward": 990, "eps": 0.1, "len": 238, "time": 17358.68, "timesteps": 594733, "cpu_memory": 9.01, "cpu_percent": 30.2, "learning_rate": 0.00025, "loss_mean": 0.25, "n_updates": 0}, {"reward": 870, "eps": 0.1, "len": 179, "time": 17363.89, "timesteps": 594912, "cpu_memory": 9.02, "cpu_percent": 30.2, "learning_rate": 0.00025, "loss_mean": 0.26, "n_updates": 0}, {"reward": 830, "eps": 0.1, "len": 281, "time": 17372.18, "timesteps": 595193, "cpu_memory": 9.02, "cpu_percent": 30.2, "learning_rate": 0.00025, "loss_mean": 0.26, "n_updates": 0}, {"reward": 1090, "eps": 0.1, "len": 271, "time": 17380.07, "timesteps": 595464, "cpu_memory": 9.02, "cpu_percent": 30.2, "learning_rate": 0.00025, "loss_mean": 0.25, "n_updates": 0}, {"reward": 740, "eps": 0.1, "len": 164, "time": 17384.84, "timesteps": 595628, "cpu_memory": 9.02, "cpu_percent": 30.2, "learning_rate": 0.00025, "loss_mean": 0.25, "n_updates": 0}, {"reward": 380, "eps": 0.1, "len": 117, "time": 17388.3, "timesteps": 595745, "cpu_memory": 9.02, "cpu_percent": 30.2, "learning_rate": 0.00025, "loss_mean": 0.26, "n_updates": 0}, {"reward": 1050, "eps": 0.1, "len": 286, "time": 17396.79, "timesteps": 596031, "cpu_memory": 9.02, "cpu_percent": 30.2, "learning_rate": 0.00025, "loss_mean": 0.26, "n_updates": 0}, {"reward": 890, "eps": 0.1, "len": 207, "time": 17402.81, "timesteps": 596238, "cpu_memory": 9.03, "cpu_percent": 30.2, "learning_rate": 0.00025, "loss_mean": 0.25, "n_updates": 0}, {"reward": 680, "eps": 0.1, "len": 186, "time": 17408.31, "timesteps": 596424, "cpu_memory": 9.03, "cpu_percent": 30.2, "learning_rate": 0.00025, "loss_mean": 0.25, "n_updates": 0}, {"reward": 1130, "eps": 0.1, "len": 286, "time": 17416.68, "timesteps": 596710, "cpu_memory": 9.03, "cpu_percent": 30.2, "learning_rate": 0.00025, "loss_mean": 0.25, "n_updates": 0}, {"reward": 920, "eps": 0.1, "len": 198, "time": 17422.63, "timesteps": 596908, "cpu_memory": 9.03, "cpu_percent": 30.2, "learning_rate": 0.00025, "loss_mean": 0.24, "n_updates": 0}, {"reward": 840, "eps": 0.1, "len": 224, "time": 17429.26, "timesteps": 597132, "cpu_memory": 9.03, "cpu_percent": 30.2, "learning_rate": 0.00025, "loss_mean": 0.25, "n_updates": 0}, {"reward": 1160, "eps": 0.1, "len": 296, "time": 17437.82, "timesteps": 597428, "cpu_memory": 9.03, "cpu_percent": 30.2, "learning_rate": 0.00025, "loss_mean": 0.25, "n_updates": 0}, {"reward": 740, "eps": 0.1, "len": 145, "time": 17442.07, "timesteps": 597573, "cpu_memory": 9.04, "cpu_percent": 30.2, "learning_rate": 0.00025, "loss_mean": 0.25, "n_updates": 0}, {"reward": 620, "eps": 0.1, "len": 206, "time": 17448.2, "timesteps": 597779, "cpu_memory": 9.04, "cpu_percent": 30.2, "learning_rate": 0.00025, "loss_mean": 0.25, "n_updates": 0}, {"reward": 910, "eps": 0.1, "len": 219, "time": 17454.71, "timesteps": 597998, "cpu_memory": 9.04, "cpu_percent": 30.3, "learning_rate": 0.00025, "loss_mean": 0.25, "n_updates": 0}, {"reward": 820, "eps": 0.1, "len": 186, "time": 17460.18, "timesteps": 598184, "cpu_memory": 9.04, "cpu_percent": 30.3, "learning_rate": 0.00025, "loss_mean": 0.25, "n_updates": 0}, {"reward": 670, "eps": 0.1, "len": 228, "time": 17466.96, "timesteps": 598412, "cpu_memory": 9.04, "cpu_percent": 30.3, "learning_rate": 0.00025, "loss_mean": 0.25, "n_updates": 0}, {"reward": 890, "eps": 0.1, "len": 193, "time": 17472.59, "timesteps": 598605, "cpu_memory": 9.04, "cpu_percent": 30.3, "learning_rate": 0.00025, "loss_mean": 0.24, "n_updates": 0}, {"reward": 600, "eps": 0.1, "len": 229, "time": 17479.31, "timesteps": 598834, "cpu_memory": 9.05, "cpu_percent": 30.3, "learning_rate": 0.00025, "loss_mean": 0.25, "n_updates": 0}, {"reward": 930, "eps": 0.1, "len": 237, "time": 17486.32, "timesteps": 599071, "cpu_memory": 9.05, "cpu_percent": 30.3, "learning_rate": 0.00025, "loss_mean": 0.24, "n_updates": 0}, {"reward": 1510, "eps": 0.1, "len": 438, "time": 17499.07, "timesteps": 599509, "cpu_memory": 9.05, "cpu_percent": 30.3, "learning_rate": 0.00025, "loss_mean": 0.25, "n_updates": 0}, {"reward": 860, "eps": 0.1, "len": 231, "time": 17505.81, "timesteps": 599740, "cpu_memory": 9.05, "cpu_percent": 30.3, "learning_rate": 0.00025, "loss_mean": 0.25, "n_updates": 0}]