[{"reward": 710, "eps": 0.6633, "len": 184, "time": 4007.42, "timesteps": 149748, "cpu_memory": 5.69, "cpu_percent": 19.5, "learning_rate": 0.00025, "loss_mean": 0.25, "n_updates": 0}, {"reward": 450, "eps": 0.6629, "len": 150, "time": 4011.53, "timesteps": 149898, "cpu_memory": 5.69, "cpu_percent": 19.5, "learning_rate": 0.00025, "loss_mean": 0.25, "n_updates": 0}, {"reward": 360, "eps": 0.6626, "len": 128, "time": 4015.62, "timesteps": 150026, "cpu_memory": 5.69, "cpu_percent": 19.5, "learning_rate": 0.00025, "loss_mean": 0.25, "n_updates": 0}, {"reward": 230, "eps": 0.6623, "len": 126, "time": 4019.19, "timesteps": 150152, "cpu_memory": 5.69, "cpu_percent": 19.5, "learning_rate": 0.00025, "loss_mean": 0.3, "n_updates": 0}, {"reward": 520, "eps": 0.662, "len": 143, "time": 4023.25, "timesteps": 150295, "cpu_memory": 5.69, "cpu_percent": 19.5, "learning_rate": 0.00025, "loss_mean": 0.3, "n_updates": 0}, {"reward": 460, "eps": 0.6616, "len": 196, "time": 4028.59, "timesteps": 150491, "cpu_memory": 5.7, "cpu_percent": 19.5, "learning_rate": 0.00025, "loss_mean": 0.24, "n_updates": 0}, {"reward": 560, "eps": 0.6612, "len": 168, "time": 4033.15, "timesteps": 150659, "cpu_memory": 5.7, "cpu_percent": 19.5, "learning_rate": 0.00025, "loss_mean": 0.24, "n_updates": 0}, {"reward": 520, "eps": 0.6608, "len": 157, "time": 4037.87, "timesteps": 150816, "cpu_memory": 5.7, "cpu_percent": 19.5, "learning_rate": 0.00025, "loss_mean": 0.25, "n_updates": 0}, {"reward": 520, "eps": 0.6604, "len": 194, "time": 4043.22, "timesteps": 151010, "cpu_memory": 5.7, "cpu_percent": 19.5, "learning_rate": 0.00025, "loss_mean": 0.25, "n_updates": 0}, {"reward": 980, "eps": 0.66, "len": 236, "time": 4049.71, "timesteps": 151246, "cpu_memory": 5.7, "cpu_percent": 19.5, "learning_rate": 0.00025, "loss_mean": 0.26, "n_updates": 0}, {"reward": 460, "eps": 0.6595, "len": 133, "time": 4053.37, "timesteps": 151379, "cpu_memory": 5.7, "cpu_percent": 19.5, "learning_rate": 0.00025, "loss_mean": 0.26, "n_updates": 0}, {"reward": 440, "eps": 0.6592, "len": 172, "time": 4058.21, "timesteps": 151551, "cpu_memory": 5.7, "cpu_percent": 19.5, "learning_rate": 0.00025, "loss_mean": 0.27, "n_updates": 0}, {"reward": 710, "eps": 0.6588, "len": 215, "time": 4064.15, "timesteps": 151766, "cpu_memory": 5.7, "cpu_percent": 19.5, "learning_rate": 0.00025, "loss_mean": 0.24, "n_updates": 0}, {"reward": 340, "eps": 0.6584, "len": 140, "time": 4068.13, "timesteps": 151906, "cpu_memory": 5.7, "cpu_percent": 19.5, "learning_rate": 0.00025, "loss_mean": 0.27, "n_updates": 0}, {"reward": 560, "eps": 0.658, "len": 182, "time": 4073.38, "timesteps": 152088, "cpu_memory": 5.71, "cpu_percent": 19.5, "learning_rate": 0.00025, "loss_mean": 0.24, "n_updates": 0}, {"reward": 380, "eps": 0.6577, "len": 114, "time": 4076.59, "timesteps": 152202, "cpu_memory": 5.71, "cpu_percent": 19.5, "learning_rate": 0.00025, "loss_mean": 0.26, "n_updates": 0}, {"reward": 710, "eps": 0.6573, "len": 223, "time": 4082.84, "timesteps": 152425, "cpu_memory": 5.71, "cpu_percent": 19.5, "learning_rate": 0.00025, "loss_mean": 0.27, "n_updates": 0}, {"reward": 520, "eps": 0.6569, "len": 150, "time": 4087.06, "timesteps": 152575, "cpu_memory": 5.71, "cpu_percent": 19.5, "learning_rate": 0.00025, "loss_mean": 0.27, "n_updates": 0}, {"reward": 650, "eps": 0.6565, "len": 201, "time": 4092.5, "timesteps": 152776, "cpu_memory": 5.71, "cpu_percent": 19.5, "learning_rate": 0.00025, "loss_mean": 0.28, "n_updates": 0}, {"reward": 420, "eps": 0.6561, "len": 139, "time": 4096.31, "timesteps": 152915, "cpu_memory": 5.71, "cpu_percent": 19.5, "learning_rate": 0.00025, "loss_mean": 0.3, "n_updates": 0}, {"reward": 520, "eps": 0.6557, "len": 177, "time": 4101.23, "timesteps": 153092, "cpu_memory": 5.71, "cpu_percent": 19.5, "learning_rate": 0.00025, "loss_mean": 0.3, "n_updates": 0}, {"reward": 360, "eps": 0.6554, "len": 124, "time": 4104.75, "timesteps": 153216, "cpu_memory": 5.71, "cpu_percent": 19.5, "learning_rate": 0.00025, "loss_mean": 0.29, "n_updates": 0}, {"reward": 750, "eps": 0.6551, "len": 177, "time": 4109.77, "timesteps": 153393, "cpu_memory": 5.71, "cpu_percent": 19.5, "learning_rate": 0.00025, "loss_mean": 0.27, "n_updates": 0}, {"reward": 260, "eps": 0.6547, "len": 110, "time": 4112.84, "timesteps": 153503, "cpu_memory": 5.71, "cpu_percent": 19.5, "learning_rate": 0.00025, "loss_mean": 0.26, "n_updates": 0}, {"reward": 490, "eps": 0.6544, "len": 152, "time": 4117.26, "timesteps": 153655, "cpu_memory": 5.72, "cpu_percent": 19.6, "learning_rate": 0.00025, "loss_mean": 0.27, "n_updates": 0}, {"reward": 790, "eps": 0.6539, "len": 300, "time": 4125.56, "timesteps": 153955, "cpu_memory": 5.72, "cpu_percent": 19.6, "learning_rate": 0.00025, "loss_mean": 0.3, "n_updates": 0}, {"reward": 500, "eps": 0.6534, "len": 197, "time": 4131.04, "timesteps": 154152, "cpu_memory": 5.72, "cpu_percent": 19.6, "learning_rate": 0.00025, "loss_mean": 0.28, "n_updates": 0}, {"reward": 500, "eps": 0.653, "len": 149, "time": 4135.22, "timesteps": 154301, "cpu_memory": 5.72, "cpu_percent": 19.6, "learning_rate": 0.00025, "loss_mean": 0.24, "n_updates": 0}, {"reward": 380, "eps": 0.6527, "len": 143, "time": 4139.13, "timesteps": 154444, "cpu_memory": 5.72, "cpu_percent": 19.6, "learning_rate": 0.00025, "loss_mean": 0.27, "n_updates": 0}, {"reward": 390, "eps": 0.6524, "len": 125, "time": 4142.57, "timesteps": 154569, "cpu_memory": 5.72, "cpu_percent": 19.6, "learning_rate": 0.00025, "loss_mean": 0.27, "n_updates": 0}, {"reward": 1030, "eps": 0.6519, "len": 282, "time": 4150.21, "timesteps": 154851, "cpu_memory": 5.72, "cpu_percent": 19.6, "learning_rate": 0.00025, "loss_mean": 0.27, "n_updates": 0}, {"reward": 660, "eps": 0.6514, "len": 201, "time": 4155.68, "timesteps": 155052, "cpu_memory": 5.73, "cpu_percent": 19.6, "learning_rate": 0.00025, "loss_mean": 0.26, "n_updates": 0}, {"reward": 500, "eps": 0.651, "len": 147, "time": 4159.7, "timesteps": 155199, "cpu_memory": 5.73, "cpu_percent": 19.6, "learning_rate": 0.00025, "loss_mean": 0.26, "n_updates": 0}, {"reward": 760, "eps": 0.6506, "len": 191, "time": 4165.05, "timesteps": 155390, "cpu_memory": 5.73, "cpu_percent": 19.6, "learning_rate": 0.00025, "loss_mean": 0.27, "n_updates": 0}, {"reward": 1020, "eps": 0.65, "len": 325, "time": 4173.76, "timesteps": 155715, "cpu_memory": 5.73, "cpu_percent": 19.6, "learning_rate": 0.00025, "loss_mean": 0.27, "n_updates": 0}, {"reward": 560, "eps": 0.6494, "len": 191, "time": 4179.04, "timesteps": 155906, "cpu_memory": 5.73, "cpu_percent": 19.6, "learning_rate": 0.00025, "loss_mean": 0.26, "n_updates": 0}, {"reward": 800, "eps": 0.649, "len": 226, "time": 4185.09, "timesteps": 156132, "cpu_memory": 5.73, "cpu_percent": 19.6, "learning_rate": 0.00025, "loss_mean": 0.25, "n_updates": 0}, {"reward": 280, "eps": 0.6486, "len": 116, "time": 4188.26, "timesteps": 156248, "cpu_memory": 5.73, "cpu_percent": 19.6, "learning_rate": 0.00025, "loss_mean": 0.25, "n_updates": 0}, {"reward": 400, "eps": 0.6483, "len": 130, "time": 4191.84, "timesteps": 156378, "cpu_memory": 5.73, "cpu_percent": 19.6, "learning_rate": 0.00025, "loss_mean": 0.26, "n_updates": 0}, {"reward": 590, "eps": 0.6479, "len": 196, "time": 4197.33, "timesteps": 156574, "cpu_memory": 5.74, "cpu_percent": 19.6, "learning_rate": 0.00025, "loss_mean": 0.28, "n_updates": 0}, {"reward": 510, "eps": 0.6475, "len": 169, "time": 4201.93, "timesteps": 156743, "cpu_memory": 5.74, "cpu_percent": 19.6, "learning_rate": 0.00025, "loss_mean": 0.26, "n_updates": 0}, {"reward": 620, "eps": 0.6471, "len": 176, "time": 4206.71, "timesteps": 156919, "cpu_memory": 5.74, "cpu_percent": 19.6, "learning_rate": 0.00025, "loss_mean": 0.25, "n_updates": 0}, {"reward": 490, "eps": 0.6468, "len": 146, "time": 4210.69, "timesteps": 157065, "cpu_memory": 5.74, "cpu_percent": 19.6, "learning_rate": 0.00025, "loss_mean": 0.27, "n_updates": 0}, {"reward": 390, "eps": 0.6464, "len": 140, "time": 4214.46, "timesteps": 157205, "cpu_memory": 5.74, "cpu_percent": 19.6, "learning_rate": 0.00025, "loss_mean": 0.27, "n_updates": 0}, {"reward": 700, "eps": 0.646, "len": 248, "time": 4221.11, "timesteps": 157453, "cpu_memory": 5.74, "cpu_percent": 19.6, "learning_rate": 0.00025, "loss_mean": 0.29, "n_updates": 0}, {"reward": 1030, "eps": 0.6455, "len": 246, "time": 4228.01, "timesteps": 157699, "cpu_memory": 5.74, "cpu_percent": 19.6, "learning_rate": 0.00025, "loss_mean": 0.32, "n_updates": 0}, {"reward": 560, "eps": 0.645, "len": 192, "time": 4233.45, "timesteps": 157891, "cpu_memory": 5.74, "cpu_percent": 19.6, "learning_rate": 0.00025, "loss_mean": 0.29, "n_updates": 0}, {"reward": 790, "eps": 0.6445, "len": 225, "time": 4239.77, "timesteps": 158116, "cpu_memory": 5.75, "cpu_percent": 19.6, "learning_rate": 0.00025, "loss_mean": 0.28, "n_updates": 0}, {"reward": 830, "eps": 0.6439, "len": 290, "time": 4247.88, "timesteps": 158406, "cpu_memory": 5.75, "cpu_percent": 19.6, "learning_rate": 0.00025, "loss_mean": 0.27, "n_updates": 0}, {"reward": 780, "eps": 0.6433, "len": 298, "time": 4255.94, "timesteps": 158704, "cpu_memory": 5.75, "cpu_percent": 19.6, "learning_rate": 0.00025, "loss_mean": 0.29, "n_updates": 0}, {"reward": 470, "eps": 0.6428, "len": 145, "time": 4260.02, "timesteps": 158849, "cpu_memory": 5.75, "cpu_percent": 19.6, "learning_rate": 0.00025, "loss_mean": 0.27, "n_updates": 0}, {"reward": 660, "eps": 0.6423, "len": 227, "time": 4266.33, "timesteps": 159076, "cpu_memory": 5.75, "cpu_percent": 19.6, "learning_rate": 0.00025, "loss_mean": 0.28, "n_updates": 0}, {"reward": 430, "eps": 0.6419, "len": 154, "time": 4270.48, "timesteps": 159230, "cpu_memory": 5.75, "cpu_percent": 19.6, "learning_rate": 0.00025, "loss_mean": 0.28, "n_updates": 0}, {"reward": 930, "eps": 0.6415, "len": 245, "time": 4277.04, "timesteps": 159475, "cpu_memory": 5.75, "cpu_percent": 19.7, "learning_rate": 0.00025, "loss_mean": 0.26, "n_updates": 0}, {"reward": 540, "eps": 0.641, "len": 180, "time": 4281.9, "timesteps": 159655, "cpu_memory": 5.76, "cpu_percent": 19.7, "learning_rate": 0.00025, "loss_mean": 0.27, "n_updates": 0}, {"reward": 500, "eps": 0.6406, "len": 149, "time": 4285.99, "timesteps": 159804, "cpu_memory": 5.76, "cpu_percent": 19.7, "learning_rate": 0.00025, "loss_mean": 0.27, "n_updates": 0}]