[{"reward": 510, "eps": 0.1, "len": 143, "time": 25133.24, "timesteps": 859832, "cpu_memory": 11.08, "cpu_percent": 36.9, "learning_rate": 0.00025, "loss_mean": 0.19, "n_updates": 0}, {"reward": 1150, "eps": 0.1, "len": 860103, "time": 25141.69, "timesteps": 860103, "cpu_memory": 11.07, "cpu_percent": 36.8, "learning_rate": 0.00025, "loss_mean": 0.19, "n_updates": 0}, {"reward": 1250, "eps": 0.1, "len": 316, "time": 25150.83, "timesteps": 860419, "cpu_memory": 11.08, "cpu_percent": 36.8, "learning_rate": 0.00025, "loss_mean": 0.2, "n_updates": 0}, {"reward": 870, "eps": 0.1, "len": 238, "time": 25157.71, "timesteps": 860657, "cpu_memory": 11.08, "cpu_percent": 36.8, "learning_rate": 0.00025, "loss_mean": 0.19, "n_updates": 0}, {"reward": 1020, "eps": 0.1, "len": 213, "time": 25163.83, "timesteps": 860870, "cpu_memory": 11.08, "cpu_percent": 36.8, "learning_rate": 0.00025, "loss_mean": 0.2, "n_updates": 0}, {"reward": 740, "eps": 0.1, "len": 176, "time": 25169.12, "timesteps": 861046, "cpu_memory": 11.08, "cpu_percent": 36.8, "learning_rate": 0.00025, "loss_mean": 0.2, "n_updates": 0}, {"reward": 860, "eps": 0.1, "len": 166, "time": 25174.1, "timesteps": 861212, "cpu_memory": 11.08, "cpu_percent": 36.8, "learning_rate": 0.00025, "loss_mean": 0.19, "n_updates": 0}, {"reward": 1120, "eps": 0.1, "len": 208, "time": 25180.22, "timesteps": 861420, "cpu_memory": 11.08, "cpu_percent": 36.8, "learning_rate": 0.00025, "loss_mean": 0.2, "n_updates": 0}, {"reward": 900, "eps": 0.1, "len": 214, "time": 25186.54, "timesteps": 861634, "cpu_memory": 11.08, "cpu_percent": 36.8, "learning_rate": 0.00025, "loss_mean": 0.2, "n_updates": 0}, {"reward": 750, "eps": 0.1, "len": 202, "time": 25192.43, "timesteps": 861836, "cpu_memory": 11.09, "cpu_percent": 36.9, "learning_rate": 0.00025, "loss_mean": 0.2, "n_updates": 0}, {"reward": 1440, "eps": 0.1, "len": 313, "time": 25201.56, "timesteps": 862149, "cpu_memory": 11.09, "cpu_percent": 36.9, "learning_rate": 0.00025, "loss_mean": 0.2, "n_updates": 0}, {"reward": 1160, "eps": 0.1, "len": 262, "time": 25209.13, "timesteps": 862411, "cpu_memory": 11.09, "cpu_percent": 36.9, "learning_rate": 0.00025, "loss_mean": 0.22, "n_updates": 0}, {"reward": 820, "eps": 0.1, "len": 205, "time": 25215.11, "timesteps": 862616, "cpu_memory": 11.09, "cpu_percent": 36.9, "learning_rate": 0.00025, "loss_mean": 0.2, "n_updates": 0}, {"reward": 820, "eps": 0.1, "len": 207, "time": 25221.18, "timesteps": 862823, "cpu_memory": 11.09, "cpu_percent": 36.9, "learning_rate": 0.00025, "loss_mean": 0.2, "n_updates": 0}, {"reward": 1400, "eps": 0.1, "len": 323, "time": 25230.41, "timesteps": 863146, "cpu_memory": 11.1, "cpu_percent": 36.9, "learning_rate": 0.00025, "loss_mean": 0.2, "n_updates": 0}, {"reward": 760, "eps": 0.1, "len": 230, "time": 25237.16, "timesteps": 863376, "cpu_memory": 11.1, "cpu_percent": 36.9, "learning_rate": 0.00025, "loss_mean": 0.19, "n_updates": 0}, {"reward": 960, "eps": 0.1, "len": 227, "time": 25243.91, "timesteps": 863603, "cpu_memory": 11.1, "cpu_percent": 36.9, "learning_rate": 0.00025, "loss_mean": 0.2, "n_updates": 0}, {"reward": 550, "eps": 0.1, "len": 141, "time": 25248.01, "timesteps": 863744, "cpu_memory": 11.1, "cpu_percent": 36.9, "learning_rate": 0.00025, "loss_mean": 0.19, "n_updates": 0}, {"reward": 1450, "eps": 0.1, "len": 373, "time": 25258.92, "timesteps": 864117, "cpu_memory": 11.1, "cpu_percent": 36.9, "learning_rate": 0.00025, "loss_mean": 0.2, "n_updates": 0}, {"reward": 1550, "eps": 0.1, "len": 376, "time": 25269.82, "timesteps": 864493, "cpu_memory": 11.11, "cpu_percent": 36.9, "learning_rate": 0.00025, "loss_mean": 0.21, "n_updates": 0}, {"reward": 970, "eps": 0.1, "len": 229, "time": 25276.58, "timesteps": 864722, "cpu_memory": 11.11, "cpu_percent": 36.9, "learning_rate": 0.00025, "loss_mean": 0.19, "n_updates": 0}, {"reward": 820, "eps": 0.1, "len": 194, "time": 25282.15, "timesteps": 864916, "cpu_memory": 11.11, "cpu_percent": 36.9, "learning_rate": 0.00025, "loss_mean": 0.19, "n_updates": 0}, {"reward": 950, "eps": 0.1, "len": 207, "time": 25288.26, "timesteps": 865123, "cpu_memory": 11.11, "cpu_percent": 36.9, "learning_rate": 0.00025, "loss_mean": 0.19, "n_updates": 0}, {"reward": 580, "eps": 0.1, "len": 189, "time": 25293.7, "timesteps": 865312, "cpu_memory": 11.11, "cpu_percent": 36.9, "learning_rate": 0.00025, "loss_mean": 0.2, "n_updates": 0}, {"reward": 610, "eps": 0.1, "len": 178, "time": 25298.93, "timesteps": 865490, "cpu_memory": 11.11, "cpu_percent": 36.9, "learning_rate": 0.00025, "loss_mean": 0.2, "n_updates": 0}, {"reward": 800, "eps": 0.1, "len": 207, "time": 25305.01, "timesteps": 865697, "cpu_memory": 11.12, "cpu_percent": 36.9, "learning_rate": 0.00025, "loss_mean": 0.19, "n_updates": 0}, {"reward": 1000, "eps": 0.1, "len": 211, "time": 25311.19, "timesteps": 865908, "cpu_memory": 11.12, "cpu_percent": 36.9, "learning_rate": 0.00025, "loss_mean": 0.2, "n_updates": 0}, {"reward": 770, "eps": 0.1, "len": 186, "time": 25316.92, "timesteps": 866094, "cpu_memory": 11.12, "cpu_percent": 36.9, "learning_rate": 0.00025, "loss_mean": 0.19, "n_updates": 0}, {"reward": 1250, "eps": 0.1, "len": 286, "time": 25325.23, "timesteps": 866380, "cpu_memory": 11.12, "cpu_percent": 36.9, "learning_rate": 0.00025, "loss_mean": 0.19, "n_updates": 0}, {"reward": 730, "eps": 0.1, "len": 164, "time": 25329.97, "timesteps": 866544, "cpu_memory": 11.12, "cpu_percent": 36.9, "learning_rate": 0.00025, "loss_mean": 0.19, "n_updates": 0}, {"reward": 1030, "eps": 0.1, "len": 259, "time": 25337.47, "timesteps": 866803, "cpu_memory": 11.12, "cpu_percent": 36.9, "learning_rate": 0.00025, "loss_mean": 0.2, "n_updates": 0}, {"reward": 1120, "eps": 0.1, "len": 254, "time": 25344.93, "timesteps": 867057, "cpu_memory": 11.13, "cpu_percent": 37.0, "learning_rate": 0.00025, "loss_mean": 0.19, "n_updates": 0}, {"reward": 710, "eps": 0.1, "len": 182, "time": 25350.3, "timesteps": 867239, "cpu_memory": 11.13, "cpu_percent": 37.0, "learning_rate": 0.00025, "loss_mean": 0.2, "n_updates": 0}, {"reward": 750, "eps": 0.1, "len": 199, "time": 25356.07, "timesteps": 867438, "cpu_memory": 11.13, "cpu_percent": 37.0, "learning_rate": 0.00025, "loss_mean": 0.21, "n_updates": 0}, {"reward": 990, "eps": 0.1, "len": 216, "time": 25362.3, "timesteps": 867654, "cpu_memory": 11.13, "cpu_percent": 37.0, "learning_rate": 0.00025, "loss_mean": 0.19, "n_updates": 0}, {"reward": 750, "eps": 0.1, "len": 224, "time": 25368.85, "timesteps": 867878, "cpu_memory": 11.13, "cpu_percent": 37.0, "learning_rate": 0.00025, "loss_mean": 0.2, "n_updates": 0}, {"reward": 550, "eps": 0.1, "len": 122, "time": 25372.44, "timesteps": 868000, "cpu_memory": 11.13, "cpu_percent": 37.0, "learning_rate": 0.00025, "loss_mean": 0.21, "n_updates": 0}, {"reward": 850, "eps": 0.1, "len": 193, "time": 25378.16, "timesteps": 868193, "cpu_memory": 11.14, "cpu_percent": 37.0, "learning_rate": 0.00025, "loss_mean": 0.2, "n_updates": 0}, {"reward": 1110, "eps": 0.1, "len": 290, "time": 25386.49, "timesteps": 868483, "cpu_memory": 11.14, "cpu_percent": 37.0, "learning_rate": 0.00025, "loss_mean": 0.19, "n_updates": 0}, {"reward": 940, "eps": 0.1, "len": 245, "time": 25393.55, "timesteps": 868728, "cpu_memory": 11.14, "cpu_percent": 37.0, "learning_rate": 0.00025, "loss_mean": 0.2, "n_updates": 0}, {"reward": 580, "eps": 0.1, "len": 159, "time": 25398.42, "timesteps": 868887, "cpu_memory": 11.14, "cpu_percent": 37.0, "learning_rate": 0.00025, "loss_mean": 0.21, "n_updates": 0}, {"reward": 1190, "eps": 0.1, "len": 243, "time": 25405.38, "timesteps": 869130, "cpu_memory": 11.14, "cpu_percent": 37.0, "learning_rate": 0.00025, "loss_mean": 0.2, "n_updates": 0}, {"reward": 680, "eps": 0.1, "len": 233, "time": 25412.26, "timesteps": 869363, "cpu_memory": 11.14, "cpu_percent": 37.1, "learning_rate": 0.00025, "loss_mean": 0.2, "n_updates": 0}, {"reward": 960, "eps": 0.1, "len": 219, "time": 25418.66, "timesteps": 869582, "cpu_memory": 11.15, "cpu_percent": 37.1, "learning_rate": 0.00025, "loss_mean": 0.19, "n_updates": 0}]