[{"reward": 690, "eps": 0.8887, "len": 186, "time": 1297.85, "timesteps": 49571, "cpu_memory": 3.61, "cpu_percent": 12.8, "learning_rate": 0.00025, "loss_mean": 0.88, "n_updates": 0}, {"reward": 260, "eps": 0.8883, "len": 111, "time": 1300.77, "timesteps": 49682, "cpu_memory": 3.62, "cpu_percent": 12.8, "learning_rate": 0.00025, "loss_mean": 0.92, "n_updates": 0}, {"reward": 670, "eps": 0.888, "len": 197, "time": 1305.89, "timesteps": 49879, "cpu_memory": 3.62, "cpu_percent": 12.8, "learning_rate": 0.00025, "loss_mean": 0.77, "n_updates": 0}, {"reward": 760, "eps": 0.8875, "len": 197, "time": 1311.74, "timesteps": 50076, "cpu_memory": 3.64, "cpu_percent": 12.9, "learning_rate": 0.00025, "loss_mean": 0.77, "n_updates": 0}, {"reward": 440, "eps": 0.8872, "len": 136, "time": 1315.43, "timesteps": 50212, "cpu_memory": 3.64, "cpu_percent": 12.9, "learning_rate": 0.00025, "loss_mean": 1.05, "n_updates": 0}, {"reward": 640, "eps": 0.8868, "len": 171, "time": 1319.84, "timesteps": 50383, "cpu_memory": 3.64, "cpu_percent": 12.9, "learning_rate": 0.00025, "loss_mean": 0.61, "n_updates": 0}, {"reward": 530, "eps": 0.8865, "len": 166, "time": 1324.2, "timesteps": 50549, "cpu_memory": 3.65, "cpu_percent": 13.0, "learning_rate": 0.00025, "loss_mean": 0.61, "n_updates": 0}, {"reward": 790, "eps": 0.886, "len": 208, "time": 1329.54, "timesteps": 50757, "cpu_memory": 3.65, "cpu_percent": 13.0, "learning_rate": 0.00025, "loss_mean": 0.82, "n_updates": 0}, {"reward": 390, "eps": 0.8856, "len": 132, "time": 1332.94, "timesteps": 50889, "cpu_memory": 3.66, "cpu_percent": 13.0, "learning_rate": 0.00025, "loss_mean": 0.82, "n_updates": 0}, {"reward": 400, "eps": 0.8853, "len": 155, "time": 1336.97, "timesteps": 51044, "cpu_memory": 3.66, "cpu_percent": 13.0, "learning_rate": 0.00025, "loss_mean": 1.21, "n_updates": 0}, {"reward": 630, "eps": 0.8848, "len": 271, "time": 1344.3, "timesteps": 51315, "cpu_memory": 3.67, "cpu_percent": 13.0, "learning_rate": 0.00025, "loss_mean": 0.79, "n_updates": 0}, {"reward": 320, "eps": 0.8844, "len": 146, "time": 1348.1, "timesteps": 51461, "cpu_memory": 3.68, "cpu_percent": 13.0, "learning_rate": 0.00025, "loss_mean": 0.79, "n_updates": 0}, {"reward": 230, "eps": 0.884, "len": 151, "time": 1352.13, "timesteps": 51612, "cpu_memory": 3.68, "cpu_percent": 13.0, "learning_rate": 0.00025, "loss_mean": 0.81, "n_updates": 0}, {"reward": 760, "eps": 0.8836, "len": 242, "time": 1358.44, "timesteps": 51854, "cpu_memory": 3.69, "cpu_percent": 13.0, "learning_rate": 0.00025, "loss_mean": 0.83, "n_updates": 0}, {"reward": 600, "eps": 0.8831, "len": 177, "time": 1363.07, "timesteps": 52031, "cpu_memory": 3.7, "cpu_percent": 13.1, "learning_rate": 0.00025, "loss_mean": 0.7, "n_updates": 0}, {"reward": 480, "eps": 0.8827, "len": 161, "time": 1367.25, "timesteps": 52192, "cpu_memory": 3.7, "cpu_percent": 13.1, "learning_rate": 0.00025, "loss_mean": 0.73, "n_updates": 0}, {"reward": 310, "eps": 0.8824, "len": 141, "time": 1371.0, "timesteps": 52333, "cpu_memory": 3.71, "cpu_percent": 13.1, "learning_rate": 0.00025, "loss_mean": 0.69, "n_updates": 0}, {"reward": 470, "eps": 0.882, "len": 186, "time": 1376.02, "timesteps": 52519, "cpu_memory": 3.71, "cpu_percent": 13.1, "learning_rate": 0.00025, "loss_mean": 0.83, "n_updates": 0}, {"reward": 200, "eps": 0.8817, "len": 134, "time": 1379.45, "timesteps": 52653, "cpu_memory": 3.72, "cpu_percent": 13.1, "learning_rate": 0.00025, "loss_mean": 0.9, "n_updates": 0}, {"reward": 530, "eps": 0.8813, "len": 172, "time": 1383.93, "timesteps": 52825, "cpu_memory": 3.72, "cpu_percent": 13.2, "learning_rate": 0.00025, "loss_mean": 0.72, "n_updates": 0}, {"reward": 560, "eps": 0.881, "len": 162, "time": 1388.13, "timesteps": 52987, "cpu_memory": 3.73, "cpu_percent": 13.2, "learning_rate": 0.00025, "loss_mean": 1.24, "n_updates": 0}, {"reward": 220, "eps": 0.8806, "len": 141, "time": 1391.84, "timesteps": 53128, "cpu_memory": 3.73, "cpu_percent": 13.2, "learning_rate": 0.00025, "loss_mean": 0.7, "n_updates": 0}, {"reward": 640, "eps": 0.8802, "len": 193, "time": 1397.0, "timesteps": 53321, "cpu_memory": 3.74, "cpu_percent": 13.2, "learning_rate": 0.00025, "loss_mean": 0.59, "n_updates": 0}, {"reward": 580, "eps": 0.8798, "len": 199, "time": 1402.17, "timesteps": 53520, "cpu_memory": 3.75, "cpu_percent": 13.2, "learning_rate": 0.00025, "loss_mean": 0.69, "n_updates": 0}, {"reward": 500, "eps": 0.8794, "len": 189, "time": 1407.17, "timesteps": 53709, "cpu_memory": 3.75, "cpu_percent": 13.2, "learning_rate": 0.00025, "loss_mean": 0.71, "n_updates": 0}, {"reward": 440, "eps": 0.8789, "len": 193, "time": 1412.16, "timesteps": 53902, "cpu_memory": 3.76, "cpu_percent": 13.2, "learning_rate": 0.00025, "loss_mean": 0.82, "n_updates": 0}, {"reward": 640, "eps": 0.8785, "len": 233, "time": 1418.35, "timesteps": 54135, "cpu_memory": 3.77, "cpu_percent": 13.3, "learning_rate": 0.00025, "loss_mean": 0.69, "n_updates": 0}, {"reward": 380, "eps": 0.878, "len": 145, "time": 1422.3, "timesteps": 54280, "cpu_memory": 3.77, "cpu_percent": 13.3, "learning_rate": 0.00025, "loss_mean": 0.79, "n_updates": 0}, {"reward": 310, "eps": 0.8778, "len": 104, "time": 1425.1, "timesteps": 54384, "cpu_memory": 3.77, "cpu_percent": 13.3, "learning_rate": 0.00025, "loss_mean": 0.7, "n_updates": 0}, {"reward": 700, "eps": 0.8774, "len": 214, "time": 1430.7, "timesteps": 54598, "cpu_memory": 3.78, "cpu_percent": 13.3, "learning_rate": 0.00025, "loss_mean": 0.7, "n_updates": 0}, {"reward": 440, "eps": 0.877, "len": 153, "time": 1434.9, "timesteps": 54751, "cpu_memory": 3.79, "cpu_percent": 13.4, "learning_rate": 0.00025, "loss_mean": 0.63, "n_updates": 0}, {"reward": 410, "eps": 0.8766, "len": 148, "time": 1438.8, "timesteps": 54899, "cpu_memory": 3.79, "cpu_percent": 13.4, "learning_rate": 0.00025, "loss_mean": 0.71, "n_updates": 0}, {"reward": 480, "eps": 0.8763, "len": 168, "time": 1443.19, "timesteps": 55067, "cpu_memory": 3.8, "cpu_percent": 13.4, "learning_rate": 0.00025, "loss_mean": 0.78, "n_updates": 0}, {"reward": 330, "eps": 0.8759, "len": 152, "time": 1447.23, "timesteps": 55219, "cpu_memory": 3.8, "cpu_percent": 13.4, "learning_rate": 0.00025, "loss_mean": 0.73, "n_updates": 0}, {"reward": 540, "eps": 0.8755, "len": 213, "time": 1452.77, "timesteps": 55432, "cpu_memory": 3.81, "cpu_percent": 13.4, "learning_rate": 0.00025, "loss_mean": 0.69, "n_updates": 0}, {"reward": 370, "eps": 0.8751, "len": 146, "time": 1456.61, "timesteps": 55578, "cpu_memory": 3.81, "cpu_percent": 13.5, "learning_rate": 0.00025, "loss_mean": 0.7, "n_updates": 0}, {"reward": 1100, "eps": 0.8746, "len": 318, "time": 1464.91, "timesteps": 55896, "cpu_memory": 3.83, "cpu_percent": 13.5, "learning_rate": 0.00025, "loss_mean": 0.82, "n_updates": 0}, {"reward": 630, "eps": 0.874, "len": 176, "time": 1469.69, "timesteps": 56072, "cpu_memory": 3.83, "cpu_percent": 13.5, "learning_rate": 0.00025, "loss_mean": 0.69, "n_updates": 0}, {"reward": 560, "eps": 0.8736, "len": 193, "time": 1474.8, "timesteps": 56265, "cpu_memory": 3.84, "cpu_percent": 13.5, "learning_rate": 0.00025, "loss_mean": 0.78, "n_updates": 0}, {"reward": 550, "eps": 0.8732, "len": 192, "time": 1479.97, "timesteps": 56457, "cpu_memory": 3.84, "cpu_percent": 13.5, "learning_rate": 0.00025, "loss_mean": 0.66, "n_updates": 0}, {"reward": 510, "eps": 0.8728, "len": 168, "time": 1484.45, "timesteps": 56625, "cpu_memory": 3.85, "cpu_percent": 13.5, "learning_rate": 0.00025, "loss_mean": 0.93, "n_updates": 0}, {"reward": 590, "eps": 0.8724, "len": 211, "time": 1489.89, "timesteps": 56836, "cpu_memory": 3.86, "cpu_percent": 13.5, "learning_rate": 0.00025, "loss_mean": 0.71, "n_updates": 0}, {"reward": 920, "eps": 0.8717, "len": 358, "time": 1499.27, "timesteps": 57194, "cpu_memory": 3.87, "cpu_percent": 13.6, "learning_rate": 0.00025, "loss_mean": 0.76, "n_updates": 0}, {"reward": 620, "eps": 0.8711, "len": 177, "time": 1503.88, "timesteps": 57371, "cpu_memory": 3.87, "cpu_percent": 13.6, "learning_rate": 0.00025, "loss_mean": 0.97, "n_updates": 0}, {"reward": 570, "eps": 0.8707, "len": 166, "time": 1508.23, "timesteps": 57537, "cpu_memory": 3.88, "cpu_percent": 13.6, "learning_rate": 0.00025, "loss_mean": 0.56, "n_updates": 0}, {"reward": 390, "eps": 0.8704, "len": 124, "time": 1511.55, "timesteps": 57661, "cpu_memory": 3.88, "cpu_percent": 13.6, "learning_rate": 0.00025, "loss_mean": 0.62, "n_updates": 0}, {"reward": 600, "eps": 0.8701, "len": 187, "time": 1516.47, "timesteps": 57848, "cpu_memory": 3.89, "cpu_percent": 13.6, "learning_rate": 0.00025, "loss_mean": 0.58, "n_updates": 0}, {"reward": 750, "eps": 0.8696, "len": 208, "time": 1521.9, "timesteps": 58056, "cpu_memory": 3.9, "cpu_percent": 13.7, "learning_rate": 0.00025, "loss_mean": 0.99, "n_updates": 0}, {"reward": 370, "eps": 0.8692, "len": 135, "time": 1525.62, "timesteps": 58191, "cpu_memory": 3.9, "cpu_percent": 13.7, "learning_rate": 0.00025, "loss_mean": 0.77, "n_updates": 0}, {"reward": 420, "eps": 0.8689, "len": 157, "time": 1529.92, "timesteps": 58348, "cpu_memory": 3.91, "cpu_percent": 13.8, "learning_rate": 0.00025, "loss_mean": 0.85, "n_updates": 0}, {"reward": 360, "eps": 0.8686, "len": 143, "time": 1533.68, "timesteps": 58491, "cpu_memory": 3.91, "cpu_percent": 13.8, "learning_rate": 0.00025, "loss_mean": 0.76, "n_updates": 0}, {"reward": 360, "eps": 0.8683, "len": 122, "time": 1536.87, "timesteps": 58613, "cpu_memory": 3.92, "cpu_percent": 13.8, "learning_rate": 0.00025, "loss_mean": 0.65, "n_updates": 0}, {"reward": 640, "eps": 0.8679, "len": 192, "time": 1541.9, "timesteps": 58805, "cpu_memory": 3.92, "cpu_percent": 13.8, "learning_rate": 0.00025, "loss_mean": 0.66, "n_updates": 0}, {"reward": 730, "eps": 0.8674, "len": 214, "time": 1547.54, "timesteps": 59019, "cpu_memory": 3.93, "cpu_percent": 13.8, "learning_rate": 0.00025, "loss_mean": 0.63, "n_updates": 0}, {"reward": 380, "eps": 0.8671, "len": 132, "time": 1550.98, "timesteps": 59151, "cpu_memory": 3.93, "cpu_percent": 13.8, "learning_rate": 0.00025, "loss_mean": 0.58, "n_updates": 0}, {"reward": 480, "eps": 0.8667, "len": 190, "time": 1555.99, "timesteps": 59341, "cpu_memory": 3.94, "cpu_percent": 13.8, "learning_rate": 0.00025, "loss_mean": 0.6, "n_updates": 0}]