[{"reward": 570, "eps": 0.5061, "len": 181, "time": 5963.79, "timesteps": 219618, "cpu_memory": 6.15, "cpu_percent": 21.0, "learning_rate": 0.00025, "loss_mean": 0.39, "n_updates": 0}, {"reward": 840, "eps": 0.5056, "len": 244, "time": 5970.66, "timesteps": 219862, "cpu_memory": 6.15, "cpu_percent": 21.0, "learning_rate": 0.00025, "loss_mean": 0.35, "n_updates": 0}, {"reward": 1080, "eps": 0.505, "len": 250, "time": 5978.29, "timesteps": 220112, "cpu_memory": 6.17, "cpu_percent": 20.9, "learning_rate": 0.00025, "loss_mean": 0.37, "n_updates": 0}, {"reward": 730, "eps": 0.5045, "len": 218, "time": 5984.37, "timesteps": 220330, "cpu_memory": 6.17, "cpu_percent": 21.0, "learning_rate": 0.00025, "loss_mean": 0.38, "n_updates": 0}, {"reward": 370, "eps": 0.5041, "len": 120, "time": 5987.74, "timesteps": 220450, "cpu_memory": 6.17, "cpu_percent": 21.0, "learning_rate": 0.00025, "loss_mean": 0.4, "n_updates": 0}, {"reward": 780, "eps": 0.5038, "len": 198, "time": 5993.35, "timesteps": 220648, "cpu_memory": 6.17, "cpu_percent": 21.0, "learning_rate": 0.00025, "loss_mean": 0.38, "n_updates": 0}, {"reward": 570, "eps": 0.5033, "len": 170, "time": 5998.14, "timesteps": 220818, "cpu_memory": 6.17, "cpu_percent": 21.0, "learning_rate": 0.00025, "loss_mean": 0.34, "n_updates": 0}, {"reward": 610, "eps": 0.5029, "len": 192, "time": 6003.64, "timesteps": 221010, "cpu_memory": 6.17, "cpu_percent": 21.0, "learning_rate": 0.00025, "loss_mean": 0.34, "n_updates": 0}, {"reward": 1440, "eps": 0.5023, "len": 418, "time": 6015.57, "timesteps": 221428, "cpu_memory": 6.18, "cpu_percent": 21.0, "learning_rate": 0.00025, "loss_mean": 0.34, "n_updates": 0}, {"reward": 380, "eps": 0.5016, "len": 143, "time": 6019.54, "timesteps": 221571, "cpu_memory": 6.18, "cpu_percent": 21.0, "learning_rate": 0.00025, "loss_mean": 0.36, "n_updates": 0}, {"reward": 560, "eps": 0.5013, "len": 179, "time": 6024.61, "timesteps": 221750, "cpu_memory": 6.18, "cpu_percent": 21.0, "learning_rate": 0.00025, "loss_mean": 0.34, "n_updates": 0}, {"reward": 770, "eps": 0.5008, "len": 189, "time": 6029.83, "timesteps": 221939, "cpu_memory": 6.18, "cpu_percent": 21.0, "learning_rate": 0.00025, "loss_mean": 0.36, "n_updates": 0}, {"reward": 680, "eps": 0.5004, "len": 224, "time": 6036.15, "timesteps": 222163, "cpu_memory": 6.18, "cpu_percent": 21.1, "learning_rate": 0.00025, "loss_mean": 0.36, "n_updates": 0}, {"reward": 380, "eps": 0.5, "len": 111, "time": 6039.26, "timesteps": 222274, "cpu_memory": 6.18, "cpu_percent": 21.1, "learning_rate": 0.00025, "loss_mean": 0.34, "n_updates": 0}, {"reward": 630, "eps": 0.4996, "len": 225, "time": 6045.74, "timesteps": 222499, "cpu_memory": 6.18, "cpu_percent": 21.0, "learning_rate": 0.00025, "loss_mean": 0.37, "n_updates": 0}, {"reward": 1190, "eps": 0.4991, "len": 267, "time": 6053.23, "timesteps": 222766, "cpu_memory": 6.18, "cpu_percent": 21.0, "learning_rate": 0.00025, "loss_mean": 0.39, "n_updates": 0}, {"reward": 1100, "eps": 0.4985, "len": 275, "time": 6061.15, "timesteps": 223041, "cpu_memory": 6.19, "cpu_percent": 21.0, "learning_rate": 0.00025, "loss_mean": 0.37, "n_updates": 0}, {"reward": 670, "eps": 0.4979, "len": 189, "time": 6066.55, "timesteps": 223230, "cpu_memory": 6.19, "cpu_percent": 21.0, "learning_rate": 0.00025, "loss_mean": 0.37, "n_updates": 0}, {"reward": 690, "eps": 0.4975, "len": 177, "time": 6071.68, "timesteps": 223407, "cpu_memory": 6.19, "cpu_percent": 21.0, "learning_rate": 0.00025, "loss_mean": 0.37, "n_updates": 0}, {"reward": 560, "eps": 0.4972, "len": 160, "time": 6076.5, "timesteps": 223567, "cpu_memory": 6.19, "cpu_percent": 21.0, "learning_rate": 0.00025, "loss_mean": 0.37, "n_updates": 0}, {"reward": 960, "eps": 0.4966, "len": 289, "time": 6085.23, "timesteps": 223856, "cpu_memory": 6.19, "cpu_percent": 21.1, "learning_rate": 0.00025, "loss_mean": 0.35, "n_updates": 0}, {"reward": 1200, "eps": 0.496, "len": 268, "time": 6093.83, "timesteps": 224124, "cpu_memory": 6.19, "cpu_percent": 21.1, "learning_rate": 0.00025, "loss_mean": 0.37, "n_updates": 0}, {"reward": 800, "eps": 0.4955, "len": 210, "time": 6100.85, "timesteps": 224334, "cpu_memory": 6.2, "cpu_percent": 21.1, "learning_rate": 0.00025, "loss_mean": 0.39, "n_updates": 0}, {"reward": 700, "eps": 0.495, "len": 212, "time": 6107.63, "timesteps": 224546, "cpu_memory": 6.2, "cpu_percent": 21.2, "learning_rate": 0.00025, "loss_mean": 0.37, "n_updates": 0}, {"reward": 490, "eps": 0.4946, "len": 145, "time": 6111.76, "timesteps": 224691, "cpu_memory": 6.2, "cpu_percent": 21.2, "learning_rate": 0.00025, "loss_mean": 0.39, "n_updates": 0}, {"reward": 750, "eps": 0.4942, "len": 227, "time": 6118.1, "timesteps": 224918, "cpu_memory": 6.2, "cpu_percent": 21.2, "learning_rate": 0.00025, "loss_mean": 0.39, "n_updates": 0}, {"reward": 490, "eps": 0.4937, "len": 163, "time": 6122.95, "timesteps": 225081, "cpu_memory": 6.2, "cpu_percent": 21.2, "learning_rate": 0.00025, "loss_mean": 0.37, "n_updates": 0}, {"reward": 430, "eps": 0.4934, "len": 146, "time": 6127.11, "timesteps": 225227, "cpu_memory": 6.2, "cpu_percent": 21.2, "learning_rate": 0.00025, "loss_mean": 0.33, "n_updates": 0}, {"reward": 190, "eps": 0.4931, "len": 90, "time": 6129.7, "timesteps": 225317, "cpu_memory": 6.2, "cpu_percent": 21.2, "learning_rate": 0.00025, "loss_mean": 0.33, "n_updates": 0}, {"reward": 690, "eps": 0.4928, "len": 177, "time": 6134.74, "timesteps": 225494, "cpu_memory": 6.2, "cpu_percent": 21.2, "learning_rate": 0.00025, "loss_mean": 0.37, "n_updates": 0}, {"reward": 480, "eps": 0.4924, "len": 204, "time": 6141.15, "timesteps": 225698, "cpu_memory": 6.21, "cpu_percent": 21.2, "learning_rate": 0.00025, "loss_mean": 0.34, "n_updates": 0}, {"reward": 440, "eps": 0.492, "len": 190, "time": 6146.85, "timesteps": 225888, "cpu_memory": 6.21, "cpu_percent": 21.2, "learning_rate": 0.00025, "loss_mean": 0.36, "n_updates": 0}, {"reward": 980, "eps": 0.4914, "len": 272, "time": 6155.0, "timesteps": 226160, "cpu_memory": 6.21, "cpu_percent": 21.2, "learning_rate": 0.00025, "loss_mean": 0.36, "n_updates": 0}, {"reward": 540, "eps": 0.4909, "len": 175, "time": 6160.11, "timesteps": 226335, "cpu_memory": 6.21, "cpu_percent": 21.2, "learning_rate": 0.00025, "loss_mean": 0.37, "n_updates": 0}, {"reward": 450, "eps": 0.4906, "len": 133, "time": 6164.36, "timesteps": 226468, "cpu_memory": 6.21, "cpu_percent": 21.2, "learning_rate": 0.00025, "loss_mean": 0.39, "n_updates": 0}, {"reward": 710, "eps": 0.4902, "len": 200, "time": 6170.61, "timesteps": 226668, "cpu_memory": 6.21, "cpu_percent": 21.2, "learning_rate": 0.00025, "loss_mean": 0.39, "n_updates": 0}, {"reward": 810, "eps": 0.4898, "len": 206, "time": 6176.42, "timesteps": 226874, "cpu_memory": 6.21, "cpu_percent": 21.2, "learning_rate": 0.00025, "loss_mean": 0.38, "n_updates": 0}, {"reward": 310, "eps": 0.4894, "len": 123, "time": 6179.92, "timesteps": 226997, "cpu_memory": 6.21, "cpu_percent": 21.2, "learning_rate": 0.00025, "loss_mean": 0.41, "n_updates": 0}, {"reward": 800, "eps": 0.489, "len": 208, "time": 6186.3, "timesteps": 227205, "cpu_memory": 6.22, "cpu_percent": 21.2, "learning_rate": 0.00025, "loss_mean": 0.37, "n_updates": 0}, {"reward": 1020, "eps": 0.4885, "len": 230, "time": 6192.98, "timesteps": 227435, "cpu_memory": 6.22, "cpu_percent": 21.2, "learning_rate": 0.00025, "loss_mean": 0.39, "n_updates": 0}, {"reward": 600, "eps": 0.488, "len": 209, "time": 6199.12, "timesteps": 227644, "cpu_memory": 6.22, "cpu_percent": 21.2, "learning_rate": 0.00025, "loss_mean": 0.4, "n_updates": 0}, {"reward": 740, "eps": 0.4876, "len": 172, "time": 6204.3, "timesteps": 227816, "cpu_memory": 6.22, "cpu_percent": 21.2, "learning_rate": 0.00025, "loss_mean": 0.4, "n_updates": 0}, {"reward": 620, "eps": 0.4871, "len": 245, "time": 6211.56, "timesteps": 228061, "cpu_memory": 6.22, "cpu_percent": 21.2, "learning_rate": 0.00025, "loss_mean": 0.4, "n_updates": 0}, {"reward": 590, "eps": 0.4867, "len": 186, "time": 6217.14, "timesteps": 228247, "cpu_memory": 6.22, "cpu_percent": 21.2, "learning_rate": 0.00025, "loss_mean": 0.37, "n_updates": 0}, {"reward": 550, "eps": 0.4863, "len": 171, "time": 6222.3, "timesteps": 228418, "cpu_memory": 6.22, "cpu_percent": 21.2, "learning_rate": 0.00025, "loss_mean": 0.34, "n_updates": 0}, {"reward": 780, "eps": 0.4858, "len": 204, "time": 6228.29, "timesteps": 228622, "cpu_memory": 6.23, "cpu_percent": 21.2, "learning_rate": 0.00025, "loss_mean": 0.38, "n_updates": 0}, {"reward": 290, "eps": 0.4855, "len": 119, "time": 6232.0, "timesteps": 228741, "cpu_memory": 6.23, "cpu_percent": 21.2, "learning_rate": 0.00025, "loss_mean": 0.4, "n_updates": 0}, {"reward": 870, "eps": 0.4851, "len": 221, "time": 6238.56, "timesteps": 228962, "cpu_memory": 6.23, "cpu_percent": 21.3, "learning_rate": 0.00025, "loss_mean": 0.4, "n_updates": 0}, {"reward": 490, "eps": 0.4847, "len": 147, "time": 6242.84, "timesteps": 229109, "cpu_memory": 6.23, "cpu_percent": 21.3, "learning_rate": 0.00025, "loss_mean": 0.39, "n_updates": 0}, {"reward": 810, "eps": 0.4842, "len": 251, "time": 6250.1, "timesteps": 229360, "cpu_memory": 6.23, "cpu_percent": 21.3, "learning_rate": 0.00025, "loss_mean": 0.37, "n_updates": 0}, {"reward": 910, "eps": 0.4837, "len": 235, "time": 6256.72, "timesteps": 229595, "cpu_memory": 6.23, "cpu_percent": 21.3, "learning_rate": 0.00025, "loss_mean": 0.38, "n_updates": 0}]