[{"reward": 1210, "eps": 0.1, "len": 290, "time": 24551.95, "timesteps": 839976, "cpu_memory": 10.92, "cpu_percent": 36.3, "learning_rate": 0.00025, "loss_mean": 0.19, "n_updates": 0}, {"reward": 640, "eps": 0.1, "len": 840188, "time": 24558.78, "timesteps": 840188, "cpu_memory": 10.92, "cpu_percent": 36.3, "learning_rate": 0.00025, "loss_mean": 0.19, "n_updates": 0}, {"reward": 490, "eps": 0.1, "len": 146, "time": 24563.24, "timesteps": 840334, "cpu_memory": 10.92, "cpu_percent": 36.4, "learning_rate": 0.00025, "loss_mean": 0.2, "n_updates": 0}, {"reward": 1030, "eps": 0.1, "len": 227, "time": 24569.8, "timesteps": 840561, "cpu_memory": 10.93, "cpu_percent": 36.4, "learning_rate": 0.00025, "loss_mean": 0.19, "n_updates": 0}, {"reward": 980, "eps": 0.1, "len": 229, "time": 24576.5, "timesteps": 840790, "cpu_memory": 10.93, "cpu_percent": 36.4, "learning_rate": 0.00025, "loss_mean": 0.2, "n_updates": 0}, {"reward": 1110, "eps": 0.1, "len": 249, "time": 24583.76, "timesteps": 841039, "cpu_memory": 10.93, "cpu_percent": 36.4, "learning_rate": 0.00025, "loss_mean": 0.2, "n_updates": 0}, {"reward": 700, "eps": 0.1, "len": 192, "time": 24589.41, "timesteps": 841231, "cpu_memory": 10.93, "cpu_percent": 36.4, "learning_rate": 0.00025, "loss_mean": 0.19, "n_updates": 0}, {"reward": 670, "eps": 0.1, "len": 178, "time": 24594.78, "timesteps": 841409, "cpu_memory": 10.93, "cpu_percent": 36.4, "learning_rate": 0.00025, "loss_mean": 0.19, "n_updates": 0}, {"reward": 1090, "eps": 0.1, "len": 242, "time": 24601.8, "timesteps": 841651, "cpu_memory": 10.93, "cpu_percent": 36.4, "learning_rate": 0.00025, "loss_mean": 0.19, "n_updates": 0}, {"reward": 590, "eps": 0.1, "len": 147, "time": 24606.11, "timesteps": 841798, "cpu_memory": 10.94, "cpu_percent": 36.4, "learning_rate": 0.00025, "loss_mean": 0.2, "n_updates": 0}, {"reward": 780, "eps": 0.1, "len": 175, "time": 24611.19, "timesteps": 841973, "cpu_memory": 10.94, "cpu_percent": 36.5, "learning_rate": 0.00025, "loss_mean": 0.19, "n_updates": 0}, {"reward": 810, "eps": 0.1, "len": 233, "time": 24617.9, "timesteps": 842206, "cpu_memory": 10.94, "cpu_percent": 36.4, "learning_rate": 0.00025, "loss_mean": 0.2, "n_updates": 0}, {"reward": 710, "eps": 0.1, "len": 192, "time": 24623.52, "timesteps": 842398, "cpu_memory": 10.94, "cpu_percent": 36.4, "learning_rate": 0.00025, "loss_mean": 0.2, "n_updates": 0}, {"reward": 640, "eps": 0.1, "len": 137, "time": 24627.61, "timesteps": 842535, "cpu_memory": 10.94, "cpu_percent": 36.4, "learning_rate": 0.00025, "loss_mean": 0.2, "n_updates": 0}, {"reward": 1490, "eps": 0.1, "len": 325, "time": 24636.99, "timesteps": 842860, "cpu_memory": 10.94, "cpu_percent": 36.4, "learning_rate": 0.00025, "loss_mean": 0.2, "n_updates": 0}, {"reward": 890, "eps": 0.1, "len": 228, "time": 24643.67, "timesteps": 843088, "cpu_memory": 10.95, "cpu_percent": 36.4, "learning_rate": 0.00025, "loss_mean": 0.19, "n_updates": 0}, {"reward": 840, "eps": 0.1, "len": 185, "time": 24649.03, "timesteps": 843273, "cpu_memory": 10.95, "cpu_percent": 36.4, "learning_rate": 0.00025, "loss_mean": 0.19, "n_updates": 0}, {"reward": 980, "eps": 0.1, "len": 239, "time": 24656.05, "timesteps": 843512, "cpu_memory": 10.95, "cpu_percent": 36.4, "learning_rate": 0.00025, "loss_mean": 0.2, "n_updates": 0}, {"reward": 580, "eps": 0.1, "len": 142, "time": 24660.33, "timesteps": 843654, "cpu_memory": 10.95, "cpu_percent": 36.4, "learning_rate": 0.00025, "loss_mean": 0.2, "n_updates": 0}, {"reward": 710, "eps": 0.1, "len": 142, "time": 24664.6, "timesteps": 843796, "cpu_memory": 10.95, "cpu_percent": 36.4, "learning_rate": 0.00025, "loss_mean": 0.2, "n_updates": 0}, {"reward": 1030, "eps": 0.1, "len": 191, "time": 24670.26, "timesteps": 843987, "cpu_memory": 10.95, "cpu_percent": 36.4, "learning_rate": 0.00025, "loss_mean": 0.19, "n_updates": 0}, {"reward": 950, "eps": 0.1, "len": 215, "time": 24676.53, "timesteps": 844202, "cpu_memory": 10.95, "cpu_percent": 36.4, "learning_rate": 0.00025, "loss_mean": 0.2, "n_updates": 0}, {"reward": 800, "eps": 0.1, "len": 202, "time": 24682.31, "timesteps": 844404, "cpu_memory": 10.96, "cpu_percent": 36.4, "learning_rate": 0.00025, "loss_mean": 0.19, "n_updates": 0}, {"reward": 750, "eps": 0.1, "len": 155, "time": 24686.89, "timesteps": 844559, "cpu_memory": 10.96, "cpu_percent": 36.4, "learning_rate": 0.00025, "loss_mean": 0.2, "n_updates": 0}, {"reward": 1160, "eps": 0.1, "len": 259, "time": 24694.5, "timesteps": 844818, "cpu_memory": 10.96, "cpu_percent": 36.4, "learning_rate": 0.00025, "loss_mean": 0.2, "n_updates": 0}, {"reward": 740, "eps": 0.1, "len": 167, "time": 24699.36, "timesteps": 844985, "cpu_memory": 10.96, "cpu_percent": 36.4, "learning_rate": 0.00025, "loss_mean": 0.21, "n_updates": 0}, {"reward": 880, "eps": 0.1, "len": 198, "time": 24705.12, "timesteps": 845183, "cpu_memory": 10.96, "cpu_percent": 36.4, "learning_rate": 0.00025, "loss_mean": 0.2, "n_updates": 0}, {"reward": 690, "eps": 0.1, "len": 222, "time": 24711.55, "timesteps": 845405, "cpu_memory": 10.96, "cpu_percent": 36.4, "learning_rate": 0.00025, "loss_mean": 0.2, "n_updates": 0}, {"reward": 660, "eps": 0.1, "len": 192, "time": 24717.18, "timesteps": 845597, "cpu_memory": 10.97, "cpu_percent": 36.4, "learning_rate": 0.00025, "loss_mean": 0.18, "n_updates": 0}, {"reward": 1120, "eps": 0.1, "len": 264, "time": 24724.96, "timesteps": 845861, "cpu_memory": 10.97, "cpu_percent": 36.4, "learning_rate": 0.00025, "loss_mean": 0.2, "n_updates": 0}, {"reward": 870, "eps": 0.1, "len": 202, "time": 24730.77, "timesteps": 846063, "cpu_memory": 10.97, "cpu_percent": 36.4, "learning_rate": 0.00025, "loss_mean": 0.19, "n_updates": 0}, {"reward": 440, "eps": 0.1, "len": 140, "time": 24734.86, "timesteps": 846203, "cpu_memory": 10.97, "cpu_percent": 36.4, "learning_rate": 0.00025, "loss_mean": 0.2, "n_updates": 0}, {"reward": 530, "eps": 0.1, "len": 222, "time": 24741.26, "timesteps": 846425, "cpu_memory": 10.97, "cpu_percent": 36.4, "learning_rate": 0.00025, "loss_mean": 0.21, "n_updates": 0}, {"reward": 670, "eps": 0.1, "len": 150, "time": 24745.71, "timesteps": 846575, "cpu_memory": 10.97, "cpu_percent": 36.5, "learning_rate": 0.00025, "loss_mean": 0.2, "n_updates": 0}, {"reward": 1020, "eps": 0.1, "len": 282, "time": 24754.12, "timesteps": 846857, "cpu_memory": 10.98, "cpu_percent": 36.5, "learning_rate": 0.00025, "loss_mean": 0.19, "n_updates": 0}, {"reward": 1060, "eps": 0.1, "len": 221, "time": 24760.53, "timesteps": 847078, "cpu_memory": 10.98, "cpu_percent": 36.5, "learning_rate": 0.00025, "loss_mean": 0.2, "n_updates": 0}, {"reward": 1480, "eps": 0.1, "len": 391, "time": 24771.76, "timesteps": 847469, "cpu_memory": 10.98, "cpu_percent": 36.5, "learning_rate": 0.00025, "loss_mean": 0.21, "n_updates": 0}, {"reward": 630, "eps": 0.1, "len": 195, "time": 24777.44, "timesteps": 847664, "cpu_memory": 10.98, "cpu_percent": 36.5, "learning_rate": 0.00025, "loss_mean": 0.19, "n_updates": 0}, {"reward": 870, "eps": 0.1, "len": 229, "time": 24784.22, "timesteps": 847893, "cpu_memory": 10.98, "cpu_percent": 36.6, "learning_rate": 0.00025, "loss_mean": 0.19, "n_updates": 0}, {"reward": 940, "eps": 0.1, "len": 221, "time": 24790.59, "timesteps": 848114, "cpu_memory": 10.99, "cpu_percent": 36.6, "learning_rate": 0.00025, "loss_mean": 0.2, "n_updates": 0}, {"reward": 470, "eps": 0.1, "len": 128, "time": 24794.36, "timesteps": 848242, "cpu_memory": 10.99, "cpu_percent": 36.6, "learning_rate": 0.00025, "loss_mean": 0.19, "n_updates": 0}, {"reward": 910, "eps": 0.1, "len": 204, "time": 24800.22, "timesteps": 848446, "cpu_memory": 10.99, "cpu_percent": 36.6, "learning_rate": 0.00025, "loss_mean": 0.2, "n_updates": 0}, {"reward": 380, "eps": 0.1, "len": 97, "time": 24803.07, "timesteps": 848543, "cpu_memory": 10.99, "cpu_percent": 36.6, "learning_rate": 0.00025, "loss_mean": 0.19, "n_updates": 0}, {"reward": 770, "eps": 0.1, "len": 159, "time": 24807.78, "timesteps": 848702, "cpu_memory": 10.99, "cpu_percent": 36.6, "learning_rate": 0.00025, "loss_mean": 0.19, "n_updates": 0}, {"reward": 1190, "eps": 0.1, "len": 283, "time": 24816.11, "timesteps": 848985, "cpu_memory": 10.99, "cpu_percent": 36.6, "learning_rate": 0.00025, "loss_mean": 0.21, "n_updates": 0}, {"reward": 960, "eps": 0.1, "len": 263, "time": 24823.79, "timesteps": 849248, "cpu_memory": 10.99, "cpu_percent": 36.6, "learning_rate": 0.00025, "loss_mean": 0.19, "n_updates": 0}, {"reward": 1030, "eps": 0.1, "len": 304, "time": 24832.71, "timesteps": 849552, "cpu_memory": 11.0, "cpu_percent": 36.6, "learning_rate": 0.00025, "loss_mean": 0.2, "n_updates": 0}, {"reward": 810, "eps": 0.1, "len": 159, "time": 24837.39, "timesteps": 849711, "cpu_memory": 11.0, "cpu_percent": 36.6, "learning_rate": 0.00025, "loss_mean": 0.19, "n_updates": 0}]