[{"reward": 890, "eps": 0.2804, "len": 206, "time": 8848.63, "timesteps": 319923, "cpu_memory": 6.88, "cpu_percent": 23.3, "learning_rate": 0.00025, "loss_mean": 0.35, "n_updates": 0}, {"reward": 670, "eps": 0.28, "len": 320100, "time": 8854.49, "timesteps": 320100, "cpu_memory": 6.88, "cpu_percent": 23.4, "learning_rate": 0.00025, "loss_mean": 0.33, "n_updates": 0}, {"reward": 1260, "eps": 0.2794, "len": 291, "time": 8863.02, "timesteps": 320391, "cpu_memory": 6.89, "cpu_percent": 23.4, "learning_rate": 0.00025, "loss_mean": 0.37, "n_updates": 0}, {"reward": 580, "eps": 0.2789, "len": 157, "time": 8867.64, "timesteps": 320548, "cpu_memory": 6.89, "cpu_percent": 23.4, "learning_rate": 0.00025, "loss_mean": 0.38, "n_updates": 0}, {"reward": 940, "eps": 0.2785, "len": 251, "time": 8874.76, "timesteps": 320799, "cpu_memory": 6.89, "cpu_percent": 23.4, "learning_rate": 0.00025, "loss_mean": 0.37, "n_updates": 0}, {"reward": 690, "eps": 0.278, "len": 179, "time": 8879.97, "timesteps": 320978, "cpu_memory": 6.89, "cpu_percent": 23.4, "learning_rate": 0.00025, "loss_mean": 0.38, "n_updates": 0}, {"reward": 1310, "eps": 0.2774, "len": 328, "time": 8889.43, "timesteps": 321306, "cpu_memory": 6.89, "cpu_percent": 23.4, "learning_rate": 0.00025, "loss_mean": 0.38, "n_updates": 0}, {"reward": 530, "eps": 0.2769, "len": 162, "time": 8894.17, "timesteps": 321468, "cpu_memory": 6.89, "cpu_percent": 23.4, "learning_rate": 0.00025, "loss_mean": 0.36, "n_updates": 0}, {"reward": 740, "eps": 0.2765, "len": 184, "time": 8899.62, "timesteps": 321652, "cpu_memory": 6.9, "cpu_percent": 23.4, "learning_rate": 0.00025, "loss_mean": 0.37, "n_updates": 0}, {"reward": 1220, "eps": 0.2759, "len": 381, "time": 8910.62, "timesteps": 322033, "cpu_memory": 6.9, "cpu_percent": 23.4, "learning_rate": 0.00025, "loss_mean": 0.36, "n_updates": 0}, {"reward": 510, "eps": 0.2752, "len": 205, "time": 8916.58, "timesteps": 322238, "cpu_memory": 6.9, "cpu_percent": 23.4, "learning_rate": 0.00025, "loss_mean": 0.37, "n_updates": 0}, {"reward": 770, "eps": 0.2747, "len": 224, "time": 8923.09, "timesteps": 322462, "cpu_memory": 6.9, "cpu_percent": 23.4, "learning_rate": 0.00025, "loss_mean": 0.38, "n_updates": 0}, {"reward": 730, "eps": 0.2743, "len": 168, "time": 8928.04, "timesteps": 322630, "cpu_memory": 6.9, "cpu_percent": 23.4, "learning_rate": 0.00025, "loss_mean": 0.35, "n_updates": 0}, {"reward": 1000, "eps": 0.2738, "len": 245, "time": 8935.24, "timesteps": 322875, "cpu_memory": 6.9, "cpu_percent": 23.4, "learning_rate": 0.00025, "loss_mean": 0.35, "n_updates": 0}, {"reward": 1600, "eps": 0.2731, "len": 376, "time": 8946.01, "timesteps": 323251, "cpu_memory": 6.91, "cpu_percent": 23.4, "learning_rate": 0.00025, "loss_mean": 0.36, "n_updates": 0}, {"reward": 740, "eps": 0.2724, "len": 219, "time": 8952.35, "timesteps": 323470, "cpu_memory": 6.91, "cpu_percent": 23.4, "learning_rate": 0.00025, "loss_mean": 0.37, "n_updates": 0}, {"reward": 640, "eps": 0.272, "len": 199, "time": 8958.18, "timesteps": 323669, "cpu_memory": 6.91, "cpu_percent": 23.4, "learning_rate": 0.00025, "loss_mean": 0.37, "n_updates": 0}, {"reward": 690, "eps": 0.2715, "len": 215, "time": 8964.47, "timesteps": 323884, "cpu_memory": 6.91, "cpu_percent": 23.4, "learning_rate": 0.00025, "loss_mean": 0.37, "n_updates": 0}, {"reward": 780, "eps": 0.271, "len": 192, "time": 8970.04, "timesteps": 324076, "cpu_memory": 6.91, "cpu_percent": 23.4, "learning_rate": 0.00025, "loss_mean": 0.38, "n_updates": 0}, {"reward": 580, "eps": 0.2707, "len": 114, "time": 8973.31, "timesteps": 324190, "cpu_memory": 6.91, "cpu_percent": 23.4, "learning_rate": 0.00025, "loss_mean": 0.39, "n_updates": 0}, {"reward": 680, "eps": 0.2703, "len": 234, "time": 8980.24, "timesteps": 324424, "cpu_memory": 6.92, "cpu_percent": 23.4, "learning_rate": 0.00025, "loss_mean": 0.36, "n_updates": 0}, {"reward": 1030, "eps": 0.2698, "len": 239, "time": 8987.32, "timesteps": 324663, "cpu_memory": 6.92, "cpu_percent": 23.4, "learning_rate": 0.00025, "loss_mean": 0.35, "n_updates": 0}, {"reward": 490, "eps": 0.2693, "len": 175, "time": 8992.5, "timesteps": 324838, "cpu_memory": 6.92, "cpu_percent": 23.5, "learning_rate": 0.00025, "loss_mean": 0.33, "n_updates": 0}, {"reward": 810, "eps": 0.2688, "len": 258, "time": 9000.09, "timesteps": 325096, "cpu_memory": 6.92, "cpu_percent": 23.5, "learning_rate": 0.00025, "loss_mean": 0.34, "n_updates": 0}, {"reward": 1060, "eps": 0.2682, "len": 262, "time": 9007.88, "timesteps": 325358, "cpu_memory": 6.92, "cpu_percent": 23.5, "learning_rate": 0.00025, "loss_mean": 0.34, "n_updates": 0}, {"reward": 480, "eps": 0.2678, "len": 149, "time": 9012.33, "timesteps": 325507, "cpu_memory": 6.92, "cpu_percent": 23.5, "learning_rate": 0.00025, "loss_mean": 0.33, "n_updates": 0}, {"reward": 610, "eps": 0.2674, "len": 188, "time": 9017.99, "timesteps": 325695, "cpu_memory": 6.93, "cpu_percent": 23.5, "learning_rate": 0.00025, "loss_mean": 0.33, "n_updates": 0}, {"reward": 780, "eps": 0.2669, "len": 229, "time": 9024.71, "timesteps": 325924, "cpu_memory": 6.93, "cpu_percent": 23.5, "learning_rate": 0.00025, "loss_mean": 0.33, "n_updates": 0}, {"reward": 920, "eps": 0.2663, "len": 289, "time": 9033.29, "timesteps": 326213, "cpu_memory": 6.93, "cpu_percent": 23.5, "learning_rate": 0.00025, "loss_mean": 0.33, "n_updates": 0}, {"reward": 580, "eps": 0.2658, "len": 172, "time": 9038.51, "timesteps": 326385, "cpu_memory": 6.93, "cpu_percent": 23.5, "learning_rate": 0.00025, "loss_mean": 0.34, "n_updates": 0}, {"reward": 640, "eps": 0.2654, "len": 181, "time": 9044.13, "timesteps": 326566, "cpu_memory": 6.93, "cpu_percent": 23.5, "learning_rate": 0.00025, "loss_mean": 0.35, "n_updates": 0}, {"reward": 430, "eps": 0.2651, "len": 125, "time": 9048.25, "timesteps": 326691, "cpu_memory": 6.93, "cpu_percent": 23.5, "learning_rate": 0.00025, "loss_mean": 0.34, "n_updates": 0}, {"reward": 510, "eps": 0.2648, "len": 144, "time": 9052.5, "timesteps": 326835, "cpu_memory": 6.93, "cpu_percent": 23.5, "learning_rate": 0.00025, "loss_mean": 0.37, "n_updates": 0}, {"reward": 1110, "eps": 0.2643, "len": 264, "time": 9060.52, "timesteps": 327099, "cpu_memory": 6.94, "cpu_percent": 23.5, "learning_rate": 0.00025, "loss_mean": 0.35, "n_updates": 0}, {"reward": 920, "eps": 0.2637, "len": 265, "time": 9068.73, "timesteps": 327364, "cpu_memory": 6.94, "cpu_percent": 23.5, "learning_rate": 0.00025, "loss_mean": 0.35, "n_updates": 0}, {"reward": 370, "eps": 0.2633, "len": 132, "time": 9072.77, "timesteps": 327496, "cpu_memory": 6.94, "cpu_percent": 23.5, "learning_rate": 0.00025, "loss_mean": 0.32, "n_updates": 0}, {"reward": 870, "eps": 0.2627, "len": 358, "time": 9083.51, "timesteps": 327854, "cpu_memory": 6.94, "cpu_percent": 23.5, "learning_rate": 0.00025, "loss_mean": 0.37, "n_updates": 0}, {"reward": 1080, "eps": 0.262, "len": 304, "time": 9092.95, "timesteps": 328158, "cpu_memory": 6.94, "cpu_percent": 23.5, "learning_rate": 0.00025, "loss_mean": 0.35, "n_updates": 0}, {"reward": 330, "eps": 0.2615, "len": 153, "time": 9097.63, "timesteps": 328311, "cpu_memory": 6.95, "cpu_percent": 23.5, "learning_rate": 0.00025, "loss_mean": 0.34, "n_updates": 0}, {"reward": 1230, "eps": 0.261, "len": 290, "time": 9106.37, "timesteps": 328601, "cpu_memory": 6.95, "cpu_percent": 23.5, "learning_rate": 0.00025, "loss_mean": 0.34, "n_updates": 0}, {"reward": 1290, "eps": 0.2603, "len": 331, "time": 9116.11, "timesteps": 328932, "cpu_memory": 6.95, "cpu_percent": 23.5, "learning_rate": 0.00025, "loss_mean": 0.35, "n_updates": 0}, {"reward": 540, "eps": 0.2597, "len": 185, "time": 9121.75, "timesteps": 329117, "cpu_memory": 6.95, "cpu_percent": 23.5, "learning_rate": 0.00025, "loss_mean": 0.34, "n_updates": 0}, {"reward": 590, "eps": 0.2593, "len": 162, "time": 9126.69, "timesteps": 329279, "cpu_memory": 6.95, "cpu_percent": 23.5, "learning_rate": 0.00025, "loss_mean": 0.36, "n_updates": 0}, {"reward": 880, "eps": 0.2589, "len": 201, "time": 9132.67, "timesteps": 329480, "cpu_memory": 6.95, "cpu_percent": 23.5, "learning_rate": 0.00025, "loss_mean": 0.35, "n_updates": 0}]