[{"reward": 460, "eps": 0.1, "len": 120, "time": 21898.33, "timesteps": 749361, "cpu_memory": 10.21, "cpu_percent": 34.0, "learning_rate": 0.00025, "loss_mean": 0.2, "n_updates": 0}, {"reward": 1320, "eps": 0.1, "len": 334, "time": 21908.11, "timesteps": 749695, "cpu_memory": 10.21, "cpu_percent": 34.0, "learning_rate": 0.00025, "loss_mean": 0.21, "n_updates": 0}, {"reward": 1040, "eps": 0.1, "len": 222, "time": 21914.55, "timesteps": 749917, "cpu_memory": 10.21, "cpu_percent": 34.0, "learning_rate": 0.00025, "loss_mean": 0.2, "n_updates": 0}, {"reward": 340, "eps": 0.1, "len": 109, "time": 21918.36, "timesteps": 750026, "cpu_memory": 10.22, "cpu_percent": 34.0, "learning_rate": 0.00025, "loss_mean": 0.21, "n_updates": 0}, {"reward": 930, "eps": 0.1, "len": 229, "time": 21925.04, "timesteps": 750255, "cpu_memory": 10.22, "cpu_percent": 34.0, "learning_rate": 0.00025, "loss_mean": 0.21, "n_updates": 0}, {"reward": 400, "eps": 0.1, "len": 125, "time": 21928.68, "timesteps": 750380, "cpu_memory": 10.22, "cpu_percent": 34.0, "learning_rate": 0.00025, "loss_mean": 0.21, "n_updates": 0}, {"reward": 1240, "eps": 0.1, "len": 278, "time": 21936.83, "timesteps": 750658, "cpu_memory": 10.22, "cpu_percent": 34.0, "learning_rate": 0.00025, "loss_mean": 0.21, "n_updates": 0}, {"reward": 570, "eps": 0.1, "len": 160, "time": 21941.52, "timesteps": 750818, "cpu_memory": 10.23, "cpu_percent": 34.0, "learning_rate": 0.00025, "loss_mean": 0.2, "n_updates": 0}, {"reward": 700, "eps": 0.1, "len": 178, "time": 21946.73, "timesteps": 750996, "cpu_memory": 10.23, "cpu_percent": 34.1, "learning_rate": 0.00025, "loss_mean": 0.22, "n_updates": 0}, {"reward": 970, "eps": 0.1, "len": 212, "time": 21952.96, "timesteps": 751208, "cpu_memory": 10.23, "cpu_percent": 34.1, "learning_rate": 0.00025, "loss_mean": 0.21, "n_updates": 0}, {"reward": 760, "eps": 0.1, "len": 206, "time": 21959.01, "timesteps": 751414, "cpu_memory": 10.23, "cpu_percent": 34.1, "learning_rate": 0.00025, "loss_mean": 0.21, "n_updates": 0}, {"reward": 740, "eps": 0.1, "len": 156, "time": 21963.68, "timesteps": 751570, "cpu_memory": 10.23, "cpu_percent": 34.1, "learning_rate": 0.00025, "loss_mean": 0.22, "n_updates": 0}, {"reward": 660, "eps": 0.1, "len": 157, "time": 21968.25, "timesteps": 751727, "cpu_memory": 10.23, "cpu_percent": 34.1, "learning_rate": 0.00025, "loss_mean": 0.21, "n_updates": 0}, {"reward": 920, "eps": 0.1, "len": 227, "time": 21974.77, "timesteps": 751954, "cpu_memory": 10.23, "cpu_percent": 34.1, "learning_rate": 0.00025, "loss_mean": 0.2, "n_updates": 0}, {"reward": 1100, "eps": 0.1, "len": 237, "time": 21981.54, "timesteps": 752191, "cpu_memory": 10.24, "cpu_percent": 34.1, "learning_rate": 0.00025, "loss_mean": 0.22, "n_updates": 0}, {"reward": 540, "eps": 0.1, "len": 184, "time": 21986.93, "timesteps": 752375, "cpu_memory": 10.24, "cpu_percent": 34.1, "learning_rate": 0.00025, "loss_mean": 0.21, "n_updates": 0}, {"reward": 820, "eps": 0.1, "len": 268, "time": 21995.0, "timesteps": 752643, "cpu_memory": 10.24, "cpu_percent": 34.1, "learning_rate": 0.00025, "loss_mean": 0.21, "n_updates": 0}, {"reward": 1060, "eps": 0.1, "len": 251, "time": 22002.22, "timesteps": 752894, "cpu_memory": 10.24, "cpu_percent": 34.1, "learning_rate": 0.00025, "loss_mean": 0.21, "n_updates": 0}, {"reward": 530, "eps": 0.1, "len": 242, "time": 22009.19, "timesteps": 753136, "cpu_memory": 10.24, "cpu_percent": 34.1, "learning_rate": 0.00025, "loss_mean": 0.21, "n_updates": 0}, {"reward": 520, "eps": 0.1, "len": 126, "time": 22012.93, "timesteps": 753262, "cpu_memory": 10.24, "cpu_percent": 34.1, "learning_rate": 0.00025, "loss_mean": 0.21, "n_updates": 0}, {"reward": 1130, "eps": 0.1, "len": 278, "time": 22021.12, "timesteps": 753540, "cpu_memory": 10.25, "cpu_percent": 34.1, "learning_rate": 0.00025, "loss_mean": 0.2, "n_updates": 0}, {"reward": 590, "eps": 0.1, "len": 170, "time": 22026.21, "timesteps": 753710, "cpu_memory": 10.25, "cpu_percent": 34.1, "learning_rate": 0.00025, "loss_mean": 0.2, "n_updates": 0}, {"reward": 460, "eps": 0.1, "len": 136, "time": 22030.21, "timesteps": 753846, "cpu_memory": 10.25, "cpu_percent": 34.1, "learning_rate": 0.00025, "loss_mean": 0.2, "n_updates": 0}, {"reward": 1250, "eps": 0.1, "len": 290, "time": 22038.58, "timesteps": 754136, "cpu_memory": 10.25, "cpu_percent": 34.1, "learning_rate": 0.00025, "loss_mean": 0.21, "n_updates": 0}, {"reward": 420, "eps": 0.1, "len": 138, "time": 22042.54, "timesteps": 754274, "cpu_memory": 10.25, "cpu_percent": 34.1, "learning_rate": 0.00025, "loss_mean": 0.2, "n_updates": 0}, {"reward": 680, "eps": 0.1, "len": 179, "time": 22047.83, "timesteps": 754453, "cpu_memory": 10.25, "cpu_percent": 34.1, "learning_rate": 0.00025, "loss_mean": 0.19, "n_updates": 0}, {"reward": 510, "eps": 0.1, "len": 165, "time": 22052.67, "timesteps": 754618, "cpu_memory": 10.26, "cpu_percent": 34.1, "learning_rate": 0.00025, "loss_mean": 0.21, "n_updates": 0}, {"reward": 900, "eps": 0.1, "len": 235, "time": 22059.61, "timesteps": 754853, "cpu_memory": 10.26, "cpu_percent": 34.1, "learning_rate": 0.00025, "loss_mean": 0.2, "n_updates": 0}, {"reward": 880, "eps": 0.1, "len": 224, "time": 22066.11, "timesteps": 755077, "cpu_memory": 10.26, "cpu_percent": 34.2, "learning_rate": 0.00025, "loss_mean": 0.2, "n_updates": 0}, {"reward": 790, "eps": 0.1, "len": 212, "time": 22072.48, "timesteps": 755289, "cpu_memory": 10.26, "cpu_percent": 34.2, "learning_rate": 0.00025, "loss_mean": 0.21, "n_updates": 0}, {"reward": 880, "eps": 0.1, "len": 242, "time": 22079.65, "timesteps": 755531, "cpu_memory": 10.26, "cpu_percent": 34.2, "learning_rate": 0.00025, "loss_mean": 0.21, "n_updates": 0}, {"reward": 970, "eps": 0.1, "len": 227, "time": 22086.28, "timesteps": 755758, "cpu_memory": 10.26, "cpu_percent": 34.2, "learning_rate": 0.00025, "loss_mean": 0.2, "n_updates": 0}, {"reward": 1150, "eps": 0.1, "len": 251, "time": 22093.66, "timesteps": 756009, "cpu_memory": 10.27, "cpu_percent": 34.2, "learning_rate": 0.00025, "loss_mean": 0.2, "n_updates": 0}, {"reward": 600, "eps": 0.1, "len": 157, "time": 22098.22, "timesteps": 756166, "cpu_memory": 10.27, "cpu_percent": 34.2, "learning_rate": 0.00025, "loss_mean": 0.21, "n_updates": 0}, {"reward": 1080, "eps": 0.1, "len": 283, "time": 22106.38, "timesteps": 756449, "cpu_memory": 10.27, "cpu_percent": 34.2, "learning_rate": 0.00025, "loss_mean": 0.21, "n_updates": 0}, {"reward": 1310, "eps": 0.1, "len": 303, "time": 22115.24, "timesteps": 756752, "cpu_memory": 10.27, "cpu_percent": 34.2, "learning_rate": 0.00025, "loss_mean": 0.21, "n_updates": 0}, {"reward": 1280, "eps": 0.1, "len": 294, "time": 22123.94, "timesteps": 757046, "cpu_memory": 10.27, "cpu_percent": 34.2, "learning_rate": 0.00025, "loss_mean": 0.21, "n_updates": 0}, {"reward": 990, "eps": 0.1, "len": 234, "time": 22130.71, "timesteps": 757280, "cpu_memory": 10.28, "cpu_percent": 34.2, "learning_rate": 0.00025, "loss_mean": 0.2, "n_updates": 0}, {"reward": 830, "eps": 0.1, "len": 182, "time": 22136.01, "timesteps": 757462, "cpu_memory": 10.28, "cpu_percent": 34.3, "learning_rate": 0.00025, "loss_mean": 0.21, "n_updates": 0}, {"reward": 740, "eps": 0.1, "len": 226, "time": 22142.58, "timesteps": 757688, "cpu_memory": 10.28, "cpu_percent": 34.3, "learning_rate": 0.00025, "loss_mean": 0.21, "n_updates": 0}, {"reward": 370, "eps": 0.1, "len": 135, "time": 22146.56, "timesteps": 757823, "cpu_memory": 10.28, "cpu_percent": 34.3, "learning_rate": 0.00025, "loss_mean": 0.21, "n_updates": 0}, {"reward": 850, "eps": 0.1, "len": 187, "time": 22152.12, "timesteps": 758010, "cpu_memory": 10.28, "cpu_percent": 34.3, "learning_rate": 0.00025, "loss_mean": 0.2, "n_updates": 0}, {"reward": 620, "eps": 0.1, "len": 179, "time": 22157.27, "timesteps": 758189, "cpu_memory": 10.28, "cpu_percent": 34.3, "learning_rate": 0.00025, "loss_mean": 0.21, "n_updates": 0}, {"reward": 710, "eps": 0.1, "len": 182, "time": 22162.49, "timesteps": 758371, "cpu_memory": 10.28, "cpu_percent": 34.3, "learning_rate": 0.00025, "loss_mean": 0.21, "n_updates": 0}, {"reward": 1880, "eps": 0.1, "len": 388, "time": 22173.69, "timesteps": 758759, "cpu_memory": 10.29, "cpu_percent": 34.3, "learning_rate": 0.00025, "loss_mean": 0.2, "n_updates": 0}, {"reward": 860, "eps": 0.1, "len": 200, "time": 22179.55, "timesteps": 758959, "cpu_memory": 10.29, "cpu_percent": 34.3, "learning_rate": 0.00025, "loss_mean": 0.21, "n_updates": 0}, {"reward": 430, "eps": 0.1, "len": 140, "time": 22183.75, "timesteps": 759099, "cpu_memory": 10.29, "cpu_percent": 34.3, "learning_rate": 0.00025, "loss_mean": 0.2, "n_updates": 0}, {"reward": 790, "eps": 0.1, "len": 268, "time": 22191.47, "timesteps": 759367, "cpu_memory": 10.29, "cpu_percent": 34.3, "learning_rate": 0.00025, "loss_mean": 0.2, "n_updates": 0}]