[{"reward": 690, "eps": 0.1, "len": 193, "time": 21622.75, "timesteps": 739937, "cpu_memory": 10.14, "cpu_percent": 33.8, "learning_rate": 0.00025, "loss_mean": 0.19, "n_updates": 0}, {"reward": 1290, "eps": 0.1, "len": 740279, "time": 21633.17, "timesteps": 740279, "cpu_memory": 10.14, "cpu_percent": 33.8, "learning_rate": 0.00025, "loss_mean": 0.21, "n_updates": 0}, {"reward": 890, "eps": 0.1, "len": 258, "time": 21640.61, "timesteps": 740537, "cpu_memory": 10.14, "cpu_percent": 33.8, "learning_rate": 0.00025, "loss_mean": 0.2, "n_updates": 0}, {"reward": 610, "eps": 0.1, "len": 163, "time": 21645.43, "timesteps": 740700, "cpu_memory": 10.14, "cpu_percent": 33.8, "learning_rate": 0.00025, "loss_mean": 0.21, "n_updates": 0}, {"reward": 1270, "eps": 0.1, "len": 297, "time": 21654.2, "timesteps": 740997, "cpu_memory": 10.14, "cpu_percent": 33.8, "learning_rate": 0.00025, "loss_mean": 0.21, "n_updates": 0}, {"reward": 900, "eps": 0.1, "len": 225, "time": 21660.71, "timesteps": 741222, "cpu_memory": 10.14, "cpu_percent": 33.8, "learning_rate": 0.00025, "loss_mean": 0.21, "n_updates": 0}, {"reward": 560, "eps": 0.1, "len": 148, "time": 21665.26, "timesteps": 741370, "cpu_memory": 10.15, "cpu_percent": 33.8, "learning_rate": 0.00025, "loss_mean": 0.21, "n_updates": 0}, {"reward": 1200, "eps": 0.1, "len": 279, "time": 21673.3, "timesteps": 741649, "cpu_memory": 10.15, "cpu_percent": 33.8, "learning_rate": 0.00025, "loss_mean": 0.2, "n_updates": 0}, {"reward": 1120, "eps": 0.1, "len": 298, "time": 21681.88, "timesteps": 741947, "cpu_memory": 10.15, "cpu_percent": 33.9, "learning_rate": 0.00025, "loss_mean": 0.2, "n_updates": 0}, {"reward": 870, "eps": 0.1, "len": 268, "time": 21689.72, "timesteps": 742215, "cpu_memory": 10.15, "cpu_percent": 33.8, "learning_rate": 0.00025, "loss_mean": 0.21, "n_updates": 0}, {"reward": 1260, "eps": 0.1, "len": 274, "time": 21697.63, "timesteps": 742489, "cpu_memory": 10.15, "cpu_percent": 33.9, "learning_rate": 0.00025, "loss_mean": 0.21, "n_updates": 0}, {"reward": 480, "eps": 0.1, "len": 170, "time": 21702.5, "timesteps": 742659, "cpu_memory": 10.16, "cpu_percent": 33.9, "learning_rate": 0.00025, "loss_mean": 0.21, "n_updates": 0}, {"reward": 750, "eps": 0.1, "len": 166, "time": 21707.42, "timesteps": 742825, "cpu_memory": 10.16, "cpu_percent": 33.9, "learning_rate": 0.00025, "loss_mean": 0.21, "n_updates": 0}, {"reward": 890, "eps": 0.1, "len": 210, "time": 21713.56, "timesteps": 743035, "cpu_memory": 10.16, "cpu_percent": 33.9, "learning_rate": 0.00025, "loss_mean": 0.2, "n_updates": 0}, {"reward": 1260, "eps": 0.1, "len": 262, "time": 21721.31, "timesteps": 743297, "cpu_memory": 10.16, "cpu_percent": 33.9, "learning_rate": 0.00025, "loss_mean": 0.21, "n_updates": 0}, {"reward": 900, "eps": 0.1, "len": 235, "time": 21728.11, "timesteps": 743532, "cpu_memory": 10.16, "cpu_percent": 33.9, "learning_rate": 0.00025, "loss_mean": 0.2, "n_updates": 0}, {"reward": 800, "eps": 0.1, "len": 205, "time": 21733.99, "timesteps": 743737, "cpu_memory": 10.16, "cpu_percent": 33.9, "learning_rate": 0.00025, "loss_mean": 0.2, "n_updates": 0}, {"reward": 1240, "eps": 0.1, "len": 260, "time": 21741.55, "timesteps": 743997, "cpu_memory": 10.17, "cpu_percent": 33.9, "learning_rate": 0.00025, "loss_mean": 0.2, "n_updates": 0}, {"reward": 1000, "eps": 0.1, "len": 241, "time": 21748.72, "timesteps": 744238, "cpu_memory": 10.17, "cpu_percent": 33.9, "learning_rate": 0.00025, "loss_mean": 0.21, "n_updates": 0}, {"reward": 790, "eps": 0.1, "len": 204, "time": 21754.71, "timesteps": 744442, "cpu_memory": 10.17, "cpu_percent": 33.9, "learning_rate": 0.00025, "loss_mean": 0.2, "n_updates": 0}, {"reward": 1200, "eps": 0.1, "len": 276, "time": 21762.84, "timesteps": 744718, "cpu_memory": 10.17, "cpu_percent": 33.9, "learning_rate": 0.00025, "loss_mean": 0.21, "n_updates": 0}, {"reward": 810, "eps": 0.1, "len": 243, "time": 21770.15, "timesteps": 744961, "cpu_memory": 10.17, "cpu_percent": 33.9, "learning_rate": 0.00025, "loss_mean": 0.21, "n_updates": 0}, {"reward": 930, "eps": 0.1, "len": 197, "time": 21776.04, "timesteps": 745158, "cpu_memory": 10.18, "cpu_percent": 33.9, "learning_rate": 0.00025, "loss_mean": 0.21, "n_updates": 0}, {"reward": 940, "eps": 0.1, "len": 235, "time": 21782.77, "timesteps": 745393, "cpu_memory": 10.18, "cpu_percent": 33.9, "learning_rate": 0.00025, "loss_mean": 0.2, "n_updates": 0}, {"reward": 650, "eps": 0.1, "len": 145, "time": 21787.02, "timesteps": 745538, "cpu_memory": 10.18, "cpu_percent": 33.9, "learning_rate": 0.00025, "loss_mean": 0.21, "n_updates": 0}, {"reward": 1180, "eps": 0.1, "len": 260, "time": 21794.56, "timesteps": 745798, "cpu_memory": 10.18, "cpu_percent": 33.9, "learning_rate": 0.00025, "loss_mean": 0.21, "n_updates": 0}, {"reward": 900, "eps": 0.1, "len": 240, "time": 21801.51, "timesteps": 746038, "cpu_memory": 10.18, "cpu_percent": 33.9, "learning_rate": 0.00025, "loss_mean": 0.21, "n_updates": 0}, {"reward": 1290, "eps": 0.1, "len": 274, "time": 21809.62, "timesteps": 746312, "cpu_memory": 10.18, "cpu_percent": 33.9, "learning_rate": 0.00025, "loss_mean": 0.2, "n_updates": 0}, {"reward": 900, "eps": 0.1, "len": 209, "time": 21815.64, "timesteps": 746521, "cpu_memory": 10.19, "cpu_percent": 33.9, "learning_rate": 0.00025, "loss_mean": 0.21, "n_updates": 0}, {"reward": 850, "eps": 0.1, "len": 224, "time": 21822.15, "timesteps": 746745, "cpu_memory": 10.19, "cpu_percent": 33.9, "learning_rate": 0.00025, "loss_mean": 0.21, "n_updates": 0}, {"reward": 1310, "eps": 0.1, "len": 284, "time": 21830.51, "timesteps": 747029, "cpu_memory": 10.19, "cpu_percent": 33.9, "learning_rate": 0.00025, "loss_mean": 0.21, "n_updates": 0}, {"reward": 1010, "eps": 0.1, "len": 200, "time": 21836.33, "timesteps": 747229, "cpu_memory": 10.19, "cpu_percent": 33.9, "learning_rate": 0.00025, "loss_mean": 0.22, "n_updates": 0}, {"reward": 770, "eps": 0.1, "len": 178, "time": 21841.55, "timesteps": 747407, "cpu_memory": 10.19, "cpu_percent": 34.0, "learning_rate": 0.00025, "loss_mean": 0.2, "n_updates": 0}, {"reward": 890, "eps": 0.1, "len": 237, "time": 21848.43, "timesteps": 747644, "cpu_memory": 10.19, "cpu_percent": 34.0, "learning_rate": 0.00025, "loss_mean": 0.21, "n_updates": 0}, {"reward": 870, "eps": 0.1, "len": 220, "time": 21854.82, "timesteps": 747864, "cpu_memory": 10.2, "cpu_percent": 34.0, "learning_rate": 0.00025, "loss_mean": 0.2, "n_updates": 0}, {"reward": 780, "eps": 0.1, "len": 213, "time": 21860.96, "timesteps": 748077, "cpu_memory": 10.2, "cpu_percent": 34.0, "learning_rate": 0.00025, "loss_mean": 0.21, "n_updates": 0}, {"reward": 760, "eps": 0.1, "len": 216, "time": 21867.21, "timesteps": 748293, "cpu_memory": 10.2, "cpu_percent": 34.0, "learning_rate": 0.00025, "loss_mean": 0.21, "n_updates": 0}, {"reward": 1400, "eps": 0.1, "len": 327, "time": 21876.73, "timesteps": 748620, "cpu_memory": 10.2, "cpu_percent": 34.0, "learning_rate": 0.00025, "loss_mean": 0.2, "n_updates": 0}, {"reward": 770, "eps": 0.1, "len": 207, "time": 21882.68, "timesteps": 748827, "cpu_memory": 10.2, "cpu_percent": 34.0, "learning_rate": 0.00025, "loss_mean": 0.2, "n_updates": 0}, {"reward": 690, "eps": 0.1, "len": 167, "time": 21887.57, "timesteps": 748994, "cpu_memory": 10.21, "cpu_percent": 34.0, "learning_rate": 0.00025, "loss_mean": 0.21, "n_updates": 0}, {"reward": 850, "eps": 0.1, "len": 247, "time": 21894.83, "timesteps": 749241, "cpu_memory": 10.21, "cpu_percent": 34.0, "learning_rate": 0.00025, "loss_mean": 0.21, "n_updates": 0}]