[{"reward": 1260, "eps": 0.1, "len": 314, "time": 17805.5, "timesteps": 609887, "cpu_memory": 9.13, "cpu_percent": 30.6, "learning_rate": 0.00025, "loss_mean": 0.26, "n_updates": 0}, {"reward": 710, "eps": 0.1, "len": 610048, "time": 17810.78, "timesteps": 610048, "cpu_memory": 9.13, "cpu_percent": 30.6, "learning_rate": 0.00025, "loss_mean": 0.24, "n_updates": 0}, {"reward": 790, "eps": 0.1, "len": 208, "time": 17816.79, "timesteps": 610256, "cpu_memory": 9.13, "cpu_percent": 30.6, "learning_rate": 0.00025, "loss_mean": 0.25, "n_updates": 0}, {"reward": 950, "eps": 0.1, "len": 232, "time": 17823.62, "timesteps": 610488, "cpu_memory": 9.14, "cpu_percent": 30.6, "learning_rate": 0.00025, "loss_mean": 0.24, "n_updates": 0}, {"reward": 1190, "eps": 0.1, "len": 241, "time": 17830.85, "timesteps": 610729, "cpu_memory": 9.14, "cpu_percent": 30.6, "learning_rate": 0.00025, "loss_mean": 0.25, "n_updates": 0}, {"reward": 1130, "eps": 0.1, "len": 240, "time": 17837.84, "timesteps": 610969, "cpu_memory": 9.14, "cpu_percent": 30.6, "learning_rate": 0.00025, "loss_mean": 0.25, "n_updates": 0}, {"reward": 650, "eps": 0.1, "len": 184, "time": 17843.23, "timesteps": 611153, "cpu_memory": 9.14, "cpu_percent": 30.6, "learning_rate": 0.00025, "loss_mean": 0.24, "n_updates": 0}, {"reward": 970, "eps": 0.1, "len": 261, "time": 17850.85, "timesteps": 611414, "cpu_memory": 9.14, "cpu_percent": 30.6, "learning_rate": 0.00025, "loss_mean": 0.24, "n_updates": 0}, {"reward": 710, "eps": 0.1, "len": 181, "time": 17856.3, "timesteps": 611595, "cpu_memory": 9.14, "cpu_percent": 30.6, "learning_rate": 0.00025, "loss_mean": 0.25, "n_updates": 0}, {"reward": 750, "eps": 0.1, "len": 193, "time": 17862.12, "timesteps": 611788, "cpu_memory": 9.15, "cpu_percent": 30.7, "learning_rate": 0.00025, "loss_mean": 0.26, "n_updates": 0}, {"reward": 940, "eps": 0.1, "len": 229, "time": 17868.88, "timesteps": 612017, "cpu_memory": 9.15, "cpu_percent": 30.7, "learning_rate": 0.00025, "loss_mean": 0.26, "n_updates": 0}, {"reward": 1090, "eps": 0.1, "len": 324, "time": 17878.2, "timesteps": 612341, "cpu_memory": 9.15, "cpu_percent": 30.7, "learning_rate": 0.00025, "loss_mean": 0.24, "n_updates": 0}, {"reward": 750, "eps": 0.1, "len": 168, "time": 17883.15, "timesteps": 612509, "cpu_memory": 9.15, "cpu_percent": 30.7, "learning_rate": 0.00025, "loss_mean": 0.24, "n_updates": 0}, {"reward": 1210, "eps": 0.1, "len": 350, "time": 17893.57, "timesteps": 612859, "cpu_memory": 9.15, "cpu_percent": 30.7, "learning_rate": 0.00025, "loss_mean": 0.25, "n_updates": 0}, {"reward": 550, "eps": 0.1, "len": 164, "time": 17898.34, "timesteps": 613023, "cpu_memory": 9.16, "cpu_percent": 30.7, "learning_rate": 0.00025, "loss_mean": 0.24, "n_updates": 0}, {"reward": 680, "eps": 0.1, "len": 205, "time": 17904.21, "timesteps": 613228, "cpu_memory": 9.16, "cpu_percent": 30.7, "learning_rate": 0.00025, "loss_mean": 0.25, "n_updates": 0}, {"reward": 1390, "eps": 0.1, "len": 285, "time": 17912.44, "timesteps": 613513, "cpu_memory": 9.16, "cpu_percent": 30.7, "learning_rate": 0.00025, "loss_mean": 0.26, "n_updates": 0}, {"reward": 640, "eps": 0.1, "len": 200, "time": 17918.27, "timesteps": 613713, "cpu_memory": 9.16, "cpu_percent": 30.7, "learning_rate": 0.00025, "loss_mean": 0.25, "n_updates": 0}, {"reward": 780, "eps": 0.1, "len": 188, "time": 17923.99, "timesteps": 613901, "cpu_memory": 9.16, "cpu_percent": 30.7, "learning_rate": 0.00025, "loss_mean": 0.25, "n_updates": 0}, {"reward": 820, "eps": 0.1, "len": 218, "time": 17930.34, "timesteps": 614119, "cpu_memory": 9.16, "cpu_percent": 30.7, "learning_rate": 0.00025, "loss_mean": 0.24, "n_updates": 0}, {"reward": 840, "eps": 0.1, "len": 274, "time": 17938.47, "timesteps": 614393, "cpu_memory": 9.17, "cpu_percent": 30.7, "learning_rate": 0.00025, "loss_mean": 0.25, "n_updates": 0}, {"reward": 1000, "eps": 0.1, "len": 242, "time": 17945.53, "timesteps": 614635, "cpu_memory": 9.17, "cpu_percent": 30.7, "learning_rate": 0.00025, "loss_mean": 0.24, "n_updates": 0}, {"reward": 790, "eps": 0.1, "len": 181, "time": 17950.8, "timesteps": 614816, "cpu_memory": 9.17, "cpu_percent": 30.7, "learning_rate": 0.00025, "loss_mean": 0.25, "n_updates": 0}, {"reward": 480, "eps": 0.1, "len": 173, "time": 17956.0, "timesteps": 614989, "cpu_memory": 9.17, "cpu_percent": 30.7, "learning_rate": 0.00025, "loss_mean": 0.24, "n_updates": 0}, {"reward": 570, "eps": 0.1, "len": 170, "time": 17960.94, "timesteps": 615159, "cpu_memory": 9.17, "cpu_percent": 30.7, "learning_rate": 0.00025, "loss_mean": 0.24, "n_updates": 0}, {"reward": 1100, "eps": 0.1, "len": 288, "time": 17969.45, "timesteps": 615447, "cpu_memory": 9.17, "cpu_percent": 30.7, "learning_rate": 0.00025, "loss_mean": 0.25, "n_updates": 0}, {"reward": 970, "eps": 0.1, "len": 202, "time": 17975.35, "timesteps": 615649, "cpu_memory": 9.18, "cpu_percent": 30.7, "learning_rate": 0.00025, "loss_mean": 0.25, "n_updates": 0}, {"reward": 770, "eps": 0.1, "len": 211, "time": 17981.55, "timesteps": 615860, "cpu_memory": 9.18, "cpu_percent": 30.7, "learning_rate": 0.00025, "loss_mean": 0.25, "n_updates": 0}, {"reward": 920, "eps": 0.1, "len": 234, "time": 17988.53, "timesteps": 616094, "cpu_memory": 9.18, "cpu_percent": 30.7, "learning_rate": 0.00025, "loss_mean": 0.24, "n_updates": 0}, {"reward": 750, "eps": 0.1, "len": 197, "time": 17994.22, "timesteps": 616291, "cpu_memory": 9.18, "cpu_percent": 30.7, "learning_rate": 0.00025, "loss_mean": 0.24, "n_updates": 0}, {"reward": 890, "eps": 0.1, "len": 207, "time": 18000.3, "timesteps": 616498, "cpu_memory": 9.18, "cpu_percent": 30.8, "learning_rate": 0.00025, "loss_mean": 0.25, "n_updates": 0}, {"reward": 1280, "eps": 0.1, "len": 300, "time": 18009.03, "timesteps": 616798, "cpu_memory": 9.19, "cpu_percent": 30.8, "learning_rate": 0.00025, "loss_mean": 0.24, "n_updates": 0}, {"reward": 370, "eps": 0.1, "len": 153, "time": 18013.5, "timesteps": 616951, "cpu_memory": 9.19, "cpu_percent": 30.8, "learning_rate": 0.00025, "loss_mean": 0.24, "n_updates": 0}, {"reward": 1180, "eps": 0.1, "len": 279, "time": 18022.01, "timesteps": 617230, "cpu_memory": 9.19, "cpu_percent": 30.8, "learning_rate": 0.00025, "loss_mean": 0.24, "n_updates": 0}, {"reward": 760, "eps": 0.1, "len": 165, "time": 18026.87, "timesteps": 617395, "cpu_memory": 9.19, "cpu_percent": 30.8, "learning_rate": 0.00025, "loss_mean": 0.24, "n_updates": 0}, {"reward": 870, "eps": 0.1, "len": 269, "time": 18034.77, "timesteps": 617664, "cpu_memory": 9.19, "cpu_percent": 30.8, "learning_rate": 0.00025, "loss_mean": 0.23, "n_updates": 0}, {"reward": 330, "eps": 0.1, "len": 107, "time": 18037.97, "timesteps": 617771, "cpu_memory": 9.19, "cpu_percent": 30.8, "learning_rate": 0.00025, "loss_mean": 0.24, "n_updates": 0}, {"reward": 1310, "eps": 0.1, "len": 322, "time": 18047.55, "timesteps": 618093, "cpu_memory": 9.2, "cpu_percent": 30.8, "learning_rate": 0.00025, "loss_mean": 0.24, "n_updates": 0}, {"reward": 410, "eps": 0.1, "len": 157, "time": 18052.18, "timesteps": 618250, "cpu_memory": 9.2, "cpu_percent": 30.8, "learning_rate": 0.00025, "loss_mean": 0.24, "n_updates": 0}, {"reward": 730, "eps": 0.1, "len": 181, "time": 18057.46, "timesteps": 618431, "cpu_memory": 9.2, "cpu_percent": 30.8, "learning_rate": 0.00025, "loss_mean": 0.24, "n_updates": 0}, {"reward": 1150, "eps": 0.1, "len": 240, "time": 18064.59, "timesteps": 618671, "cpu_memory": 9.2, "cpu_percent": 30.8, "learning_rate": 0.00025, "loss_mean": 0.24, "n_updates": 0}, {"reward": 680, "eps": 0.1, "len": 212, "time": 18070.76, "timesteps": 618883, "cpu_memory": 9.2, "cpu_percent": 30.8, "learning_rate": 0.00025, "loss_mean": 0.25, "n_updates": 0}, {"reward": 870, "eps": 0.1, "len": 213, "time": 18077.03, "timesteps": 619096, "cpu_memory": 9.2, "cpu_percent": 30.8, "learning_rate": 0.00025, "loss_mean": 0.25, "n_updates": 0}, {"reward": 1060, "eps": 0.1, "len": 251, "time": 18084.37, "timesteps": 619347, "cpu_memory": 9.21, "cpu_percent": 30.8, "learning_rate": 0.00025, "loss_mean": 0.24, "n_updates": 0}]