[{"reward": 930, "eps": 0.1, "len": 260, "time": 26875.21, "timesteps": 919353, "cpu_memory": 11.54, "cpu_percent": 38.3, "learning_rate": 0.00025, "loss_mean": 0.2, "n_updates": 0}, {"reward": 800, "eps": 0.1, "len": 199, "time": 26881.14, "timesteps": 919552, "cpu_memory": 11.54, "cpu_percent": 38.3, "learning_rate": 0.00025, "loss_mean": 0.21, "n_updates": 0}, {"reward": 1400, "eps": 0.1, "len": 259, "time": 26888.71, "timesteps": 919811, "cpu_memory": 11.54, "cpu_percent": 38.2, "learning_rate": 0.00025, "loss_mean": 0.2, "n_updates": 0}, {"reward": 960, "eps": 0.1, "len": 209, "time": 26895.31, "timesteps": 920020, "cpu_memory": 11.55, "cpu_percent": 38.3, "learning_rate": 0.00025, "loss_mean": 0.2, "n_updates": 0}, {"reward": 780, "eps": 0.1, "len": 213, "time": 26901.48, "timesteps": 920233, "cpu_memory": 11.55, "cpu_percent": 38.3, "learning_rate": 0.00025, "loss_mean": 0.2, "n_updates": 0}, {"reward": 880, "eps": 0.1, "len": 262, "time": 26909.15, "timesteps": 920495, "cpu_memory": 11.55, "cpu_percent": 38.3, "learning_rate": 0.00025, "loss_mean": 0.2, "n_updates": 0}, {"reward": 1120, "eps": 0.1, "len": 236, "time": 26916.19, "timesteps": 920731, "cpu_memory": 11.55, "cpu_percent": 38.3, "learning_rate": 0.00025, "loss_mean": 0.2, "n_updates": 0}, {"reward": 1200, "eps": 0.1, "len": 298, "time": 26924.81, "timesteps": 921029, "cpu_memory": 11.55, "cpu_percent": 38.3, "learning_rate": 0.00025, "loss_mean": 0.21, "n_updates": 0}, {"reward": 1270, "eps": 0.1, "len": 268, "time": 26932.53, "timesteps": 921297, "cpu_memory": 11.56, "cpu_percent": 38.3, "learning_rate": 0.00025, "loss_mean": 0.2, "n_updates": 0}, {"reward": 820, "eps": 0.1, "len": 188, "time": 26937.98, "timesteps": 921485, "cpu_memory": 11.56, "cpu_percent": 38.3, "learning_rate": 0.00025, "loss_mean": 0.21, "n_updates": 0}, {"reward": 1080, "eps": 0.1, "len": 278, "time": 26946.21, "timesteps": 921763, "cpu_memory": 11.56, "cpu_percent": 38.4, "learning_rate": 0.00025, "loss_mean": 0.21, "n_updates": 0}, {"reward": 1120, "eps": 0.1, "len": 261, "time": 26953.85, "timesteps": 922024, "cpu_memory": 11.56, "cpu_percent": 38.4, "learning_rate": 0.00025, "loss_mean": 0.2, "n_updates": 0}, {"reward": 740, "eps": 0.1, "len": 165, "time": 26958.65, "timesteps": 922189, "cpu_memory": 11.56, "cpu_percent": 38.4, "learning_rate": 0.00025, "loss_mean": 0.21, "n_updates": 0}, {"reward": 680, "eps": 0.1, "len": 199, "time": 26964.4, "timesteps": 922388, "cpu_memory": 11.56, "cpu_percent": 38.4, "learning_rate": 0.00025, "loss_mean": 0.21, "n_updates": 0}, {"reward": 1510, "eps": 0.1, "len": 290, "time": 26972.89, "timesteps": 922678, "cpu_memory": 11.57, "cpu_percent": 38.4, "learning_rate": 0.00025, "loss_mean": 0.2, "n_updates": 0}, {"reward": 840, "eps": 0.1, "len": 234, "time": 26979.69, "timesteps": 922912, "cpu_memory": 11.57, "cpu_percent": 38.4, "learning_rate": 0.00025, "loss_mean": 0.21, "n_updates": 0}, {"reward": 640, "eps": 0.1, "len": 183, "time": 26985.06, "timesteps": 923095, "cpu_memory": 11.57, "cpu_percent": 38.4, "learning_rate": 0.00025, "loss_mean": 0.21, "n_updates": 0}, {"reward": 1070, "eps": 0.1, "len": 213, "time": 26991.25, "timesteps": 923308, "cpu_memory": 11.57, "cpu_percent": 38.4, "learning_rate": 0.00025, "loss_mean": 0.2, "n_updates": 0}, {"reward": 670, "eps": 0.1, "len": 149, "time": 26995.55, "timesteps": 923457, "cpu_memory": 11.57, "cpu_percent": 38.4, "learning_rate": 0.00025, "loss_mean": 0.2, "n_updates": 0}, {"reward": 950, "eps": 0.1, "len": 265, "time": 27003.23, "timesteps": 923722, "cpu_memory": 11.58, "cpu_percent": 38.4, "learning_rate": 0.00025, "loss_mean": 0.21, "n_updates": 0}, {"reward": 1140, "eps": 0.1, "len": 243, "time": 27010.35, "timesteps": 923965, "cpu_memory": 11.58, "cpu_percent": 38.4, "learning_rate": 0.00025, "loss_mean": 0.19, "n_updates": 0}, {"reward": 510, "eps": 0.1, "len": 159, "time": 27014.98, "timesteps": 924124, "cpu_memory": 11.58, "cpu_percent": 38.4, "learning_rate": 0.00025, "loss_mean": 0.2, "n_updates": 0}, {"reward": 760, "eps": 0.1, "len": 214, "time": 27021.26, "timesteps": 924338, "cpu_memory": 11.58, "cpu_percent": 38.4, "learning_rate": 0.00025, "loss_mean": 0.21, "n_updates": 0}, {"reward": 1070, "eps": 0.1, "len": 212, "time": 27027.41, "timesteps": 924550, "cpu_memory": 11.58, "cpu_percent": 38.4, "learning_rate": 0.00025, "loss_mean": 0.21, "n_updates": 0}, {"reward": 690, "eps": 0.1, "len": 189, "time": 27033.02, "timesteps": 924739, "cpu_memory": 11.58, "cpu_percent": 38.4, "learning_rate": 0.00025, "loss_mean": 0.21, "n_updates": 0}, {"reward": 1360, "eps": 0.1, "len": 321, "time": 27042.69, "timesteps": 925060, "cpu_memory": 11.59, "cpu_percent": 38.5, "learning_rate": 0.00025, "loss_mean": 0.21, "n_updates": 0}, {"reward": 850, "eps": 0.1, "len": 215, "time": 27048.95, "timesteps": 925275, "cpu_memory": 11.59, "cpu_percent": 38.5, "learning_rate": 0.00025, "loss_mean": 0.21, "n_updates": 0}, {"reward": 1380, "eps": 0.1, "len": 298, "time": 27057.48, "timesteps": 925573, "cpu_memory": 11.59, "cpu_percent": 38.5, "learning_rate": 0.00025, "loss_mean": 0.21, "n_updates": 0}, {"reward": 880, "eps": 0.1, "len": 247, "time": 27064.79, "timesteps": 925820, "cpu_memory": 11.59, "cpu_percent": 38.5, "learning_rate": 0.00025, "loss_mean": 0.21, "n_updates": 0}, {"reward": 790, "eps": 0.1, "len": 167, "time": 27069.84, "timesteps": 925987, "cpu_memory": 11.59, "cpu_percent": 38.5, "learning_rate": 0.00025, "loss_mean": 0.21, "n_updates": 0}, {"reward": 500, "eps": 0.1, "len": 134, "time": 27073.77, "timesteps": 926121, "cpu_memory": 11.59, "cpu_percent": 38.5, "learning_rate": 0.00025, "loss_mean": 0.21, "n_updates": 0}, {"reward": 900, "eps": 0.1, "len": 235, "time": 27080.53, "timesteps": 926356, "cpu_memory": 11.6, "cpu_percent": 38.5, "learning_rate": 0.00025, "loss_mean": 0.2, "n_updates": 0}, {"reward": 610, "eps": 0.1, "len": 144, "time": 27084.76, "timesteps": 926500, "cpu_memory": 11.6, "cpu_percent": 38.5, "learning_rate": 0.00025, "loss_mean": 0.21, "n_updates": 0}, {"reward": 1020, "eps": 0.1, "len": 235, "time": 27091.52, "timesteps": 926735, "cpu_memory": 11.6, "cpu_percent": 38.5, "learning_rate": 0.00025, "loss_mean": 0.21, "n_updates": 0}, {"reward": 750, "eps": 0.1, "len": 199, "time": 27097.31, "timesteps": 926934, "cpu_memory": 11.6, "cpu_percent": 38.5, "learning_rate": 0.00025, "loss_mean": 0.22, "n_updates": 0}, {"reward": 870, "eps": 0.1, "len": 270, "time": 27105.39, "timesteps": 927204, "cpu_memory": 11.6, "cpu_percent": 38.5, "learning_rate": 0.00025, "loss_mean": 0.2, "n_updates": 0}, {"reward": 970, "eps": 0.1, "len": 229, "time": 27111.97, "timesteps": 927433, "cpu_memory": 11.6, "cpu_percent": 38.5, "learning_rate": 0.00025, "loss_mean": 0.2, "n_updates": 0}, {"reward": 920, "eps": 0.1, "len": 217, "time": 27118.22, "timesteps": 927650, "cpu_memory": 11.61, "cpu_percent": 38.5, "learning_rate": 0.00025, "loss_mean": 0.2, "n_updates": 0}, {"reward": 1140, "eps": 0.1, "len": 210, "time": 27124.31, "timesteps": 927860, "cpu_memory": 11.61, "cpu_percent": 38.5, "learning_rate": 0.00025, "loss_mean": 0.21, "n_updates": 0}, {"reward": 830, "eps": 0.1, "len": 195, "time": 27129.92, "timesteps": 928055, "cpu_memory": 11.61, "cpu_percent": 38.5, "learning_rate": 0.00025, "loss_mean": 0.22, "n_updates": 0}, {"reward": 690, "eps": 0.1, "len": 189, "time": 27135.72, "timesteps": 928244, "cpu_memory": 11.61, "cpu_percent": 38.6, "learning_rate": 0.00025, "loss_mean": 0.21, "n_updates": 0}, {"reward": 620, "eps": 0.1, "len": 159, "time": 27140.39, "timesteps": 928403, "cpu_memory": 11.61, "cpu_percent": 38.6, "learning_rate": 0.00025, "loss_mean": 0.2, "n_updates": 0}, {"reward": 950, "eps": 0.1, "len": 201, "time": 27146.14, "timesteps": 928604, "cpu_memory": 11.61, "cpu_percent": 38.6, "learning_rate": 0.00025, "loss_mean": 0.21, "n_updates": 0}, {"reward": 970, "eps": 0.1, "len": 229, "time": 27152.78, "timesteps": 928833, "cpu_memory": 11.62, "cpu_percent": 38.6, "learning_rate": 0.00025, "loss_mean": 0.2, "n_updates": 0}, {"reward": 850, "eps": 0.1, "len": 191, "time": 27158.33, "timesteps": 929024, "cpu_memory": 11.62, "cpu_percent": 38.6, "learning_rate": 0.00025, "loss_mean": 0.21, "n_updates": 0}, {"reward": 1060, "eps": 0.1, "len": 204, "time": 27164.37, "timesteps": 929228, "cpu_memory": 11.62, "cpu_percent": 38.6, "learning_rate": 0.00025, "loss_mean": 0.21, "n_updates": 0}, {"reward": 720, "eps": 0.1, "len": 213, "time": 27170.66, "timesteps": 929441, "cpu_memory": 11.62, "cpu_percent": 38.6, "learning_rate": 0.00025, "loss_mean": 0.2, "n_updates": 0}, {"reward": 900, "eps": 0.1, "len": 214, "time": 27176.84, "timesteps": 929655, "cpu_memory": 11.62, "cpu_percent": 38.6, "learning_rate": 0.00025, "loss_mean": 0.2, "n_updates": 0}]