[{"reward": 330, "eps": 0.9999, "len": 129, "time": 14.59, "timesteps": 129, "cpu_memory": 1.96, "cpu_percent": 7.6, "learning_rate": 0.00025, "loss_mean": 15.75, "n_updates": 0}, {"reward": 930, "eps": 0.9994, "len": 428, "time": 22.07, "timesteps": 428, "cpu_memory": 1.99, "cpu_percent": 7.7, "learning_rate": 0.00025, "loss_mean": 6.41, "n_updates": 0}, {"reward": 260, "eps": 0.9989, "len": 112, "time": 25.01, "timesteps": 540, "cpu_memory": 1.99, "cpu_percent": 7.7, "learning_rate": 0.00025, "loss_mean": 2.51, "n_updates": 0}, {"reward": 260, "eps": 0.9987, "len": 117, "time": 27.98, "timesteps": 657, "cpu_memory": 1.99, "cpu_percent": 7.7, "learning_rate": 0.00025, "loss_mean": 2.49, "n_updates": 0}, {"reward": 620, "eps": 0.9982, "len": 250, "time": 34.36, "timesteps": 907, "cpu_memory": 1.99, "cpu_percent": 7.7, "learning_rate": 0.00025, "loss_mean": 2.35, "n_updates": 0}, {"reward": 400, "eps": 0.9978, "len": 163, "time": 38.45, "timesteps": 1070, "cpu_memory": 2.0, "cpu_percent": 7.7, "learning_rate": 0.00025, "loss_mean": 2.42, "n_updates": 0}, {"reward": 430, "eps": 0.9974, "len": 168, "time": 42.64, "timesteps": 1238, "cpu_memory": 2.0, "cpu_percent": 7.7, "learning_rate": 0.00025, "loss_mean": 1.88, "n_updates": 0}, {"reward": 690, "eps": 0.997, "len": 201, "time": 47.58, "timesteps": 1439, "cpu_memory": 2.01, "cpu_percent": 7.8, "learning_rate": 0.00025, "loss_mean": 1.54, "n_updates": 0}, {"reward": 350, "eps": 0.9966, "len": 161, "time": 51.56, "timesteps": 1600, "cpu_memory": 2.01, "cpu_percent": 7.8, "learning_rate": 0.00025, "loss_mean": 1.58, "n_updates": 0}, {"reward": 450, "eps": 0.9962, "len": 181, "time": 56.17, "timesteps": 1781, "cpu_memory": 2.05, "cpu_percent": 7.9, "learning_rate": 0.00025, "loss_mean": 1.67, "n_updates": 0}, {"reward": 440, "eps": 0.9958, "len": 147, "time": 60.08, "timesteps": 1928, "cpu_memory": 2.1, "cpu_percent": 8.1, "learning_rate": 0.00025, "loss_mean": 2.11, "n_updates": 0}, {"reward": 340, "eps": 0.9955, "len": 133, "time": 63.5, "timesteps": 2061, "cpu_memory": 2.15, "cpu_percent": 8.2, "learning_rate": 0.00025, "loss_mean": 2.53, "n_updates": 0}, {"reward": 360, "eps": 0.9952, "len": 131, "time": 66.87, "timesteps": 2192, "cpu_memory": 2.15, "cpu_percent": 8.2, "learning_rate": 0.00025, "loss_mean": 1.33, "n_updates": 0}, {"reward": 520, "eps": 0.9949, "len": 157, "time": 70.85, "timesteps": 2349, "cpu_memory": 2.15, "cpu_percent": 8.2, "learning_rate": 0.00025, "loss_mean": 1.12, "n_updates": 0}, {"reward": 610, "eps": 0.9945, "len": 178, "time": 75.37, "timesteps": 2527, "cpu_memory": 2.15, "cpu_percent": 8.2, "learning_rate": 0.00025, "loss_mean": 1.81, "n_updates": 0}, {"reward": 1060, "eps": 0.994, "len": 279, "time": 82.58, "timesteps": 2806, "cpu_memory": 2.15, "cpu_percent": 8.2, "learning_rate": 0.00025, "loss_mean": 1.38, "n_updates": 0}, {"reward": 660, "eps": 0.9935, "len": 153, "time": 86.62, "timesteps": 2959, "cpu_memory": 2.15, "cpu_percent": 8.3, "learning_rate": 0.00025, "loss_mean": 1.35, "n_updates": 0}, {"reward": 300, "eps": 0.9932, "len": 152, "time": 90.53, "timesteps": 3111, "cpu_memory": 2.15, "cpu_percent": 8.3, "learning_rate": 0.00025, "loss_mean": 1.06, "n_updates": 0}, {"reward": 250, "eps": 0.9929, "len": 127, "time": 93.81, "timesteps": 3238, "cpu_memory": 2.15, "cpu_percent": 8.3, "learning_rate": 0.00025, "loss_mean": 1.32, "n_updates": 0}, {"reward": 370, "eps": 0.9925, "len": 162, "time": 97.85, "timesteps": 3400, "cpu_memory": 2.15, "cpu_percent": 8.3, "learning_rate": 0.00025, "loss_mean": 1.29, "n_updates": 0}, {"reward": 680, "eps": 0.9921, "len": 206, "time": 103.07, "timesteps": 3606, "cpu_memory": 2.15, "cpu_percent": 8.3, "learning_rate": 0.00025, "loss_mean": 1.47, "n_updates": 0}, {"reward": 570, "eps": 0.9917, "len": 185, "time": 107.69, "timesteps": 3791, "cpu_memory": 2.16, "cpu_percent": 8.3, "learning_rate": 0.00025, "loss_mean": 1.41, "n_updates": 0}, {"reward": 630, "eps": 0.9912, "len": 199, "time": 112.62, "timesteps": 3990, "cpu_memory": 2.16, "cpu_percent": 8.3, "learning_rate": 0.00025, "loss_mean": 1.39, "n_updates": 0}, {"reward": 340, "eps": 0.9909, "len": 109, "time": 115.34, "timesteps": 4099, "cpu_memory": 2.16, "cpu_percent": 8.3, "learning_rate": 0.00025, "loss_mean": 8.04, "n_updates": 0}, {"reward": 490, "eps": 0.9906, "len": 160, "time": 119.51, "timesteps": 4259, "cpu_memory": 2.16, "cpu_percent": 8.3, "learning_rate": 0.00025, "loss_mean": 2.4, "n_updates": 0}, {"reward": 390, "eps": 0.9903, "len": 144, "time": 123.17, "timesteps": 4403, "cpu_memory": 2.16, "cpu_percent": 8.3, "learning_rate": 0.00025, "loss_mean": 1.42, "n_updates": 0}, {"reward": 400, "eps": 0.9899, "len": 172, "time": 127.48, "timesteps": 4575, "cpu_memory": 2.16, "cpu_percent": 8.3, "learning_rate": 0.00025, "loss_mean": 1.27, "n_updates": 0}, {"reward": 440, "eps": 0.9895, "len": 169, "time": 131.72, "timesteps": 4744, "cpu_memory": 2.16, "cpu_percent": 8.3, "learning_rate": 0.00025, "loss_mean": 1.15, "n_updates": 0}, {"reward": 420, "eps": 0.9891, "len": 162, "time": 135.84, "timesteps": 4906, "cpu_memory": 2.16, "cpu_percent": 8.3, "learning_rate": 0.00025, "loss_mean": 1.22, "n_updates": 0}, {"reward": 310, "eps": 0.9888, "len": 116, "time": 138.72, "timesteps": 5022, "cpu_memory": 2.16, "cpu_percent": 8.3, "learning_rate": 0.00025, "loss_mean": 1.27, "n_updates": 0}, {"reward": 450, "eps": 0.9885, "len": 178, "time": 143.19, "timesteps": 5200, "cpu_memory": 2.16, "cpu_percent": 8.3, "learning_rate": 0.00025, "loss_mean": 1.04, "n_updates": 0}, {"reward": 540, "eps": 0.9881, "len": 177, "time": 147.89, "timesteps": 5377, "cpu_memory": 2.17, "cpu_percent": 8.3, "learning_rate": 0.00025, "loss_mean": 1.12, "n_updates": 0}, {"reward": 470, "eps": 0.9877, "len": 145, "time": 151.79, "timesteps": 5522, "cpu_memory": 2.17, "cpu_percent": 8.3, "learning_rate": 0.00025, "loss_mean": 1.34, "n_updates": 0}, {"reward": 460, "eps": 0.9874, "len": 170, "time": 156.27, "timesteps": 5692, "cpu_memory": 2.17, "cpu_percent": 8.3, "learning_rate": 0.00025, "loss_mean": 1.06, "n_updates": 0}, {"reward": 420, "eps": 0.987, "len": 162, "time": 160.4, "timesteps": 5854, "cpu_memory": 2.17, "cpu_percent": 8.3, "learning_rate": 0.00025, "loss_mean": 1.16, "n_updates": 0}, {"reward": 650, "eps": 0.9866, "len": 202, "time": 165.6, "timesteps": 6056, "cpu_memory": 2.17, "cpu_percent": 8.3, "learning_rate": 0.00025, "loss_mean": 0.95, "n_updates": 0}, {"reward": 330, "eps": 0.9862, "len": 141, "time": 169.07, "timesteps": 6197, "cpu_memory": 2.17, "cpu_percent": 8.3, "learning_rate": 0.00025, "loss_mean": 1.01, "n_updates": 0}, {"reward": 430, "eps": 0.9859, "len": 160, "time": 173.2, "timesteps": 6357, "cpu_memory": 2.17, "cpu_percent": 8.3, "learning_rate": 0.00025, "loss_mean": 1.02, "n_updates": 0}, {"reward": 270, "eps": 0.9856, "len": 120, "time": 176.2, "timesteps": 6477, "cpu_memory": 2.17, "cpu_percent": 8.3, "learning_rate": 0.00025, "loss_mean": 0.94, "n_updates": 0}, {"reward": 610, "eps": 0.9852, "len": 185, "time": 181.05, "timesteps": 6662, "cpu_memory": 2.18, "cpu_percent": 8.3, "learning_rate": 0.00025, "loss_mean": 1.03, "n_updates": 0}, {"reward": 510, "eps": 0.9848, "len": 168, "time": 185.36, "timesteps": 6830, "cpu_memory": 2.18, "cpu_percent": 8.4, "learning_rate": 0.00025, "loss_mean": 1.05, "n_updates": 0}, {"reward": 400, "eps": 0.9844, "len": 164, "time": 189.45, "timesteps": 6994, "cpu_memory": 2.19, "cpu_percent": 8.4, "learning_rate": 0.00025, "loss_mean": 1.19, "n_updates": 0}, {"reward": 510, "eps": 0.9841, "len": 144, "time": 193.01, "timesteps": 7138, "cpu_memory": 2.19, "cpu_percent": 8.4, "learning_rate": 0.00025, "loss_mean": 0.9, "n_updates": 0}, {"reward": 580, "eps": 0.9837, "len": 169, "time": 197.28, "timesteps": 7307, "cpu_memory": 2.2, "cpu_percent": 8.4, "learning_rate": 0.00025, "loss_mean": 1.07, "n_updates": 0}, {"reward": 590, "eps": 0.9834, "len": 167, "time": 201.48, "timesteps": 7474, "cpu_memory": 2.22, "cpu_percent": 8.4, "learning_rate": 0.00025, "loss_mean": 0.98, "n_updates": 0}, {"reward": 480, "eps": 0.983, "len": 181, "time": 206.09, "timesteps": 7655, "cpu_memory": 2.27, "cpu_percent": 8.6, "learning_rate": 0.00025, "loss_mean": 0.91, "n_updates": 0}, {"reward": 480, "eps": 0.9826, "len": 172, "time": 210.43, "timesteps": 7827, "cpu_memory": 2.33, "cpu_percent": 8.8, "learning_rate": 0.00025, "loss_mean": 1.1, "n_updates": 0}, {"reward": 650, "eps": 0.9822, "len": 186, "time": 215.33, "timesteps": 8013, "cpu_memory": 2.44, "cpu_percent": 9.1, "learning_rate": 0.00025, "loss_mean": 0.89, "n_updates": 0}, {"reward": 280, "eps": 0.9818, "len": 128, "time": 218.55, "timesteps": 8141, "cpu_memory": 2.44, "cpu_percent": 9.1, "learning_rate": 0.00025, "loss_mean": 1.14, "n_updates": 0}, {"reward": 490, "eps": 0.9815, "len": 168, "time": 222.74, "timesteps": 8309, "cpu_memory": 2.45, "cpu_percent": 9.1, "learning_rate": 0.00025, "loss_mean": 1.09, "n_updates": 0}, {"reward": 280, "eps": 0.9812, "len": 118, "time": 225.77, "timesteps": 8427, "cpu_memory": 2.45, "cpu_percent": 9.2, "learning_rate": 0.00025, "loss_mean": 0.86, "n_updates": 0}, {"reward": 480, "eps": 0.9808, "len": 172, "time": 230.07, "timesteps": 8599, "cpu_memory": 2.45, "cpu_percent": 9.2, "learning_rate": 0.00025, "loss_mean": 1.22, "n_updates": 0}, {"reward": 440, "eps": 0.9805, "len": 149, "time": 233.84, "timesteps": 8748, "cpu_memory": 2.45, "cpu_percent": 9.2, "learning_rate": 0.00025, "loss_mean": 0.9, "n_updates": 0}, {"reward": 570, "eps": 0.9801, "len": 191, "time": 238.66, "timesteps": 8939, "cpu_memory": 2.45, "cpu_percent": 9.2, "learning_rate": 0.00025, "loss_mean": 1.02, "n_updates": 0}, {"reward": 540, "eps": 0.9797, "len": 197, "time": 243.8, "timesteps": 9136, "cpu_memory": 2.45, "cpu_percent": 9.2, "learning_rate": 0.00025, "loss_mean": 1.85, "n_updates": 0}, {"reward": 530, "eps": 0.9793, "len": 158, "time": 247.81, "timesteps": 9294, "cpu_memory": 2.45, "cpu_percent": 9.2, "learning_rate": 0.00025, "loss_mean": 0.99, "n_updates": 0}, {"reward": 520, "eps": 0.9789, "len": 189, "time": 252.51, "timesteps": 9483, "cpu_memory": 2.45, "cpu_percent": 9.2, "learning_rate": 0.00025, "loss_mean": 2.31, "n_updates": 0}, {"reward": 340, "eps": 0.9785, "len": 127, "time": 255.73, "timesteps": 9610, "cpu_memory": 2.46, "cpu_percent": 9.2, "learning_rate": 0.00025, "loss_mean": 1.04, "n_updates": 0}, {"reward": 540, "eps": 0.9782, "len": 178, "time": 260.18, "timesteps": 9788, "cpu_memory": 2.46, "cpu_percent": 9.2, "learning_rate": 0.00025, "loss_mean": 1.41, "n_updates": 0}]