[{"reward": 650, "eps": 0.8663, "len": 200, "time": 1561.54, "timesteps": 59541, "cpu_memory": 3.95, "cpu_percent": 13.9, "learning_rate": 0.00025, "loss_mean": 0.65, "n_updates": 0}, {"reward": 600, "eps": 0.8658, "len": 193, "time": 1566.72, "timesteps": 59734, "cpu_memory": 3.95, "cpu_percent": 13.9, "learning_rate": 0.00025, "loss_mean": 0.69, "n_updates": 0}, {"reward": 470, "eps": 0.8653, "len": 233, "time": 1572.84, "timesteps": 59967, "cpu_memory": 3.96, "cpu_percent": 13.9, "learning_rate": 0.00025, "loss_mean": 0.83, "n_updates": 0}, {"reward": 680, "eps": 0.8649, "len": 184, "time": 1578.48, "timesteps": 60151, "cpu_memory": 4.17, "cpu_percent": 14.5, "learning_rate": 0.00025, "loss_mean": 0.6, "n_updates": 0}, {"reward": 460, "eps": 0.8645, "len": 161, "time": 1582.82, "timesteps": 60312, "cpu_memory": 4.22, "cpu_percent": 14.7, "learning_rate": 0.00025, "loss_mean": 0.71, "n_updates": 0}, {"reward": 520, "eps": 0.8641, "len": 191, "time": 1587.89, "timesteps": 60503, "cpu_memory": 4.22, "cpu_percent": 14.7, "learning_rate": 0.00025, "loss_mean": 0.66, "n_updates": 0}, {"reward": 520, "eps": 0.8637, "len": 139, "time": 1591.82, "timesteps": 60642, "cpu_memory": 4.22, "cpu_percent": 14.7, "learning_rate": 0.00025, "loss_mean": 0.58, "n_updates": 0}, {"reward": 310, "eps": 0.8634, "len": 151, "time": 1595.97, "timesteps": 60793, "cpu_memory": 4.22, "cpu_percent": 14.8, "learning_rate": 0.00025, "loss_mean": 0.61, "n_updates": 0}, {"reward": 460, "eps": 0.863, "len": 211, "time": 1601.74, "timesteps": 61004, "cpu_memory": 4.23, "cpu_percent": 14.8, "learning_rate": 0.00025, "loss_mean": 0.94, "n_updates": 0}, {"reward": 580, "eps": 0.8625, "len": 177, "time": 1606.61, "timesteps": 61181, "cpu_memory": 4.23, "cpu_percent": 14.8, "learning_rate": 0.00025, "loss_mean": 0.68, "n_updates": 0}, {"reward": 460, "eps": 0.8621, "len": 194, "time": 1611.9, "timesteps": 61375, "cpu_memory": 4.23, "cpu_percent": 14.8, "learning_rate": 0.00025, "loss_mean": 0.63, "n_updates": 0}, {"reward": 290, "eps": 0.8618, "len": 136, "time": 1615.62, "timesteps": 61511, "cpu_memory": 4.23, "cpu_percent": 14.8, "learning_rate": 0.00025, "loss_mean": 0.66, "n_updates": 0}, {"reward": 700, "eps": 0.8614, "len": 184, "time": 1620.62, "timesteps": 61695, "cpu_memory": 4.23, "cpu_percent": 14.8, "learning_rate": 0.00025, "loss_mean": 0.67, "n_updates": 0}, {"reward": 380, "eps": 0.861, "len": 145, "time": 1624.82, "timesteps": 61840, "cpu_memory": 4.23, "cpu_percent": 14.8, "learning_rate": 0.00025, "loss_mean": 0.68, "n_updates": 0}, {"reward": 410, "eps": 0.8607, "len": 133, "time": 1628.49, "timesteps": 61973, "cpu_memory": 4.23, "cpu_percent": 14.8, "learning_rate": 0.00025, "loss_mean": 0.82, "n_updates": 0}, {"reward": 500, "eps": 0.8604, "len": 154, "time": 1632.75, "timesteps": 62127, "cpu_memory": 4.23, "cpu_percent": 14.8, "learning_rate": 0.00025, "loss_mean": 0.58, "n_updates": 0}, {"reward": 550, "eps": 0.86, "len": 178, "time": 1637.73, "timesteps": 62305, "cpu_memory": 4.23, "cpu_percent": 14.8, "learning_rate": 0.00025, "loss_mean": 0.55, "n_updates": 0}, {"reward": 510, "eps": 0.8596, "len": 185, "time": 1642.93, "timesteps": 62490, "cpu_memory": 4.24, "cpu_percent": 14.8, "learning_rate": 0.00025, "loss_mean": 0.67, "n_updates": 0}, {"reward": 360, "eps": 0.8592, "len": 144, "time": 1646.88, "timesteps": 62634, "cpu_memory": 4.24, "cpu_percent": 14.8, "learning_rate": 0.00025, "loss_mean": 0.69, "n_updates": 0}, {"reward": 520, "eps": 0.8589, "len": 177, "time": 1651.63, "timesteps": 62811, "cpu_memory": 4.24, "cpu_percent": 14.8, "learning_rate": 0.00025, "loss_mean": 0.76, "n_updates": 0}, {"reward": 670, "eps": 0.8584, "len": 219, "time": 1657.8, "timesteps": 63030, "cpu_memory": 4.24, "cpu_percent": 14.9, "learning_rate": 0.00025, "loss_mean": 0.63, "n_updates": 0}, {"reward": 320, "eps": 0.858, "len": 134, "time": 1661.57, "timesteps": 63164, "cpu_memory": 4.24, "cpu_percent": 14.9, "learning_rate": 0.00025, "loss_mean": 0.66, "n_updates": 0}, {"reward": 510, "eps": 0.8577, "len": 155, "time": 1665.75, "timesteps": 63319, "cpu_memory": 4.24, "cpu_percent": 14.9, "learning_rate": 0.00025, "loss_mean": 0.7, "n_updates": 0}, {"reward": 800, "eps": 0.8573, "len": 219, "time": 1671.49, "timesteps": 63538, "cpu_memory": 4.24, "cpu_percent": 14.9, "learning_rate": 0.00025, "loss_mean": 0.76, "n_updates": 0}, {"reward": 740, "eps": 0.8568, "len": 227, "time": 1677.52, "timesteps": 63765, "cpu_memory": 4.24, "cpu_percent": 14.9, "learning_rate": 0.00025, "loss_mean": 0.69, "n_updates": 0}, {"reward": 580, "eps": 0.8563, "len": 168, "time": 1681.99, "timesteps": 63933, "cpu_memory": 4.24, "cpu_percent": 14.9, "learning_rate": 0.00025, "loss_mean": 0.74, "n_updates": 0}, {"reward": 530, "eps": 0.8559, "len": 197, "time": 1687.39, "timesteps": 64130, "cpu_memory": 4.25, "cpu_percent": 14.9, "learning_rate": 0.00025, "loss_mean": 0.76, "n_updates": 0}, {"reward": 550, "eps": 0.8555, "len": 179, "time": 1692.14, "timesteps": 64309, "cpu_memory": 4.25, "cpu_percent": 14.9, "learning_rate": 0.00025, "loss_mean": 0.74, "n_updates": 0}, {"reward": 830, "eps": 0.8551, "len": 213, "time": 1697.82, "timesteps": 64522, "cpu_memory": 4.25, "cpu_percent": 14.9, "learning_rate": 0.00025, "loss_mean": 0.69, "n_updates": 0}, {"reward": 370, "eps": 0.8547, "len": 149, "time": 1701.74, "timesteps": 64671, "cpu_memory": 4.25, "cpu_percent": 14.9, "learning_rate": 0.00025, "loss_mean": 0.66, "n_updates": 0}, {"reward": 590, "eps": 0.8543, "len": 153, "time": 1705.8, "timesteps": 64824, "cpu_memory": 4.25, "cpu_percent": 14.9, "learning_rate": 0.00025, "loss_mean": 0.67, "n_updates": 0}, {"reward": 750, "eps": 0.8538, "len": 265, "time": 1713.11, "timesteps": 65089, "cpu_memory": 4.25, "cpu_percent": 14.9, "learning_rate": 0.00025, "loss_mean": 0.77, "n_updates": 0}, {"reward": 230, "eps": 0.8534, "len": 115, "time": 1716.49, "timesteps": 65204, "cpu_memory": 4.25, "cpu_percent": 14.9, "learning_rate": 0.00025, "loss_mean": 0.82, "n_updates": 0}, {"reward": 750, "eps": 0.853, "len": 251, "time": 1723.42, "timesteps": 65455, "cpu_memory": 4.25, "cpu_percent": 14.9, "learning_rate": 0.00025, "loss_mean": 0.58, "n_updates": 0}, {"reward": 510, "eps": 0.8526, "len": 122, "time": 1726.83, "timesteps": 65577, "cpu_memory": 4.26, "cpu_percent": 14.9, "learning_rate": 0.00025, "loss_mean": 0.51, "n_updates": 0}, {"reward": 380, "eps": 0.8523, "len": 145, "time": 1731.16, "timesteps": 65722, "cpu_memory": 4.26, "cpu_percent": 14.9, "learning_rate": 0.00025, "loss_mean": 0.59, "n_updates": 0}, {"reward": 760, "eps": 0.8519, "len": 226, "time": 1737.28, "timesteps": 65948, "cpu_memory": 4.26, "cpu_percent": 14.9, "learning_rate": 0.00025, "loss_mean": 0.62, "n_updates": 0}, {"reward": 1000, "eps": 0.8513, "len": 324, "time": 1745.87, "timesteps": 66272, "cpu_memory": 4.26, "cpu_percent": 14.9, "learning_rate": 0.00025, "loss_mean": 0.77, "n_updates": 0}, {"reward": 550, "eps": 0.8507, "len": 152, "time": 1750.3, "timesteps": 66424, "cpu_memory": 4.26, "cpu_percent": 14.9, "learning_rate": 0.00025, "loss_mean": 0.67, "n_updates": 0}, {"reward": 620, "eps": 0.8504, "len": 158, "time": 1754.85, "timesteps": 66582, "cpu_memory": 4.26, "cpu_percent": 14.9, "learning_rate": 0.00025, "loss_mean": 0.56, "n_updates": 0}, {"reward": 340, "eps": 0.85, "len": 152, "time": 1759.11, "timesteps": 66734, "cpu_memory": 4.26, "cpu_percent": 14.9, "learning_rate": 0.00025, "loss_mean": 0.73, "n_updates": 0}, {"reward": 340, "eps": 0.8497, "len": 118, "time": 1762.24, "timesteps": 66852, "cpu_memory": 4.26, "cpu_percent": 14.9, "learning_rate": 0.00025, "loss_mean": 0.59, "n_updates": 0}, {"reward": 660, "eps": 0.8493, "len": 208, "time": 1767.71, "timesteps": 67060, "cpu_memory": 4.26, "cpu_percent": 14.9, "learning_rate": 0.00025, "loss_mean": 0.61, "n_updates": 0}, {"reward": 510, "eps": 0.8489, "len": 197, "time": 1773.38, "timesteps": 67257, "cpu_memory": 4.27, "cpu_percent": 14.9, "learning_rate": 0.00025, "loss_mean": 0.62, "n_updates": 0}, {"reward": 420, "eps": 0.8485, "len": 119, "time": 1776.73, "timesteps": 67376, "cpu_memory": 4.27, "cpu_percent": 14.9, "learning_rate": 0.00025, "loss_mean": 0.64, "n_updates": 0}, {"reward": 750, "eps": 0.8482, "len": 216, "time": 1782.66, "timesteps": 67592, "cpu_memory": 4.27, "cpu_percent": 14.9, "learning_rate": 0.00025, "loss_mean": 0.97, "n_updates": 0}, {"reward": 750, "eps": 0.8477, "len": 208, "time": 1788.3, "timesteps": 67800, "cpu_memory": 4.27, "cpu_percent": 14.9, "learning_rate": 0.00025, "loss_mean": 0.51, "n_updates": 0}, {"reward": 440, "eps": 0.8473, "len": 144, "time": 1792.13, "timesteps": 67944, "cpu_memory": 4.27, "cpu_percent": 14.9, "learning_rate": 0.00025, "loss_mean": 0.52, "n_updates": 0}, {"reward": 440, "eps": 0.847, "len": 149, "time": 1796.21, "timesteps": 68093, "cpu_memory": 4.27, "cpu_percent": 14.9, "learning_rate": 0.00025, "loss_mean": 0.63, "n_updates": 0}, {"reward": 420, "eps": 0.8466, "len": 139, "time": 1800.04, "timesteps": 68232, "cpu_memory": 4.27, "cpu_percent": 14.9, "learning_rate": 0.00025, "loss_mean": 0.77, "n_updates": 0}, {"reward": 310, "eps": 0.8463, "len": 113, "time": 1803.14, "timesteps": 68345, "cpu_memory": 4.27, "cpu_percent": 14.9, "learning_rate": 0.00025, "loss_mean": 0.64, "n_updates": 0}, {"reward": 460, "eps": 0.846, "len": 184, "time": 1808.22, "timesteps": 68529, "cpu_memory": 4.27, "cpu_percent": 14.9, "learning_rate": 0.00025, "loss_mean": 0.66, "n_updates": 0}, {"reward": 1060, "eps": 0.8455, "len": 282, "time": 1815.9, "timesteps": 68811, "cpu_memory": 4.28, "cpu_percent": 14.9, "learning_rate": 0.00025, "loss_mean": 0.74, "n_updates": 0}, {"reward": 280, "eps": 0.845, "len": 145, "time": 1819.85, "timesteps": 68956, "cpu_memory": 4.28, "cpu_percent": 14.9, "learning_rate": 0.00025, "loss_mean": 0.67, "n_updates": 0}, {"reward": 870, "eps": 0.8445, "len": 268, "time": 1826.99, "timesteps": 69224, "cpu_memory": 4.28, "cpu_percent": 14.9, "learning_rate": 0.00025, "loss_mean": 0.65, "n_updates": 0}, {"reward": 480, "eps": 0.8441, "len": 159, "time": 1831.12, "timesteps": 69383, "cpu_memory": 4.28, "cpu_percent": 14.9, "learning_rate": 0.00025, "loss_mean": 0.59, "n_updates": 0}, {"reward": 240, "eps": 0.8438, "len": 118, "time": 1834.21, "timesteps": 69501, "cpu_memory": 4.28, "cpu_percent": 14.9, "learning_rate": 0.00025, "loss_mean": 0.62, "n_updates": 0}, {"reward": 430, "eps": 0.8435, "len": 139, "time": 1837.86, "timesteps": 69640, "cpu_memory": 4.29, "cpu_percent": 14.9, "learning_rate": 0.00025, "loss_mean": 0.52, "n_updates": 0}, {"reward": 380, "eps": 0.8431, "len": 167, "time": 1842.36, "timesteps": 69807, "cpu_memory": 4.3, "cpu_percent": 15.0, "learning_rate": 0.00025, "loss_mean": 0.6, "n_updates": 0}]