[{"reward": 710, "eps": 0.2133, "len": 191, "time": 9734.34, "timesteps": 349719, "cpu_memory": 7.14, "cpu_percent": 24.2, "learning_rate": 0.00025, "loss_mean": 0.35, "n_updates": 0}, {"reward": 740, "eps": 0.2129, "len": 169, "time": 9739.28, "timesteps": 349888, "cpu_memory": 7.14, "cpu_percent": 24.2, "learning_rate": 0.00025, "loss_mean": 0.34, "n_updates": 0}, {"reward": 720, "eps": 0.2126, "len": 171, "time": 9745.0, "timesteps": 350059, "cpu_memory": 7.11, "cpu_percent": 24.1, "learning_rate": 0.00025, "loss_mean": 0.37, "n_updates": 0}, {"reward": 1120, "eps": 0.212, "len": 346, "time": 9755.11, "timesteps": 350405, "cpu_memory": 7.11, "cpu_percent": 24.1, "learning_rate": 0.00025, "loss_mean": 0.37, "n_updates": 0}, {"reward": 890, "eps": 0.2114, "len": 207, "time": 9761.18, "timesteps": 350612, "cpu_memory": 7.11, "cpu_percent": 24.1, "learning_rate": 0.00025, "loss_mean": 0.34, "n_updates": 0}, {"reward": 500, "eps": 0.211, "len": 138, "time": 9765.2, "timesteps": 350750, "cpu_memory": 7.11, "cpu_percent": 24.1, "learning_rate": 0.00025, "loss_mean": 0.33, "n_updates": 0}, {"reward": 390, "eps": 0.2107, "len": 115, "time": 9768.53, "timesteps": 350865, "cpu_memory": 7.12, "cpu_percent": 24.1, "learning_rate": 0.00025, "loss_mean": 0.35, "n_updates": 0}, {"reward": 610, "eps": 0.2103, "len": 188, "time": 9774.0, "timesteps": 351053, "cpu_memory": 7.12, "cpu_percent": 24.1, "learning_rate": 0.00025, "loss_mean": 0.37, "n_updates": 0}, {"reward": 1120, "eps": 0.2099, "len": 234, "time": 9780.85, "timesteps": 351287, "cpu_memory": 7.12, "cpu_percent": 24.1, "learning_rate": 0.00025, "loss_mean": 0.37, "n_updates": 0}, {"reward": 860, "eps": 0.2093, "len": 236, "time": 9787.83, "timesteps": 351523, "cpu_memory": 7.12, "cpu_percent": 24.1, "learning_rate": 0.00025, "loss_mean": 0.35, "n_updates": 0}, {"reward": 930, "eps": 0.2088, "len": 206, "time": 9793.82, "timesteps": 351729, "cpu_memory": 7.12, "cpu_percent": 24.1, "learning_rate": 0.00025, "loss_mean": 0.35, "n_updates": 0}, {"reward": 920, "eps": 0.2084, "len": 204, "time": 9799.77, "timesteps": 351933, "cpu_memory": 7.12, "cpu_percent": 24.1, "learning_rate": 0.00025, "loss_mean": 0.33, "n_updates": 0}, {"reward": 870, "eps": 0.2079, "len": 251, "time": 9807.17, "timesteps": 352184, "cpu_memory": 7.13, "cpu_percent": 24.2, "learning_rate": 0.00025, "loss_mean": 0.35, "n_updates": 0}, {"reward": 1020, "eps": 0.2073, "len": 230, "time": 9813.92, "timesteps": 352414, "cpu_memory": 7.13, "cpu_percent": 24.1, "learning_rate": 0.00025, "loss_mean": 0.36, "n_updates": 0}, {"reward": 850, "eps": 0.2068, "len": 265, "time": 9821.59, "timesteps": 352679, "cpu_memory": 7.13, "cpu_percent": 24.1, "learning_rate": 0.00025, "loss_mean": 0.36, "n_updates": 0}, {"reward": 980, "eps": 0.2061, "len": 293, "time": 9830.09, "timesteps": 352972, "cpu_memory": 7.13, "cpu_percent": 24.1, "learning_rate": 0.00025, "loss_mean": 0.34, "n_updates": 0}, {"reward": 710, "eps": 0.2056, "len": 161, "time": 9834.79, "timesteps": 353133, "cpu_memory": 7.13, "cpu_percent": 24.2, "learning_rate": 0.00025, "loss_mean": 0.35, "n_updates": 0}, {"reward": 900, "eps": 0.2052, "len": 216, "time": 9841.04, "timesteps": 353349, "cpu_memory": 7.13, "cpu_percent": 24.2, "learning_rate": 0.00025, "loss_mean": 0.35, "n_updates": 0}, {"reward": 580, "eps": 0.2048, "len": 128, "time": 9844.85, "timesteps": 353477, "cpu_memory": 7.14, "cpu_percent": 24.2, "learning_rate": 0.00025, "loss_mean": 0.35, "n_updates": 0}, {"reward": 520, "eps": 0.2045, "len": 147, "time": 9849.22, "timesteps": 353624, "cpu_memory": 7.14, "cpu_percent": 24.2, "learning_rate": 0.00025, "loss_mean": 0.39, "n_updates": 0}, {"reward": 580, "eps": 0.2042, "len": 146, "time": 9853.49, "timesteps": 353770, "cpu_memory": 7.14, "cpu_percent": 24.2, "learning_rate": 0.00025, "loss_mean": 0.36, "n_updates": 0}, {"reward": 740, "eps": 0.2038, "len": 183, "time": 9859.12, "timesteps": 353953, "cpu_memory": 7.14, "cpu_percent": 24.2, "learning_rate": 0.00025, "loss_mean": 0.38, "n_updates": 0}, {"reward": 770, "eps": 0.2034, "len": 156, "time": 9863.79, "timesteps": 354109, "cpu_memory": 7.14, "cpu_percent": 24.2, "learning_rate": 0.00025, "loss_mean": 0.39, "n_updates": 0}, {"reward": 760, "eps": 0.203, "len": 210, "time": 9870.27, "timesteps": 354319, "cpu_memory": 7.14, "cpu_percent": 24.2, "learning_rate": 0.00025, "loss_mean": 0.36, "n_updates": 0}, {"reward": 1190, "eps": 0.2024, "len": 343, "time": 9880.5, "timesteps": 354662, "cpu_memory": 7.14, "cpu_percent": 24.2, "learning_rate": 0.00025, "loss_mean": 0.39, "n_updates": 0}, {"reward": 1150, "eps": 0.2017, "len": 289, "time": 9889.0, "timesteps": 354951, "cpu_memory": 7.15, "cpu_percent": 24.2, "learning_rate": 0.00025, "loss_mean": 0.38, "n_updates": 0}, {"reward": 670, "eps": 0.2012, "len": 171, "time": 9894.14, "timesteps": 355122, "cpu_memory": 7.15, "cpu_percent": 24.2, "learning_rate": 0.00025, "loss_mean": 0.34, "n_updates": 0}, {"reward": 1010, "eps": 0.2007, "len": 245, "time": 9901.47, "timesteps": 355367, "cpu_memory": 7.15, "cpu_percent": 24.2, "learning_rate": 0.00025, "loss_mean": 0.37, "n_updates": 0}, {"reward": 1070, "eps": 0.2002, "len": 232, "time": 9908.43, "timesteps": 355599, "cpu_memory": 7.15, "cpu_percent": 24.2, "learning_rate": 0.00025, "loss_mean": 0.36, "n_updates": 0}, {"reward": 710, "eps": 0.1996, "len": 241, "time": 9915.74, "timesteps": 355840, "cpu_memory": 7.15, "cpu_percent": 24.2, "learning_rate": 0.00025, "loss_mean": 0.36, "n_updates": 0}, {"reward": 600, "eps": 0.1992, "len": 154, "time": 9920.39, "timesteps": 355994, "cpu_memory": 7.15, "cpu_percent": 24.2, "learning_rate": 0.00025, "loss_mean": 0.38, "n_updates": 0}, {"reward": 540, "eps": 0.1989, "len": 129, "time": 9924.26, "timesteps": 356123, "cpu_memory": 7.16, "cpu_percent": 24.2, "learning_rate": 0.00025, "loss_mean": 0.38, "n_updates": 0}, {"reward": 750, "eps": 0.1985, "len": 183, "time": 9929.75, "timesteps": 356306, "cpu_memory": 7.16, "cpu_percent": 24.3, "learning_rate": 0.00025, "loss_mean": 0.37, "n_updates": 0}, {"reward": 440, "eps": 0.1982, "len": 133, "time": 9933.91, "timesteps": 356439, "cpu_memory": 7.16, "cpu_percent": 24.2, "learning_rate": 0.00025, "loss_mean": 0.34, "n_updates": 0}, {"reward": 860, "eps": 0.1978, "len": 190, "time": 9939.61, "timesteps": 356629, "cpu_memory": 7.16, "cpu_percent": 24.2, "learning_rate": 0.00025, "loss_mean": 0.36, "n_updates": 0}, {"reward": 900, "eps": 0.1973, "len": 243, "time": 9946.85, "timesteps": 356872, "cpu_memory": 7.16, "cpu_percent": 24.3, "learning_rate": 0.00025, "loss_mean": 0.37, "n_updates": 0}, {"reward": 720, "eps": 0.1968, "len": 188, "time": 9952.46, "timesteps": 357060, "cpu_memory": 7.16, "cpu_percent": 24.3, "learning_rate": 0.00025, "loss_mean": 0.37, "n_updates": 0}, {"reward": 1250, "eps": 0.1963, "len": 285, "time": 9960.99, "timesteps": 357345, "cpu_memory": 7.16, "cpu_percent": 24.3, "learning_rate": 0.00025, "loss_mean": 0.37, "n_updates": 0}, {"reward": 690, "eps": 0.1958, "len": 161, "time": 9966.11, "timesteps": 357506, "cpu_memory": 7.17, "cpu_percent": 24.3, "learning_rate": 0.00025, "loss_mean": 0.38, "n_updates": 0}, {"reward": 420, "eps": 0.1954, "len": 180, "time": 9971.59, "timesteps": 357686, "cpu_memory": 7.17, "cpu_percent": 24.3, "learning_rate": 0.00025, "loss_mean": 0.4, "n_updates": 0}, {"reward": 730, "eps": 0.195, "len": 192, "time": 9977.41, "timesteps": 357878, "cpu_memory": 7.17, "cpu_percent": 24.3, "learning_rate": 0.00025, "loss_mean": 0.41, "n_updates": 0}, {"reward": 1560, "eps": 0.1943, "len": 385, "time": 9988.92, "timesteps": 358263, "cpu_memory": 7.17, "cpu_percent": 24.3, "learning_rate": 0.00025, "loss_mean": 0.37, "n_updates": 0}, {"reward": 800, "eps": 0.1937, "len": 214, "time": 9995.5, "timesteps": 358477, "cpu_memory": 7.17, "cpu_percent": 24.3, "learning_rate": 0.00025, "loss_mean": 0.38, "n_updates": 0}, {"reward": 580, "eps": 0.1932, "len": 192, "time": 10001.28, "timesteps": 358669, "cpu_memory": 7.17, "cpu_percent": 24.3, "learning_rate": 0.00025, "loss_mean": 0.37, "n_updates": 0}, {"reward": 330, "eps": 0.1928, "len": 133, "time": 10005.33, "timesteps": 358802, "cpu_memory": 7.18, "cpu_percent": 24.3, "learning_rate": 0.00025, "loss_mean": 0.38, "n_updates": 0}, {"reward": 960, "eps": 0.1924, "len": 223, "time": 10012.05, "timesteps": 359025, "cpu_memory": 7.18, "cpu_percent": 24.3, "learning_rate": 0.00025, "loss_mean": 0.38, "n_updates": 0}, {"reward": 700, "eps": 0.192, "len": 204, "time": 10018.25, "timesteps": 359229, "cpu_memory": 7.18, "cpu_percent": 24.3, "learning_rate": 0.00025, "loss_mean": 0.37, "n_updates": 0}, {"reward": 800, "eps": 0.1915, "len": 172, "time": 10023.4, "timesteps": 359401, "cpu_memory": 7.18, "cpu_percent": 24.3, "learning_rate": 0.00025, "loss_mean": 0.38, "n_updates": 0}]