[{"reward": 1060, "eps": 0.3931, "len": 269, "time": 7396.04, "timesteps": 269888, "cpu_memory": 6.52, "cpu_percent": 22.1, "learning_rate": 0.00025, "loss_mean": 0.37, "n_updates": 0}, {"reward": 630, "eps": 0.3925, "len": 270111, "time": 7403.0, "timesteps": 270111, "cpu_memory": 6.52, "cpu_percent": 22.2, "learning_rate": 0.00025, "loss_mean": 0.35, "n_updates": 0}, {"reward": 590, "eps": 0.392, "len": 178, "time": 7408.06, "timesteps": 270289, "cpu_memory": 6.52, "cpu_percent": 22.1, "learning_rate": 0.00025, "loss_mean": 0.36, "n_updates": 0}, {"reward": 970, "eps": 0.3915, "len": 305, "time": 7416.62, "timesteps": 270594, "cpu_memory": 6.52, "cpu_percent": 22.1, "learning_rate": 0.00025, "loss_mean": 0.34, "n_updates": 0}, {"reward": 860, "eps": 0.3909, "len": 236, "time": 7423.37, "timesteps": 270830, "cpu_memory": 6.52, "cpu_percent": 22.2, "learning_rate": 0.00025, "loss_mean": 0.35, "n_updates": 0}, {"reward": 370, "eps": 0.3905, "len": 115, "time": 7426.88, "timesteps": 270945, "cpu_memory": 6.53, "cpu_percent": 22.1, "learning_rate": 0.00025, "loss_mean": 0.37, "n_updates": 0}, {"reward": 550, "eps": 0.3902, "len": 164, "time": 7431.51, "timesteps": 271109, "cpu_memory": 6.53, "cpu_percent": 22.1, "learning_rate": 0.00025, "loss_mean": 0.36, "n_updates": 0}, {"reward": 700, "eps": 0.3897, "len": 237, "time": 7438.22, "timesteps": 271346, "cpu_memory": 6.53, "cpu_percent": 22.1, "learning_rate": 0.00025, "loss_mean": 0.36, "n_updates": 0}, {"reward": 690, "eps": 0.3892, "len": 211, "time": 7444.22, "timesteps": 271557, "cpu_memory": 6.53, "cpu_percent": 22.1, "learning_rate": 0.00025, "loss_mean": 0.36, "n_updates": 0}, {"reward": 730, "eps": 0.3888, "len": 166, "time": 7448.93, "timesteps": 271723, "cpu_memory": 6.53, "cpu_percent": 22.1, "learning_rate": 0.00025, "loss_mean": 0.33, "n_updates": 0}, {"reward": 850, "eps": 0.3884, "len": 216, "time": 7455.2, "timesteps": 271939, "cpu_memory": 6.53, "cpu_percent": 22.2, "learning_rate": 0.00025, "loss_mean": 0.35, "n_updates": 0}, {"reward": 670, "eps": 0.3879, "len": 191, "time": 7460.67, "timesteps": 272130, "cpu_memory": 6.53, "cpu_percent": 22.2, "learning_rate": 0.00025, "loss_mean": 0.37, "n_updates": 0}, {"reward": 1040, "eps": 0.3874, "len": 310, "time": 7469.43, "timesteps": 272440, "cpu_memory": 6.54, "cpu_percent": 22.2, "learning_rate": 0.00025, "loss_mean": 0.35, "n_updates": 0}, {"reward": 990, "eps": 0.3867, "len": 269, "time": 7477.25, "timesteps": 272709, "cpu_memory": 6.54, "cpu_percent": 22.2, "learning_rate": 0.00025, "loss_mean": 0.37, "n_updates": 0}, {"reward": 610, "eps": 0.3862, "len": 195, "time": 7482.89, "timesteps": 272904, "cpu_memory": 6.54, "cpu_percent": 22.2, "learning_rate": 0.00025, "loss_mean": 0.36, "n_updates": 0}, {"reward": 660, "eps": 0.3857, "len": 207, "time": 7489.08, "timesteps": 273111, "cpu_memory": 6.54, "cpu_percent": 22.2, "learning_rate": 0.00025, "loss_mean": 0.37, "n_updates": 0}, {"reward": 810, "eps": 0.3852, "len": 222, "time": 7495.39, "timesteps": 273333, "cpu_memory": 6.54, "cpu_percent": 22.2, "learning_rate": 0.00025, "loss_mean": 0.36, "n_updates": 0}, {"reward": 960, "eps": 0.3847, "len": 281, "time": 7503.2, "timesteps": 273614, "cpu_memory": 6.54, "cpu_percent": 22.2, "learning_rate": 0.00025, "loss_mean": 0.36, "n_updates": 0}, {"reward": 680, "eps": 0.3842, "len": 167, "time": 7507.98, "timesteps": 273781, "cpu_memory": 6.55, "cpu_percent": 22.2, "learning_rate": 0.00025, "loss_mean": 0.36, "n_updates": 0}, {"reward": 580, "eps": 0.3838, "len": 206, "time": 7513.76, "timesteps": 273987, "cpu_memory": 6.55, "cpu_percent": 22.2, "learning_rate": 0.00025, "loss_mean": 0.38, "n_updates": 0}, {"reward": 590, "eps": 0.3834, "len": 154, "time": 7518.21, "timesteps": 274141, "cpu_memory": 6.55, "cpu_percent": 22.2, "learning_rate": 0.00025, "loss_mean": 0.38, "n_updates": 0}, {"reward": 1020, "eps": 0.3829, "len": 283, "time": 7526.23, "timesteps": 274424, "cpu_memory": 6.55, "cpu_percent": 22.2, "learning_rate": 0.00025, "loss_mean": 0.37, "n_updates": 0}, {"reward": 850, "eps": 0.3823, "len": 211, "time": 7532.35, "timesteps": 274635, "cpu_memory": 6.55, "cpu_percent": 22.2, "learning_rate": 0.00025, "loss_mean": 0.37, "n_updates": 0}, {"reward": 1070, "eps": 0.3817, "len": 356, "time": 7542.28, "timesteps": 274991, "cpu_memory": 6.55, "cpu_percent": 22.2, "learning_rate": 0.00025, "loss_mean": 0.39, "n_updates": 0}, {"reward": 730, "eps": 0.381, "len": 253, "time": 7549.65, "timesteps": 275244, "cpu_memory": 6.56, "cpu_percent": 22.3, "learning_rate": 0.00025, "loss_mean": 0.37, "n_updates": 0}, {"reward": 520, "eps": 0.3805, "len": 202, "time": 7555.45, "timesteps": 275446, "cpu_memory": 6.56, "cpu_percent": 22.3, "learning_rate": 0.00025, "loss_mean": 0.4, "n_updates": 0}, {"reward": 1130, "eps": 0.38, "len": 262, "time": 7562.97, "timesteps": 275708, "cpu_memory": 6.56, "cpu_percent": 22.3, "learning_rate": 0.00025, "loss_mean": 0.36, "n_updates": 0}, {"reward": 800, "eps": 0.3794, "len": 212, "time": 7569.03, "timesteps": 275920, "cpu_memory": 6.56, "cpu_percent": 22.3, "learning_rate": 0.00025, "loss_mean": 0.4, "n_updates": 0}, {"reward": 550, "eps": 0.379, "len": 183, "time": 7574.17, "timesteps": 276103, "cpu_memory": 6.56, "cpu_percent": 22.3, "learning_rate": 0.00025, "loss_mean": 0.39, "n_updates": 0}, {"reward": 500, "eps": 0.3786, "len": 139, "time": 7578.21, "timesteps": 276242, "cpu_memory": 6.56, "cpu_percent": 22.3, "learning_rate": 0.00025, "loss_mean": 0.39, "n_updates": 0}, {"reward": 1210, "eps": 0.3782, "len": 264, "time": 7585.85, "timesteps": 276506, "cpu_memory": 6.57, "cpu_percent": 22.3, "learning_rate": 0.00025, "loss_mean": 0.4, "n_updates": 0}, {"reward": 700, "eps": 0.3776, "len": 191, "time": 7591.41, "timesteps": 276697, "cpu_memory": 6.57, "cpu_percent": 22.3, "learning_rate": 0.00025, "loss_mean": 0.37, "n_updates": 0}, {"reward": 670, "eps": 0.3772, "len": 184, "time": 7596.64, "timesteps": 276881, "cpu_memory": 6.57, "cpu_percent": 22.3, "learning_rate": 0.00025, "loss_mean": 0.38, "n_updates": 0}, {"reward": 870, "eps": 0.3768, "len": 198, "time": 7602.2, "timesteps": 277079, "cpu_memory": 6.57, "cpu_percent": 22.3, "learning_rate": 0.00025, "loss_mean": 0.39, "n_updates": 0}, {"reward": 700, "eps": 0.3763, "len": 211, "time": 7608.26, "timesteps": 277290, "cpu_memory": 6.57, "cpu_percent": 22.3, "learning_rate": 0.00025, "loss_mean": 0.4, "n_updates": 0}, {"reward": 1030, "eps": 0.3759, "len": 209, "time": 7614.26, "timesteps": 277499, "cpu_memory": 6.57, "cpu_percent": 22.3, "learning_rate": 0.00025, "loss_mean": 0.4, "n_updates": 0}, {"reward": 410, "eps": 0.3755, "len": 123, "time": 7617.75, "timesteps": 277622, "cpu_memory": 6.57, "cpu_percent": 22.3, "learning_rate": 0.00025, "loss_mean": 0.4, "n_updates": 0}, {"reward": 610, "eps": 0.3752, "len": 172, "time": 7622.65, "timesteps": 277794, "cpu_memory": 6.58, "cpu_percent": 22.3, "learning_rate": 0.00025, "loss_mean": 0.4, "n_updates": 0}, {"reward": 1010, "eps": 0.3747, "len": 277, "time": 7630.54, "timesteps": 278071, "cpu_memory": 6.58, "cpu_percent": 22.3, "learning_rate": 0.00025, "loss_mean": 0.37, "n_updates": 0}, {"reward": 490, "eps": 0.3742, "len": 140, "time": 7634.45, "timesteps": 278211, "cpu_memory": 6.58, "cpu_percent": 22.3, "learning_rate": 0.00025, "loss_mean": 0.41, "n_updates": 0}, {"reward": 440, "eps": 0.3739, "len": 114, "time": 7637.89, "timesteps": 278325, "cpu_memory": 6.58, "cpu_percent": 22.3, "learning_rate": 0.00025, "loss_mean": 0.4, "n_updates": 0}, {"reward": 940, "eps": 0.3735, "len": 219, "time": 7644.37, "timesteps": 278544, "cpu_memory": 6.58, "cpu_percent": 22.3, "learning_rate": 0.00025, "loss_mean": 0.38, "n_updates": 0}, {"reward": 1340, "eps": 0.3729, "len": 300, "time": 7652.92, "timesteps": 278844, "cpu_memory": 6.58, "cpu_percent": 22.3, "learning_rate": 0.00025, "loss_mean": 0.41, "n_updates": 0}, {"reward": 430, "eps": 0.3725, "len": 133, "time": 7656.72, "timesteps": 278977, "cpu_memory": 6.58, "cpu_percent": 22.3, "learning_rate": 0.00025, "loss_mean": 0.37, "n_updates": 0}, {"reward": 780, "eps": 0.3721, "len": 222, "time": 7662.94, "timesteps": 279199, "cpu_memory": 6.59, "cpu_percent": 22.3, "learning_rate": 0.00025, "loss_mean": 0.4, "n_updates": 0}, {"reward": 830, "eps": 0.3715, "len": 300, "time": 7671.49, "timesteps": 279499, "cpu_memory": 6.59, "cpu_percent": 22.3, "learning_rate": 0.00025, "loss_mean": 0.38, "n_updates": 0}, {"reward": 610, "eps": 0.3709, "len": 169, "time": 7676.51, "timesteps": 279668, "cpu_memory": 6.59, "cpu_percent": 22.4, "learning_rate": 0.00025, "loss_mean": 0.38, "n_updates": 0}]