[{"reward": 1060, "eps": 0.1, "len": 296, "time": 25715.32, "timesteps": 879710, "cpu_memory": 11.26, "cpu_percent": 37.4, "learning_rate": 0.00025, "loss_mean": 0.2, "n_updates": 0}, {"reward": 840, "eps": 0.1, "len": 172, "time": 25720.39, "timesteps": 879882, "cpu_memory": 11.26, "cpu_percent": 37.4, "learning_rate": 0.00025, "loss_mean": 0.19, "n_updates": 0}, {"reward": 570, "eps": 0.1, "len": 185, "time": 25726.46, "timesteps": 880067, "cpu_memory": 11.23, "cpu_percent": 37.3, "learning_rate": 0.00025, "loss_mean": 0.2, "n_updates": 0}, {"reward": 1140, "eps": 0.1, "len": 238, "time": 25733.28, "timesteps": 880305, "cpu_memory": 11.23, "cpu_percent": 37.3, "learning_rate": 0.00025, "loss_mean": 0.2, "n_updates": 0}, {"reward": 880, "eps": 0.1, "len": 203, "time": 25739.2, "timesteps": 880508, "cpu_memory": 11.23, "cpu_percent": 37.3, "learning_rate": 0.00025, "loss_mean": 0.19, "n_updates": 0}, {"reward": 1430, "eps": 0.1, "len": 331, "time": 25748.87, "timesteps": 880839, "cpu_memory": 11.23, "cpu_percent": 37.3, "learning_rate": 0.00025, "loss_mean": 0.2, "n_updates": 0}, {"reward": 740, "eps": 0.1, "len": 204, "time": 25754.92, "timesteps": 881043, "cpu_memory": 11.24, "cpu_percent": 37.4, "learning_rate": 0.00025, "loss_mean": 0.2, "n_updates": 0}, {"reward": 1720, "eps": 0.1, "len": 446, "time": 25767.71, "timesteps": 881489, "cpu_memory": 11.24, "cpu_percent": 37.4, "learning_rate": 0.00025, "loss_mean": 0.2, "n_updates": 0}, {"reward": 960, "eps": 0.1, "len": 261, "time": 25775.43, "timesteps": 881750, "cpu_memory": 11.24, "cpu_percent": 37.4, "learning_rate": 0.00025, "loss_mean": 0.2, "n_updates": 0}, {"reward": 480, "eps": 0.1, "len": 149, "time": 25779.73, "timesteps": 881899, "cpu_memory": 11.24, "cpu_percent": 37.4, "learning_rate": 0.00025, "loss_mean": 0.2, "n_updates": 0}, {"reward": 1790, "eps": 0.1, "len": 406, "time": 25791.63, "timesteps": 882305, "cpu_memory": 11.25, "cpu_percent": 37.4, "learning_rate": 0.00025, "loss_mean": 0.2, "n_updates": 0}, {"reward": 850, "eps": 0.1, "len": 277, "time": 25799.79, "timesteps": 882582, "cpu_memory": 11.25, "cpu_percent": 37.4, "learning_rate": 0.00025, "loss_mean": 0.19, "n_updates": 0}, {"reward": 700, "eps": 0.1, "len": 172, "time": 25804.93, "timesteps": 882754, "cpu_memory": 11.25, "cpu_percent": 37.4, "learning_rate": 0.00025, "loss_mean": 0.21, "n_updates": 0}, {"reward": 640, "eps": 0.1, "len": 151, "time": 25809.32, "timesteps": 882905, "cpu_memory": 11.25, "cpu_percent": 37.4, "learning_rate": 0.00025, "loss_mean": 0.19, "n_updates": 0}, {"reward": 540, "eps": 0.1, "len": 141, "time": 25813.45, "timesteps": 883046, "cpu_memory": 11.25, "cpu_percent": 37.4, "learning_rate": 0.00025, "loss_mean": 0.19, "n_updates": 0}, {"reward": 960, "eps": 0.1, "len": 215, "time": 25819.75, "timesteps": 883261, "cpu_memory": 11.25, "cpu_percent": 37.4, "learning_rate": 0.00025, "loss_mean": 0.2, "n_updates": 0}, {"reward": 630, "eps": 0.1, "len": 152, "time": 25824.2, "timesteps": 883413, "cpu_memory": 11.25, "cpu_percent": 37.4, "learning_rate": 0.00025, "loss_mean": 0.2, "n_updates": 0}, {"reward": 660, "eps": 0.1, "len": 190, "time": 25829.69, "timesteps": 883603, "cpu_memory": 11.26, "cpu_percent": 37.4, "learning_rate": 0.00025, "loss_mean": 0.21, "n_updates": 0}, {"reward": 930, "eps": 0.1, "len": 212, "time": 25835.93, "timesteps": 883815, "cpu_memory": 11.26, "cpu_percent": 37.4, "learning_rate": 0.00025, "loss_mean": 0.21, "n_updates": 0}, {"reward": 1030, "eps": 0.1, "len": 186, "time": 25841.27, "timesteps": 884001, "cpu_memory": 11.26, "cpu_percent": 37.4, "learning_rate": 0.00025, "loss_mean": 0.2, "n_updates": 0}, {"reward": 720, "eps": 0.1, "len": 206, "time": 25847.29, "timesteps": 884207, "cpu_memory": 11.26, "cpu_percent": 37.4, "learning_rate": 0.00025, "loss_mean": 0.2, "n_updates": 0}, {"reward": 1110, "eps": 0.1, "len": 262, "time": 25854.88, "timesteps": 884469, "cpu_memory": 11.26, "cpu_percent": 37.4, "learning_rate": 0.00025, "loss_mean": 0.2, "n_updates": 0}, {"reward": 890, "eps": 0.1, "len": 181, "time": 25860.19, "timesteps": 884650, "cpu_memory": 11.26, "cpu_percent": 37.4, "learning_rate": 0.00025, "loss_mean": 0.2, "n_updates": 0}, {"reward": 1350, "eps": 0.1, "len": 319, "time": 25869.56, "timesteps": 884969, "cpu_memory": 11.27, "cpu_percent": 37.4, "learning_rate": 0.00025, "loss_mean": 0.19, "n_updates": 0}, {"reward": 960, "eps": 0.1, "len": 226, "time": 25876.07, "timesteps": 885195, "cpu_memory": 11.27, "cpu_percent": 37.5, "learning_rate": 0.00025, "loss_mean": 0.2, "n_updates": 0}, {"reward": 590, "eps": 0.1, "len": 181, "time": 25881.38, "timesteps": 885376, "cpu_memory": 11.27, "cpu_percent": 37.4, "learning_rate": 0.00025, "loss_mean": 0.21, "n_updates": 0}, {"reward": 1510, "eps": 0.1, "len": 340, "time": 25891.25, "timesteps": 885716, "cpu_memory": 11.27, "cpu_percent": 37.4, "learning_rate": 0.00025, "loss_mean": 0.2, "n_updates": 0}, {"reward": 1450, "eps": 0.1, "len": 291, "time": 25899.77, "timesteps": 886007, "cpu_memory": 11.27, "cpu_percent": 37.5, "learning_rate": 0.00025, "loss_mean": 0.2, "n_updates": 0}, {"reward": 740, "eps": 0.1, "len": 195, "time": 25905.42, "timesteps": 886202, "cpu_memory": 11.28, "cpu_percent": 37.4, "learning_rate": 0.00025, "loss_mean": 0.19, "n_updates": 0}, {"reward": 830, "eps": 0.1, "len": 195, "time": 25911.2, "timesteps": 886397, "cpu_memory": 11.28, "cpu_percent": 37.4, "learning_rate": 0.00025, "loss_mean": 0.19, "n_updates": 0}, {"reward": 890, "eps": 0.1, "len": 222, "time": 25917.61, "timesteps": 886619, "cpu_memory": 11.28, "cpu_percent": 37.4, "learning_rate": 0.00025, "loss_mean": 0.2, "n_updates": 0}, {"reward": 1330, "eps": 0.1, "len": 308, "time": 25926.71, "timesteps": 886927, "cpu_memory": 11.28, "cpu_percent": 37.4, "learning_rate": 0.00025, "loss_mean": 0.2, "n_updates": 0}, {"reward": 590, "eps": 0.1, "len": 230, "time": 25933.37, "timesteps": 887157, "cpu_memory": 11.28, "cpu_percent": 37.4, "learning_rate": 0.00025, "loss_mean": 0.19, "n_updates": 0}, {"reward": 1250, "eps": 0.1, "len": 264, "time": 25941.08, "timesteps": 887421, "cpu_memory": 11.29, "cpu_percent": 37.4, "learning_rate": 0.00025, "loss_mean": 0.2, "n_updates": 0}, {"reward": 720, "eps": 0.1, "len": 167, "time": 25945.96, "timesteps": 887588, "cpu_memory": 11.29, "cpu_percent": 37.5, "learning_rate": 0.00025, "loss_mean": 0.21, "n_updates": 0}, {"reward": 780, "eps": 0.1, "len": 238, "time": 25952.88, "timesteps": 887826, "cpu_memory": 11.29, "cpu_percent": 37.5, "learning_rate": 0.00025, "loss_mean": 0.2, "n_updates": 0}, {"reward": 880, "eps": 0.1, "len": 187, "time": 25958.48, "timesteps": 888013, "cpu_memory": 11.29, "cpu_percent": 37.5, "learning_rate": 0.00025, "loss_mean": 0.2, "n_updates": 0}, {"reward": 1020, "eps": 0.1, "len": 247, "time": 25965.64, "timesteps": 888260, "cpu_memory": 11.29, "cpu_percent": 37.5, "learning_rate": 0.00025, "loss_mean": 0.2, "n_updates": 0}, {"reward": 1050, "eps": 0.1, "len": 237, "time": 25972.58, "timesteps": 888497, "cpu_memory": 11.29, "cpu_percent": 37.5, "learning_rate": 0.00025, "loss_mean": 0.21, "n_updates": 0}, {"reward": 1760, "eps": 0.1, "len": 368, "time": 25983.25, "timesteps": 888865, "cpu_memory": 11.3, "cpu_percent": 37.5, "learning_rate": 0.00025, "loss_mean": 0.21, "n_updates": 0}, {"reward": 910, "eps": 0.1, "len": 186, "time": 25988.77, "timesteps": 889051, "cpu_memory": 11.3, "cpu_percent": 37.5, "learning_rate": 0.00025, "loss_mean": 0.19, "n_updates": 0}, {"reward": 1030, "eps": 0.1, "len": 295, "time": 25997.3, "timesteps": 889346, "cpu_memory": 11.3, "cpu_percent": 37.5, "learning_rate": 0.00025, "loss_mean": 0.2, "n_updates": 0}, {"reward": 1500, "eps": 0.1, "len": 327, "time": 26006.82, "timesteps": 889673, "cpu_memory": 11.3, "cpu_percent": 37.6, "learning_rate": 0.00025, "loss_mean": 0.22, "n_updates": 0}]