[{"reward": 1250, "eps": 0.1, "len": 318, "time": 11568.99, "timesteps": 409989, "cpu_memory": 7.57, "cpu_percent": 25.6, "learning_rate": 0.00025, "loss_mean": 0.34, "n_updates": 0}, {"reward": 680, "eps": 0.1, "len": 410250, "time": 11577.53, "timesteps": 410250, "cpu_memory": 7.57, "cpu_percent": 25.5, "learning_rate": 0.00025, "loss_mean": 0.36, "n_updates": 0}, {"reward": 970, "eps": 0.1, "len": 282, "time": 11586.29, "timesteps": 410532, "cpu_memory": 7.58, "cpu_percent": 25.5, "learning_rate": 0.00025, "loss_mean": 0.36, "n_updates": 0}, {"reward": 670, "eps": 0.1, "len": 155, "time": 11591.09, "timesteps": 410687, "cpu_memory": 7.58, "cpu_percent": 25.5, "learning_rate": 0.00025, "loss_mean": 0.35, "n_updates": 0}, {"reward": 860, "eps": 0.1, "len": 194, "time": 11597.13, "timesteps": 410881, "cpu_memory": 7.58, "cpu_percent": 25.5, "learning_rate": 0.00025, "loss_mean": 0.33, "n_updates": 0}, {"reward": 970, "eps": 0.1, "len": 240, "time": 11604.42, "timesteps": 411121, "cpu_memory": 7.58, "cpu_percent": 25.5, "learning_rate": 0.00025, "loss_mean": 0.35, "n_updates": 0}, {"reward": 680, "eps": 0.1, "len": 152, "time": 11609.31, "timesteps": 411273, "cpu_memory": 7.58, "cpu_percent": 25.5, "learning_rate": 0.00025, "loss_mean": 0.32, "n_updates": 0}, {"reward": 510, "eps": 0.1, "len": 143, "time": 11613.76, "timesteps": 411416, "cpu_memory": 7.58, "cpu_percent": 25.5, "learning_rate": 0.00025, "loss_mean": 0.35, "n_updates": 0}, {"reward": 610, "eps": 0.1, "len": 132, "time": 11617.9, "timesteps": 411548, "cpu_memory": 7.58, "cpu_percent": 25.5, "learning_rate": 0.00025, "loss_mean": 0.33, "n_updates": 0}, {"reward": 870, "eps": 0.1, "len": 205, "time": 11624.43, "timesteps": 411753, "cpu_memory": 7.59, "cpu_percent": 25.6, "learning_rate": 0.00025, "loss_mean": 0.34, "n_updates": 0}, {"reward": 1250, "eps": 0.1, "len": 355, "time": 11635.48, "timesteps": 412108, "cpu_memory": 7.59, "cpu_percent": 25.6, "learning_rate": 0.00025, "loss_mean": 0.33, "n_updates": 0}, {"reward": 1020, "eps": 0.1, "len": 229, "time": 11642.62, "timesteps": 412337, "cpu_memory": 7.59, "cpu_percent": 25.6, "learning_rate": 0.00025, "loss_mean": 0.34, "n_updates": 0}, {"reward": 1110, "eps": 0.1, "len": 245, "time": 11650.62, "timesteps": 412582, "cpu_memory": 7.59, "cpu_percent": 25.6, "learning_rate": 0.00025, "loss_mean": 0.34, "n_updates": 0}, {"reward": 700, "eps": 0.1, "len": 208, "time": 11657.59, "timesteps": 412790, "cpu_memory": 7.59, "cpu_percent": 25.6, "learning_rate": 0.00025, "loss_mean": 0.34, "n_updates": 0}, {"reward": 670, "eps": 0.1, "len": 177, "time": 11663.38, "timesteps": 412967, "cpu_memory": 7.59, "cpu_percent": 25.6, "learning_rate": 0.00025, "loss_mean": 0.34, "n_updates": 0}, {"reward": 1120, "eps": 0.1, "len": 210, "time": 11670.28, "timesteps": 413177, "cpu_memory": 7.6, "cpu_percent": 25.6, "learning_rate": 0.00025, "loss_mean": 0.35, "n_updates": 0}, {"reward": 710, "eps": 0.1, "len": 150, "time": 11675.29, "timesteps": 413327, "cpu_memory": 7.6, "cpu_percent": 25.6, "learning_rate": 0.00025, "loss_mean": 0.34, "n_updates": 0}, {"reward": 730, "eps": 0.1, "len": 168, "time": 11680.97, "timesteps": 413495, "cpu_memory": 7.6, "cpu_percent": 25.6, "learning_rate": 0.00025, "loss_mean": 0.33, "n_updates": 0}, {"reward": 1060, "eps": 0.1, "len": 259, "time": 11689.66, "timesteps": 413754, "cpu_memory": 7.6, "cpu_percent": 25.6, "learning_rate": 0.00025, "loss_mean": 0.34, "n_updates": 0}, {"reward": 1340, "eps": 0.1, "len": 294, "time": 11699.21, "timesteps": 414048, "cpu_memory": 7.6, "cpu_percent": 25.6, "learning_rate": 0.00025, "loss_mean": 0.34, "n_updates": 0}, {"reward": 860, "eps": 0.1, "len": 198, "time": 11705.72, "timesteps": 414246, "cpu_memory": 7.6, "cpu_percent": 25.6, "learning_rate": 0.00025, "loss_mean": 0.35, "n_updates": 0}, {"reward": 840, "eps": 0.1, "len": 175, "time": 11711.53, "timesteps": 414421, "cpu_memory": 7.61, "cpu_percent": 25.6, "learning_rate": 0.00025, "loss_mean": 0.35, "n_updates": 0}, {"reward": 980, "eps": 0.1, "len": 199, "time": 11718.14, "timesteps": 414620, "cpu_memory": 7.61, "cpu_percent": 25.7, "learning_rate": 0.00025, "loss_mean": 0.36, "n_updates": 0}, {"reward": 970, "eps": 0.1, "len": 265, "time": 11726.82, "timesteps": 414885, "cpu_memory": 7.61, "cpu_percent": 25.7, "learning_rate": 0.00025, "loss_mean": 0.36, "n_updates": 0}, {"reward": 1440, "eps": 0.1, "len": 313, "time": 11737.17, "timesteps": 415198, "cpu_memory": 7.61, "cpu_percent": 25.7, "learning_rate": 0.00025, "loss_mean": 0.36, "n_updates": 0}, {"reward": 960, "eps": 0.1, "len": 246, "time": 11745.4, "timesteps": 415444, "cpu_memory": 7.61, "cpu_percent": 25.7, "learning_rate": 0.00025, "loss_mean": 0.37, "n_updates": 0}, {"reward": 830, "eps": 0.1, "len": 264, "time": 11754.11, "timesteps": 415708, "cpu_memory": 7.62, "cpu_percent": 25.7, "learning_rate": 0.00025, "loss_mean": 0.35, "n_updates": 0}, {"reward": 600, "eps": 0.1, "len": 161, "time": 11759.4, "timesteps": 415869, "cpu_memory": 7.62, "cpu_percent": 25.7, "learning_rate": 0.00025, "loss_mean": 0.34, "n_updates": 0}, {"reward": 1150, "eps": 0.1, "len": 328, "time": 11770.33, "timesteps": 416197, "cpu_memory": 7.62, "cpu_percent": 25.7, "learning_rate": 0.00025, "loss_mean": 0.34, "n_updates": 0}, {"reward": 570, "eps": 0.1, "len": 161, "time": 11775.78, "timesteps": 416358, "cpu_memory": 7.62, "cpu_percent": 25.7, "learning_rate": 0.00025, "loss_mean": 0.34, "n_updates": 0}, {"reward": 1170, "eps": 0.1, "len": 273, "time": 11784.76, "timesteps": 416631, "cpu_memory": 7.62, "cpu_percent": 25.7, "learning_rate": 0.00025, "loss_mean": 0.34, "n_updates": 0}, {"reward": 580, "eps": 0.1, "len": 170, "time": 11790.35, "timesteps": 416801, "cpu_memory": 7.62, "cpu_percent": 25.7, "learning_rate": 0.00025, "loss_mean": 0.32, "n_updates": 0}, {"reward": 1020, "eps": 0.1, "len": 250, "time": 11798.61, "timesteps": 417051, "cpu_memory": 7.63, "cpu_percent": 25.7, "learning_rate": 0.00025, "loss_mean": 0.34, "n_updates": 0}, {"reward": 1150, "eps": 0.1, "len": 302, "time": 11808.48, "timesteps": 417353, "cpu_memory": 7.63, "cpu_percent": 25.7, "learning_rate": 0.00025, "loss_mean": 0.35, "n_updates": 0}, {"reward": 760, "eps": 0.1, "len": 178, "time": 11814.49, "timesteps": 417531, "cpu_memory": 7.63, "cpu_percent": 25.8, "learning_rate": 0.00025, "loss_mean": 0.34, "n_updates": 0}, {"reward": 440, "eps": 0.1, "len": 139, "time": 11819.11, "timesteps": 417670, "cpu_memory": 7.63, "cpu_percent": 25.8, "learning_rate": 0.00025, "loss_mean": 0.34, "n_updates": 0}, {"reward": 590, "eps": 0.1, "len": 186, "time": 11825.33, "timesteps": 417856, "cpu_memory": 7.63, "cpu_percent": 25.8, "learning_rate": 0.00025, "loss_mean": 0.34, "n_updates": 0}, {"reward": 1050, "eps": 0.1, "len": 244, "time": 11833.37, "timesteps": 418100, "cpu_memory": 7.63, "cpu_percent": 25.8, "learning_rate": 0.00025, "loss_mean": 0.36, "n_updates": 0}, {"reward": 1140, "eps": 0.1, "len": 414, "time": 11847.04, "timesteps": 418514, "cpu_memory": 7.64, "cpu_percent": 25.8, "learning_rate": 0.00025, "loss_mean": 0.35, "n_updates": 0}, {"reward": 1020, "eps": 0.1, "len": 290, "time": 11856.69, "timesteps": 418804, "cpu_memory": 7.64, "cpu_percent": 25.8, "learning_rate": 0.00025, "loss_mean": 0.34, "n_updates": 0}, {"reward": 920, "eps": 0.1, "len": 229, "time": 11864.22, "timesteps": 419033, "cpu_memory": 7.64, "cpu_percent": 25.8, "learning_rate": 0.00025, "loss_mean": 0.34, "n_updates": 0}, {"reward": 500, "eps": 0.1, "len": 119, "time": 11868.17, "timesteps": 419152, "cpu_memory": 7.64, "cpu_percent": 25.8, "learning_rate": 0.00025, "loss_mean": 0.33, "n_updates": 0}, {"reward": 1070, "eps": 0.1, "len": 277, "time": 11877.38, "timesteps": 419429, "cpu_memory": 7.64, "cpu_percent": 25.8, "learning_rate": 0.00025, "loss_mean": 0.33, "n_updates": 0}, {"reward": 740, "eps": 0.1, "len": 165, "time": 11882.74, "timesteps": 419594, "cpu_memory": 7.65, "cpu_percent": 25.8, "learning_rate": 0.00025, "loss_mean": 0.35, "n_updates": 0}]