[{"reward": 740, "eps": 0.1, "len": 166, "time": 24842.28, "timesteps": 849877, "cpu_memory": 11.0, "cpu_percent": 36.6, "learning_rate": 0.00025, "loss_mean": 0.2, "n_updates": 0}, {"reward": 1000, "eps": 0.1, "len": 850188, "time": 24851.97, "timesteps": 850188, "cpu_memory": 11.0, "cpu_percent": 36.5, "learning_rate": 0.00025, "loss_mean": 0.19, "n_updates": 0}, {"reward": 990, "eps": 0.1, "len": 301, "time": 24860.65, "timesteps": 850489, "cpu_memory": 11.0, "cpu_percent": 36.5, "learning_rate": 0.00025, "loss_mean": 0.21, "n_updates": 0}, {"reward": 1080, "eps": 0.1, "len": 296, "time": 24869.28, "timesteps": 850785, "cpu_memory": 11.01, "cpu_percent": 36.5, "learning_rate": 0.00025, "loss_mean": 0.2, "n_updates": 0}, {"reward": 750, "eps": 0.1, "len": 156, "time": 24873.99, "timesteps": 850941, "cpu_memory": 11.01, "cpu_percent": 36.5, "learning_rate": 0.00025, "loss_mean": 0.2, "n_updates": 0}, {"reward": 1250, "eps": 0.1, "len": 278, "time": 24882.1, "timesteps": 851219, "cpu_memory": 11.01, "cpu_percent": 36.5, "learning_rate": 0.00025, "loss_mean": 0.2, "n_updates": 0}, {"reward": 1140, "eps": 0.1, "len": 223, "time": 24888.53, "timesteps": 851442, "cpu_memory": 11.01, "cpu_percent": 36.6, "learning_rate": 0.00025, "loss_mean": 0.2, "n_updates": 0}, {"reward": 1000, "eps": 0.1, "len": 318, "time": 24897.74, "timesteps": 851760, "cpu_memory": 11.01, "cpu_percent": 36.6, "learning_rate": 0.00025, "loss_mean": 0.2, "n_updates": 0}, {"reward": 1110, "eps": 0.1, "len": 299, "time": 24906.51, "timesteps": 852059, "cpu_memory": 11.02, "cpu_percent": 36.6, "learning_rate": 0.00025, "loss_mean": 0.19, "n_updates": 0}, {"reward": 430, "eps": 0.1, "len": 134, "time": 24910.53, "timesteps": 852193, "cpu_memory": 11.02, "cpu_percent": 36.6, "learning_rate": 0.00025, "loss_mean": 0.18, "n_updates": 0}, {"reward": 1110, "eps": 0.1, "len": 266, "time": 24918.23, "timesteps": 852459, "cpu_memory": 11.02, "cpu_percent": 36.6, "learning_rate": 0.00025, "loss_mean": 0.19, "n_updates": 0}, {"reward": 1100, "eps": 0.1, "len": 271, "time": 24925.99, "timesteps": 852730, "cpu_memory": 11.02, "cpu_percent": 36.6, "learning_rate": 0.00025, "loss_mean": 0.19, "n_updates": 0}, {"reward": 670, "eps": 0.1, "len": 193, "time": 24931.68, "timesteps": 852923, "cpu_memory": 11.02, "cpu_percent": 36.6, "learning_rate": 0.00025, "loss_mean": 0.19, "n_updates": 0}, {"reward": 1180, "eps": 0.1, "len": 305, "time": 24940.61, "timesteps": 853228, "cpu_memory": 11.02, "cpu_percent": 36.6, "learning_rate": 0.00025, "loss_mean": 0.19, "n_updates": 0}, {"reward": 900, "eps": 0.1, "len": 200, "time": 24946.42, "timesteps": 853428, "cpu_memory": 11.03, "cpu_percent": 36.7, "learning_rate": 0.00025, "loss_mean": 0.21, "n_updates": 0}, {"reward": 720, "eps": 0.1, "len": 169, "time": 24951.28, "timesteps": 853597, "cpu_memory": 11.03, "cpu_percent": 36.7, "learning_rate": 0.00025, "loss_mean": 0.19, "n_updates": 0}, {"reward": 1070, "eps": 0.1, "len": 302, "time": 24960.06, "timesteps": 853899, "cpu_memory": 11.03, "cpu_percent": 36.7, "learning_rate": 0.00025, "loss_mean": 0.19, "n_updates": 0}, {"reward": 1170, "eps": 0.1, "len": 326, "time": 24969.77, "timesteps": 854225, "cpu_memory": 11.03, "cpu_percent": 36.7, "learning_rate": 0.00025, "loss_mean": 0.19, "n_updates": 0}, {"reward": 1260, "eps": 0.1, "len": 273, "time": 24977.71, "timesteps": 854498, "cpu_memory": 11.04, "cpu_percent": 36.7, "learning_rate": 0.00025, "loss_mean": 0.2, "n_updates": 0}, {"reward": 860, "eps": 0.1, "len": 233, "time": 24984.41, "timesteps": 854731, "cpu_memory": 11.04, "cpu_percent": 36.7, "learning_rate": 0.00025, "loss_mean": 0.2, "n_updates": 0}, {"reward": 1240, "eps": 0.1, "len": 282, "time": 24992.65, "timesteps": 855013, "cpu_memory": 11.04, "cpu_percent": 36.7, "learning_rate": 0.00025, "loss_mean": 0.19, "n_updates": 0}, {"reward": 1130, "eps": 0.1, "len": 242, "time": 24999.76, "timesteps": 855255, "cpu_memory": 11.04, "cpu_percent": 36.7, "learning_rate": 0.00025, "loss_mean": 0.21, "n_updates": 0}, {"reward": 1200, "eps": 0.1, "len": 329, "time": 25009.27, "timesteps": 855584, "cpu_memory": 11.04, "cpu_percent": 36.7, "learning_rate": 0.00025, "loss_mean": 0.2, "n_updates": 0}, {"reward": 1130, "eps": 0.1, "len": 243, "time": 25016.37, "timesteps": 855827, "cpu_memory": 11.05, "cpu_percent": 36.7, "learning_rate": 0.00025, "loss_mean": 0.19, "n_updates": 0}, {"reward": 1130, "eps": 0.1, "len": 306, "time": 25025.26, "timesteps": 856133, "cpu_memory": 11.05, "cpu_percent": 36.7, "learning_rate": 0.00025, "loss_mean": 0.2, "n_updates": 0}, {"reward": 970, "eps": 0.1, "len": 235, "time": 25032.18, "timesteps": 856368, "cpu_memory": 11.05, "cpu_percent": 36.7, "learning_rate": 0.00025, "loss_mean": 0.21, "n_updates": 0}, {"reward": 770, "eps": 0.1, "len": 230, "time": 25038.87, "timesteps": 856598, "cpu_memory": 11.05, "cpu_percent": 36.7, "learning_rate": 0.00025, "loss_mean": 0.2, "n_updates": 0}, {"reward": 1330, "eps": 0.1, "len": 292, "time": 25047.31, "timesteps": 856890, "cpu_memory": 11.05, "cpu_percent": 36.7, "learning_rate": 0.00025, "loss_mean": 0.19, "n_updates": 0}, {"reward": 890, "eps": 0.1, "len": 224, "time": 25053.71, "timesteps": 857114, "cpu_memory": 11.06, "cpu_percent": 36.7, "learning_rate": 0.00025, "loss_mean": 0.19, "n_updates": 0}, {"reward": 700, "eps": 0.1, "len": 153, "time": 25058.22, "timesteps": 857267, "cpu_memory": 11.06, "cpu_percent": 36.7, "learning_rate": 0.00025, "loss_mean": 0.2, "n_updates": 0}, {"reward": 980, "eps": 0.1, "len": 203, "time": 25064.31, "timesteps": 857470, "cpu_memory": 11.06, "cpu_percent": 36.8, "learning_rate": 0.00025, "loss_mean": 0.19, "n_updates": 0}, {"reward": 840, "eps": 0.1, "len": 229, "time": 25070.92, "timesteps": 857699, "cpu_memory": 11.06, "cpu_percent": 36.8, "learning_rate": 0.00025, "loss_mean": 0.18, "n_updates": 0}, {"reward": 850, "eps": 0.1, "len": 233, "time": 25077.8, "timesteps": 857932, "cpu_memory": 11.06, "cpu_percent": 36.8, "learning_rate": 0.00025, "loss_mean": 0.2, "n_updates": 0}, {"reward": 660, "eps": 0.1, "len": 183, "time": 25083.15, "timesteps": 858115, "cpu_memory": 11.06, "cpu_percent": 36.8, "learning_rate": 0.00025, "loss_mean": 0.2, "n_updates": 0}, {"reward": 920, "eps": 0.1, "len": 317, "time": 25092.32, "timesteps": 858432, "cpu_memory": 11.07, "cpu_percent": 36.8, "learning_rate": 0.00025, "loss_mean": 0.2, "n_updates": 0}, {"reward": 960, "eps": 0.1, "len": 260, "time": 25099.99, "timesteps": 858692, "cpu_memory": 11.07, "cpu_percent": 36.8, "learning_rate": 0.00025, "loss_mean": 0.2, "n_updates": 0}, {"reward": 870, "eps": 0.1, "len": 209, "time": 25106.04, "timesteps": 858901, "cpu_memory": 11.07, "cpu_percent": 36.8, "learning_rate": 0.00025, "loss_mean": 0.21, "n_updates": 0}, {"reward": 1220, "eps": 0.1, "len": 324, "time": 25115.37, "timesteps": 859225, "cpu_memory": 11.07, "cpu_percent": 36.8, "learning_rate": 0.00025, "loss_mean": 0.2, "n_updates": 0}, {"reward": 1150, "eps": 0.1, "len": 238, "time": 25122.31, "timesteps": 859463, "cpu_memory": 11.07, "cpu_percent": 36.8, "learning_rate": 0.00025, "loss_mean": 0.19, "n_updates": 0}, {"reward": 910, "eps": 0.1, "len": 226, "time": 25129.02, "timesteps": 859689, "cpu_memory": 11.08, "cpu_percent": 36.8, "learning_rate": 0.00025, "loss_mean": 0.19, "n_updates": 0}]