[{"reward": 530, "eps": 0.6402, "len": 186, "time": 4291.23, "timesteps": 159990, "cpu_memory": 5.76, "cpu_percent": 19.7, "learning_rate": 0.00025, "loss_mean": 0.28, "n_updates": 0}, {"reward": 490, "eps": 0.6399, "len": 160137, "time": 4295.86, "timesteps": 160137, "cpu_memory": 5.76, "cpu_percent": 19.7, "learning_rate": 0.00025, "loss_mean": 0.28, "n_updates": 0}, {"reward": 330, "eps": 0.6395, "len": 127, "time": 4299.27, "timesteps": 160264, "cpu_memory": 5.76, "cpu_percent": 19.7, "learning_rate": 0.00025, "loss_mean": 0.28, "n_updates": 0}, {"reward": 640, "eps": 0.6392, "len": 178, "time": 4304.05, "timesteps": 160442, "cpu_memory": 5.76, "cpu_percent": 19.7, "learning_rate": 0.00025, "loss_mean": 0.26, "n_updates": 0}, {"reward": 760, "eps": 0.6388, "len": 211, "time": 4309.81, "timesteps": 160653, "cpu_memory": 5.76, "cpu_percent": 19.7, "learning_rate": 0.00025, "loss_mean": 0.28, "n_updates": 0}, {"reward": 400, "eps": 0.6384, "len": 144, "time": 4313.84, "timesteps": 160797, "cpu_memory": 5.76, "cpu_percent": 19.7, "learning_rate": 0.00025, "loss_mean": 0.28, "n_updates": 0}, {"reward": 560, "eps": 0.638, "len": 164, "time": 4318.36, "timesteps": 160961, "cpu_memory": 5.76, "cpu_percent": 19.7, "learning_rate": 0.00025, "loss_mean": 0.27, "n_updates": 0}, {"reward": 980, "eps": 0.6376, "len": 230, "time": 4324.89, "timesteps": 161191, "cpu_memory": 5.77, "cpu_percent": 19.7, "learning_rate": 0.00025, "loss_mean": 0.28, "n_updates": 0}, {"reward": 650, "eps": 0.637, "len": 245, "time": 4331.52, "timesteps": 161436, "cpu_memory": 5.77, "cpu_percent": 19.7, "learning_rate": 0.00025, "loss_mean": 0.27, "n_updates": 0}, {"reward": 590, "eps": 0.6366, "len": 152, "time": 4335.74, "timesteps": 161588, "cpu_memory": 5.77, "cpu_percent": 19.7, "learning_rate": 0.00025, "loss_mean": 0.28, "n_updates": 0}, {"reward": 410, "eps": 0.6362, "len": 160, "time": 4340.15, "timesteps": 161748, "cpu_memory": 5.77, "cpu_percent": 19.7, "learning_rate": 0.00025, "loss_mean": 0.32, "n_updates": 0}, {"reward": 660, "eps": 0.6359, "len": 145, "time": 4344.12, "timesteps": 161893, "cpu_memory": 5.77, "cpu_percent": 19.7, "learning_rate": 0.00025, "loss_mean": 0.29, "n_updates": 0}, {"reward": 650, "eps": 0.6355, "len": 187, "time": 4349.14, "timesteps": 162080, "cpu_memory": 5.77, "cpu_percent": 19.7, "learning_rate": 0.00025, "loss_mean": 0.33, "n_updates": 0}, {"reward": 450, "eps": 0.6351, "len": 191, "time": 4354.53, "timesteps": 162271, "cpu_memory": 5.77, "cpu_percent": 19.7, "learning_rate": 0.00025, "loss_mean": 0.31, "n_updates": 0}, {"reward": 790, "eps": 0.6346, "len": 225, "time": 4360.47, "timesteps": 162496, "cpu_memory": 5.77, "cpu_percent": 19.7, "learning_rate": 0.00025, "loss_mean": 0.29, "n_updates": 0}, {"reward": 780, "eps": 0.6341, "len": 243, "time": 4367.04, "timesteps": 162739, "cpu_memory": 5.78, "cpu_percent": 19.7, "learning_rate": 0.00025, "loss_mean": 0.3, "n_updates": 0}, {"reward": 460, "eps": 0.6337, "len": 133, "time": 4370.72, "timesteps": 162872, "cpu_memory": 5.78, "cpu_percent": 19.7, "learning_rate": 0.00025, "loss_mean": 0.31, "n_updates": 0}, {"reward": 930, "eps": 0.6333, "len": 224, "time": 4376.84, "timesteps": 163096, "cpu_memory": 5.78, "cpu_percent": 19.7, "learning_rate": 0.00025, "loss_mean": 0.3, "n_updates": 0}, {"reward": 990, "eps": 0.6327, "len": 293, "time": 4385.1, "timesteps": 163389, "cpu_memory": 5.78, "cpu_percent": 19.8, "learning_rate": 0.00025, "loss_mean": 0.3, "n_updates": 0}, {"reward": 670, "eps": 0.6322, "len": 193, "time": 4390.38, "timesteps": 163582, "cpu_memory": 5.78, "cpu_percent": 19.8, "learning_rate": 0.00025, "loss_mean": 0.3, "n_updates": 0}, {"reward": 450, "eps": 0.6318, "len": 136, "time": 4394.19, "timesteps": 163718, "cpu_memory": 5.78, "cpu_percent": 19.8, "learning_rate": 0.00025, "loss_mean": 0.29, "n_updates": 0}, {"reward": 440, "eps": 0.6315, "len": 124, "time": 4397.61, "timesteps": 163842, "cpu_memory": 5.78, "cpu_percent": 19.8, "learning_rate": 0.00025, "loss_mean": 0.25, "n_updates": 0}, {"reward": 450, "eps": 0.6312, "len": 149, "time": 4401.66, "timesteps": 163991, "cpu_memory": 5.78, "cpu_percent": 19.8, "learning_rate": 0.00025, "loss_mean": 0.29, "n_updates": 0}, {"reward": 570, "eps": 0.6308, "len": 158, "time": 4405.99, "timesteps": 164149, "cpu_memory": 5.79, "cpu_percent": 19.8, "learning_rate": 0.00025, "loss_mean": 0.31, "n_updates": 0}, {"reward": 390, "eps": 0.6305, "len": 124, "time": 4409.42, "timesteps": 164273, "cpu_memory": 5.79, "cpu_percent": 19.8, "learning_rate": 0.00025, "loss_mean": 0.29, "n_updates": 0}, {"reward": 570, "eps": 0.6302, "len": 186, "time": 4414.65, "timesteps": 164459, "cpu_memory": 5.79, "cpu_percent": 19.8, "learning_rate": 0.00025, "loss_mean": 0.29, "n_updates": 0}, {"reward": 180, "eps": 0.6298, "len": 155, "time": 4418.9, "timesteps": 164614, "cpu_memory": 5.79, "cpu_percent": 19.8, "learning_rate": 0.00025, "loss_mean": 0.28, "n_updates": 0}, {"reward": 750, "eps": 0.6294, "len": 174, "time": 4423.6, "timesteps": 164788, "cpu_memory": 5.79, "cpu_percent": 19.8, "learning_rate": 0.00025, "loss_mean": 0.29, "n_updates": 0}, {"reward": 840, "eps": 0.629, "len": 241, "time": 4430.18, "timesteps": 165029, "cpu_memory": 5.79, "cpu_percent": 19.8, "learning_rate": 0.00025, "loss_mean": 0.28, "n_updates": 0}, {"reward": 370, "eps": 0.6285, "len": 123, "time": 4433.57, "timesteps": 165152, "cpu_memory": 5.79, "cpu_percent": 19.8, "learning_rate": 0.00025, "loss_mean": 0.27, "n_updates": 0}, {"reward": 680, "eps": 0.6282, "len": 194, "time": 4438.91, "timesteps": 165346, "cpu_memory": 5.79, "cpu_percent": 19.8, "learning_rate": 0.00025, "loss_mean": 0.25, "n_updates": 0}, {"reward": 540, "eps": 0.6278, "len": 194, "time": 4444.26, "timesteps": 165540, "cpu_memory": 5.8, "cpu_percent": 19.8, "learning_rate": 0.00025, "loss_mean": 0.28, "n_updates": 0}, {"reward": 730, "eps": 0.6273, "len": 167, "time": 4448.95, "timesteps": 165707, "cpu_memory": 5.8, "cpu_percent": 19.8, "learning_rate": 0.00025, "loss_mean": 0.28, "n_updates": 0}, {"reward": 480, "eps": 0.627, "len": 169, "time": 4453.53, "timesteps": 165876, "cpu_memory": 5.8, "cpu_percent": 19.8, "learning_rate": 0.00025, "loss_mean": 0.27, "n_updates": 0}, {"reward": 1250, "eps": 0.6264, "len": 349, "time": 4462.92, "timesteps": 166225, "cpu_memory": 5.8, "cpu_percent": 19.8, "learning_rate": 0.00025, "loss_mean": 0.26, "n_updates": 0}, {"reward": 390, "eps": 0.6258, "len": 150, "time": 4467.15, "timesteps": 166375, "cpu_memory": 5.8, "cpu_percent": 19.8, "learning_rate": 0.00025, "loss_mean": 0.26, "n_updates": 0}, {"reward": 710, "eps": 0.6254, "len": 206, "time": 4472.79, "timesteps": 166581, "cpu_memory": 5.8, "cpu_percent": 19.8, "learning_rate": 0.00025, "loss_mean": 0.27, "n_updates": 0}, {"reward": 890, "eps": 0.6249, "len": 275, "time": 4480.59, "timesteps": 166856, "cpu_memory": 5.8, "cpu_percent": 19.9, "learning_rate": 0.00025, "loss_mean": 0.29, "n_updates": 0}, {"reward": 480, "eps": 0.6244, "len": 176, "time": 4485.44, "timesteps": 167032, "cpu_memory": 5.8, "cpu_percent": 19.9, "learning_rate": 0.00025, "loss_mean": 0.32, "n_updates": 0}, {"reward": 1010, "eps": 0.6238, "len": 313, "time": 4493.99, "timesteps": 167345, "cpu_memory": 5.81, "cpu_percent": 19.9, "learning_rate": 0.00025, "loss_mean": 0.27, "n_updates": 0}, {"reward": 580, "eps": 0.6233, "len": 170, "time": 4498.66, "timesteps": 167515, "cpu_memory": 5.81, "cpu_percent": 19.9, "learning_rate": 0.00025, "loss_mean": 0.28, "n_updates": 0}, {"reward": 890, "eps": 0.6228, "len": 224, "time": 4504.79, "timesteps": 167739, "cpu_memory": 5.81, "cpu_percent": 19.9, "learning_rate": 0.00025, "loss_mean": 0.32, "n_updates": 0}, {"reward": 660, "eps": 0.6223, "len": 223, "time": 4511.07, "timesteps": 167962, "cpu_memory": 5.81, "cpu_percent": 19.9, "learning_rate": 0.00025, "loss_mean": 0.3, "n_updates": 0}, {"reward": 410, "eps": 0.6219, "len": 151, "time": 4515.23, "timesteps": 168113, "cpu_memory": 5.81, "cpu_percent": 19.9, "learning_rate": 0.00025, "loss_mean": 0.29, "n_updates": 0}, {"reward": 770, "eps": 0.6215, "len": 214, "time": 4520.98, "timesteps": 168327, "cpu_memory": 5.81, "cpu_percent": 19.9, "learning_rate": 0.00025, "loss_mean": 0.3, "n_updates": 0}, {"reward": 570, "eps": 0.6211, "len": 181, "time": 4525.93, "timesteps": 168508, "cpu_memory": 5.81, "cpu_percent": 19.9, "learning_rate": 0.00025, "loss_mean": 0.28, "n_updates": 0}, {"reward": 610, "eps": 0.6207, "len": 164, "time": 4530.42, "timesteps": 168672, "cpu_memory": 5.82, "cpu_percent": 19.9, "learning_rate": 0.00025, "loss_mean": 0.27, "n_updates": 0}, {"reward": 750, "eps": 0.6202, "len": 227, "time": 4536.79, "timesteps": 168899, "cpu_memory": 5.82, "cpu_percent": 19.9, "learning_rate": 0.00025, "loss_mean": 0.27, "n_updates": 0}, {"reward": 600, "eps": 0.6198, "len": 183, "time": 4542.01, "timesteps": 169082, "cpu_memory": 5.82, "cpu_percent": 19.9, "learning_rate": 0.00025, "loss_mean": 0.29, "n_updates": 0}, {"reward": 460, "eps": 0.6194, "len": 143, "time": 4546.04, "timesteps": 169225, "cpu_memory": 5.82, "cpu_percent": 19.9, "learning_rate": 0.00025, "loss_mean": 0.29, "n_updates": 0}, {"reward": 430, "eps": 0.6191, "len": 119, "time": 4549.3, "timesteps": 169344, "cpu_memory": 5.82, "cpu_percent": 19.9, "learning_rate": 0.00025, "loss_mean": 0.29, "n_updates": 0}, {"reward": 400, "eps": 0.6188, "len": 160, "time": 4553.66, "timesteps": 169504, "cpu_memory": 5.82, "cpu_percent": 19.9, "learning_rate": 0.00025, "loss_mean": 0.34, "n_updates": 0}]