[{"reward": 530, "eps": 0.1, "len": 145, "time": 16627.6, "timesteps": 569823, "cpu_memory": 8.83, "cpu_percent": 29.6, "learning_rate": 0.00025, "loss_mean": 0.26, "n_updates": 0}, {"reward": 1120, "eps": 0.1, "len": 570093, "time": 16636.15, "timesteps": 570093, "cpu_memory": 8.82, "cpu_percent": 29.6, "learning_rate": 0.00025, "loss_mean": 0.28, "n_updates": 0}, {"reward": 840, "eps": 0.1, "len": 193, "time": 16641.92, "timesteps": 570286, "cpu_memory": 8.82, "cpu_percent": 29.6, "learning_rate": 0.00025, "loss_mean": 0.25, "n_updates": 0}, {"reward": 940, "eps": 0.1, "len": 261, "time": 16649.58, "timesteps": 570547, "cpu_memory": 8.83, "cpu_percent": 29.6, "learning_rate": 0.00025, "loss_mean": 0.26, "n_updates": 0}, {"reward": 850, "eps": 0.1, "len": 215, "time": 16655.97, "timesteps": 570762, "cpu_memory": 8.83, "cpu_percent": 29.6, "learning_rate": 0.00025, "loss_mean": 0.26, "n_updates": 0}, {"reward": 1180, "eps": 0.1, "len": 254, "time": 16663.33, "timesteps": 571016, "cpu_memory": 8.83, "cpu_percent": 29.6, "learning_rate": 0.00025, "loss_mean": 0.26, "n_updates": 0}, {"reward": 660, "eps": 0.1, "len": 204, "time": 16669.3, "timesteps": 571220, "cpu_memory": 8.83, "cpu_percent": 29.6, "learning_rate": 0.00025, "loss_mean": 0.27, "n_updates": 0}, {"reward": 1000, "eps": 0.1, "len": 239, "time": 16676.24, "timesteps": 571459, "cpu_memory": 8.83, "cpu_percent": 29.6, "learning_rate": 0.00025, "loss_mean": 0.28, "n_updates": 0}, {"reward": 900, "eps": 0.1, "len": 244, "time": 16683.42, "timesteps": 571703, "cpu_memory": 8.83, "cpu_percent": 29.6, "learning_rate": 0.00025, "loss_mean": 0.27, "n_updates": 0}, {"reward": 660, "eps": 0.1, "len": 155, "time": 16687.99, "timesteps": 571858, "cpu_memory": 8.84, "cpu_percent": 29.6, "learning_rate": 0.00025, "loss_mean": 0.28, "n_updates": 0}, {"reward": 600, "eps": 0.1, "len": 139, "time": 16692.0, "timesteps": 571997, "cpu_memory": 8.84, "cpu_percent": 29.6, "learning_rate": 0.00025, "loss_mean": 0.26, "n_updates": 0}, {"reward": 990, "eps": 0.1, "len": 230, "time": 16698.61, "timesteps": 572227, "cpu_memory": 8.84, "cpu_percent": 29.6, "learning_rate": 0.00025, "loss_mean": 0.25, "n_updates": 0}, {"reward": 800, "eps": 0.1, "len": 166, "time": 16703.49, "timesteps": 572393, "cpu_memory": 8.84, "cpu_percent": 29.6, "learning_rate": 0.00025, "loss_mean": 0.26, "n_updates": 0}, {"reward": 610, "eps": 0.1, "len": 192, "time": 16709.11, "timesteps": 572585, "cpu_memory": 8.84, "cpu_percent": 29.6, "learning_rate": 0.00025, "loss_mean": 0.27, "n_updates": 0}, {"reward": 1070, "eps": 0.1, "len": 305, "time": 16718.09, "timesteps": 572890, "cpu_memory": 8.84, "cpu_percent": 29.7, "learning_rate": 0.00025, "loss_mean": 0.26, "n_updates": 0}, {"reward": 840, "eps": 0.1, "len": 227, "time": 16724.69, "timesteps": 573117, "cpu_memory": 8.85, "cpu_percent": 29.7, "learning_rate": 0.00025, "loss_mean": 0.26, "n_updates": 0}, {"reward": 930, "eps": 0.1, "len": 236, "time": 16731.5, "timesteps": 573353, "cpu_memory": 8.85, "cpu_percent": 29.7, "learning_rate": 0.00025, "loss_mean": 0.25, "n_updates": 0}, {"reward": 1320, "eps": 0.1, "len": 302, "time": 16740.28, "timesteps": 573655, "cpu_memory": 8.85, "cpu_percent": 29.7, "learning_rate": 0.00025, "loss_mean": 0.26, "n_updates": 0}, {"reward": 590, "eps": 0.1, "len": 174, "time": 16745.48, "timesteps": 573829, "cpu_memory": 8.85, "cpu_percent": 29.7, "learning_rate": 0.00025, "loss_mean": 0.25, "n_updates": 0}, {"reward": 1100, "eps": 0.1, "len": 259, "time": 16752.98, "timesteps": 574088, "cpu_memory": 8.85, "cpu_percent": 29.7, "learning_rate": 0.00025, "loss_mean": 0.28, "n_updates": 0}, {"reward": 930, "eps": 0.1, "len": 197, "time": 16758.74, "timesteps": 574285, "cpu_memory": 8.85, "cpu_percent": 29.7, "learning_rate": 0.00025, "loss_mean": 0.28, "n_updates": 0}, {"reward": 1410, "eps": 0.1, "len": 281, "time": 16766.96, "timesteps": 574566, "cpu_memory": 8.86, "cpu_percent": 29.7, "learning_rate": 0.00025, "loss_mean": 0.26, "n_updates": 0}, {"reward": 840, "eps": 0.1, "len": 203, "time": 16772.79, "timesteps": 574769, "cpu_memory": 8.86, "cpu_percent": 29.7, "learning_rate": 0.00025, "loss_mean": 0.27, "n_updates": 0}, {"reward": 850, "eps": 0.1, "len": 226, "time": 16779.56, "timesteps": 574995, "cpu_memory": 8.86, "cpu_percent": 29.7, "learning_rate": 0.00025, "loss_mean": 0.26, "n_updates": 0}, {"reward": 930, "eps": 0.1, "len": 276, "time": 16787.61, "timesteps": 575271, "cpu_memory": 8.86, "cpu_percent": 29.7, "learning_rate": 0.00025, "loss_mean": 0.26, "n_updates": 0}, {"reward": 960, "eps": 0.1, "len": 277, "time": 16795.93, "timesteps": 575548, "cpu_memory": 8.86, "cpu_percent": 29.7, "learning_rate": 0.00025, "loss_mean": 0.25, "n_updates": 0}, {"reward": 1390, "eps": 0.1, "len": 269, "time": 16803.87, "timesteps": 575817, "cpu_memory": 8.87, "cpu_percent": 29.7, "learning_rate": 0.00025, "loss_mean": 0.26, "n_updates": 0}, {"reward": 930, "eps": 0.1, "len": 234, "time": 16810.8, "timesteps": 576051, "cpu_memory": 8.87, "cpu_percent": 29.7, "learning_rate": 0.00025, "loss_mean": 0.27, "n_updates": 0}, {"reward": 790, "eps": 0.1, "len": 213, "time": 16817.05, "timesteps": 576264, "cpu_memory": 8.87, "cpu_percent": 29.7, "learning_rate": 0.00025, "loss_mean": 0.26, "n_updates": 0}, {"reward": 700, "eps": 0.1, "len": 180, "time": 16822.26, "timesteps": 576444, "cpu_memory": 8.87, "cpu_percent": 29.7, "learning_rate": 0.00025, "loss_mean": 0.26, "n_updates": 0}, {"reward": 430, "eps": 0.1, "len": 130, "time": 16826.12, "timesteps": 576574, "cpu_memory": 8.87, "cpu_percent": 29.8, "learning_rate": 0.00025, "loss_mean": 0.25, "n_updates": 0}, {"reward": 500, "eps": 0.1, "len": 166, "time": 16830.95, "timesteps": 576740, "cpu_memory": 8.87, "cpu_percent": 29.8, "learning_rate": 0.00025, "loss_mean": 0.26, "n_updates": 0}, {"reward": 560, "eps": 0.1, "len": 189, "time": 16836.48, "timesteps": 576929, "cpu_memory": 8.87, "cpu_percent": 29.8, "learning_rate": 0.00025, "loss_mean": 0.27, "n_updates": 0}, {"reward": 930, "eps": 0.1, "len": 224, "time": 16842.98, "timesteps": 577153, "cpu_memory": 8.88, "cpu_percent": 29.8, "learning_rate": 0.00025, "loss_mean": 0.26, "n_updates": 0}, {"reward": 540, "eps": 0.1, "len": 159, "time": 16847.62, "timesteps": 577312, "cpu_memory": 8.88, "cpu_percent": 29.8, "learning_rate": 0.00025, "loss_mean": 0.28, "n_updates": 0}, {"reward": 1190, "eps": 0.1, "len": 238, "time": 16854.49, "timesteps": 577550, "cpu_memory": 8.88, "cpu_percent": 29.8, "learning_rate": 0.00025, "loss_mean": 0.27, "n_updates": 0}, {"reward": 820, "eps": 0.1, "len": 231, "time": 16861.25, "timesteps": 577781, "cpu_memory": 8.88, "cpu_percent": 29.8, "learning_rate": 0.00025, "loss_mean": 0.25, "n_updates": 0}, {"reward": 490, "eps": 0.1, "len": 134, "time": 16865.28, "timesteps": 577915, "cpu_memory": 8.88, "cpu_percent": 29.8, "learning_rate": 0.00025, "loss_mean": 0.25, "n_updates": 0}, {"reward": 1390, "eps": 0.1, "len": 300, "time": 16873.97, "timesteps": 578215, "cpu_memory": 8.88, "cpu_percent": 29.8, "learning_rate": 0.00025, "loss_mean": 0.26, "n_updates": 0}, {"reward": 990, "eps": 0.1, "len": 252, "time": 16881.34, "timesteps": 578467, "cpu_memory": 8.89, "cpu_percent": 29.8, "learning_rate": 0.00025, "loss_mean": 0.26, "n_updates": 0}, {"reward": 750, "eps": 0.1, "len": 188, "time": 16886.81, "timesteps": 578655, "cpu_memory": 8.89, "cpu_percent": 29.8, "learning_rate": 0.00025, "loss_mean": 0.27, "n_updates": 0}, {"reward": 1070, "eps": 0.1, "len": 241, "time": 16893.98, "timesteps": 578896, "cpu_memory": 8.89, "cpu_percent": 29.8, "learning_rate": 0.00025, "loss_mean": 0.25, "n_updates": 0}, {"reward": 900, "eps": 0.1, "len": 156, "time": 16898.58, "timesteps": 579052, "cpu_memory": 8.89, "cpu_percent": 29.8, "learning_rate": 0.00025, "loss_mean": 0.26, "n_updates": 0}, {"reward": 520, "eps": 0.1, "len": 213, "time": 16904.79, "timesteps": 579265, "cpu_memory": 8.89, "cpu_percent": 29.8, "learning_rate": 0.00025, "loss_mean": 0.26, "n_updates": 0}]