[{"reward": 1050, "eps": 0.1, "len": 246, "time": 19263.8, "timesteps": 659467, "cpu_memory": 9.52, "cpu_percent": 31.8, "learning_rate": 0.00025, "loss_mean": 0.21, "n_updates": 0}, {"reward": 760, "eps": 0.1, "len": 222, "time": 19270.39, "timesteps": 659689, "cpu_memory": 9.52, "cpu_percent": 31.9, "learning_rate": 0.00025, "loss_mean": 0.22, "n_updates": 0}, {"reward": 670, "eps": 0.1, "len": 237, "time": 19277.27, "timesteps": 659926, "cpu_memory": 9.52, "cpu_percent": 31.9, "learning_rate": 0.00025, "loss_mean": 0.22, "n_updates": 0}, {"reward": 1180, "eps": 0.1, "len": 259, "time": 19285.46, "timesteps": 660185, "cpu_memory": 9.56, "cpu_percent": 31.9, "learning_rate": 0.00025, "loss_mean": 0.21, "n_updates": 0}, {"reward": 940, "eps": 0.1, "len": 251, "time": 19292.83, "timesteps": 660436, "cpu_memory": 9.56, "cpu_percent": 31.9, "learning_rate": 0.00025, "loss_mean": 0.22, "n_updates": 0}, {"reward": 960, "eps": 0.1, "len": 235, "time": 19299.64, "timesteps": 660671, "cpu_memory": 9.57, "cpu_percent": 31.9, "learning_rate": 0.00025, "loss_mean": 0.23, "n_updates": 0}, {"reward": 920, "eps": 0.1, "len": 228, "time": 19306.41, "timesteps": 660899, "cpu_memory": 9.57, "cpu_percent": 32.0, "learning_rate": 0.00025, "loss_mean": 0.22, "n_updates": 0}, {"reward": 830, "eps": 0.1, "len": 175, "time": 19311.52, "timesteps": 661074, "cpu_memory": 9.57, "cpu_percent": 32.0, "learning_rate": 0.00025, "loss_mean": 0.22, "n_updates": 0}, {"reward": 770, "eps": 0.1, "len": 208, "time": 19317.65, "timesteps": 661282, "cpu_memory": 9.57, "cpu_percent": 32.0, "learning_rate": 0.00025, "loss_mean": 0.22, "n_updates": 0}, {"reward": 740, "eps": 0.1, "len": 197, "time": 19323.46, "timesteps": 661479, "cpu_memory": 9.57, "cpu_percent": 32.0, "learning_rate": 0.00025, "loss_mean": 0.23, "n_updates": 0}, {"reward": 770, "eps": 0.1, "len": 226, "time": 19329.99, "timesteps": 661705, "cpu_memory": 9.57, "cpu_percent": 32.0, "learning_rate": 0.00025, "loss_mean": 0.22, "n_updates": 0}, {"reward": 940, "eps": 0.1, "len": 237, "time": 19336.98, "timesteps": 661942, "cpu_memory": 9.58, "cpu_percent": 32.0, "learning_rate": 0.00025, "loss_mean": 0.22, "n_updates": 0}, {"reward": 1090, "eps": 0.1, "len": 260, "time": 19344.48, "timesteps": 662202, "cpu_memory": 9.58, "cpu_percent": 32.0, "learning_rate": 0.00025, "loss_mean": 0.22, "n_updates": 0}, {"reward": 890, "eps": 0.1, "len": 248, "time": 19351.72, "timesteps": 662450, "cpu_memory": 9.58, "cpu_percent": 32.0, "learning_rate": 0.00025, "loss_mean": 0.22, "n_updates": 0}, {"reward": 1070, "eps": 0.1, "len": 237, "time": 19358.62, "timesteps": 662687, "cpu_memory": 9.58, "cpu_percent": 32.0, "learning_rate": 0.00025, "loss_mean": 0.23, "n_updates": 0}, {"reward": 1090, "eps": 0.1, "len": 252, "time": 19366.05, "timesteps": 662939, "cpu_memory": 9.58, "cpu_percent": 32.0, "learning_rate": 0.00025, "loss_mean": 0.21, "n_updates": 0}, {"reward": 730, "eps": 0.1, "len": 255, "time": 19373.42, "timesteps": 663194, "cpu_memory": 9.59, "cpu_percent": 32.0, "learning_rate": 0.00025, "loss_mean": 0.23, "n_updates": 0}, {"reward": 1030, "eps": 0.1, "len": 254, "time": 19380.9, "timesteps": 663448, "cpu_memory": 9.59, "cpu_percent": 32.0, "learning_rate": 0.00025, "loss_mean": 0.22, "n_updates": 0}, {"reward": 770, "eps": 0.1, "len": 207, "time": 19386.83, "timesteps": 663655, "cpu_memory": 9.59, "cpu_percent": 32.0, "learning_rate": 0.00025, "loss_mean": 0.22, "n_updates": 0}, {"reward": 880, "eps": 0.1, "len": 211, "time": 19392.93, "timesteps": 663866, "cpu_memory": 9.59, "cpu_percent": 32.0, "learning_rate": 0.00025, "loss_mean": 0.22, "n_updates": 0}, {"reward": 1030, "eps": 0.1, "len": 296, "time": 19401.68, "timesteps": 664162, "cpu_memory": 9.59, "cpu_percent": 32.1, "learning_rate": 0.00025, "loss_mean": 0.22, "n_updates": 0}, {"reward": 910, "eps": 0.1, "len": 202, "time": 19407.5, "timesteps": 664364, "cpu_memory": 9.59, "cpu_percent": 32.1, "learning_rate": 0.00025, "loss_mean": 0.22, "n_updates": 0}, {"reward": 1010, "eps": 0.1, "len": 235, "time": 19414.4, "timesteps": 664599, "cpu_memory": 9.6, "cpu_percent": 32.1, "learning_rate": 0.00025, "loss_mean": 0.21, "n_updates": 0}, {"reward": 760, "eps": 0.1, "len": 180, "time": 19419.65, "timesteps": 664779, "cpu_memory": 9.6, "cpu_percent": 32.1, "learning_rate": 0.00025, "loss_mean": 0.21, "n_updates": 0}, {"reward": 730, "eps": 0.1, "len": 173, "time": 19424.58, "timesteps": 664952, "cpu_memory": 9.6, "cpu_percent": 32.1, "learning_rate": 0.00025, "loss_mean": 0.2, "n_updates": 0}, {"reward": 540, "eps": 0.1, "len": 163, "time": 19429.45, "timesteps": 665115, "cpu_memory": 9.6, "cpu_percent": 32.0, "learning_rate": 0.00025, "loss_mean": 0.22, "n_updates": 0}, {"reward": 1250, "eps": 0.1, "len": 239, "time": 19436.34, "timesteps": 665354, "cpu_memory": 9.6, "cpu_percent": 32.0, "learning_rate": 0.00025, "loss_mean": 0.22, "n_updates": 0}, {"reward": 870, "eps": 0.1, "len": 240, "time": 19443.29, "timesteps": 665594, "cpu_memory": 9.6, "cpu_percent": 32.0, "learning_rate": 0.00025, "loss_mean": 0.22, "n_updates": 0}, {"reward": 920, "eps": 0.1, "len": 221, "time": 19449.78, "timesteps": 665815, "cpu_memory": 9.61, "cpu_percent": 32.0, "learning_rate": 0.00025, "loss_mean": 0.21, "n_updates": 0}, {"reward": 1120, "eps": 0.1, "len": 239, "time": 19456.79, "timesteps": 666054, "cpu_memory": 9.61, "cpu_percent": 32.0, "learning_rate": 0.00025, "loss_mean": 0.22, "n_updates": 0}, {"reward": 850, "eps": 0.1, "len": 236, "time": 19463.61, "timesteps": 666290, "cpu_memory": 9.61, "cpu_percent": 32.1, "learning_rate": 0.00025, "loss_mean": 0.22, "n_updates": 0}, {"reward": 1040, "eps": 0.1, "len": 226, "time": 19470.17, "timesteps": 666516, "cpu_memory": 9.61, "cpu_percent": 32.1, "learning_rate": 0.00025, "loss_mean": 0.22, "n_updates": 0}, {"reward": 550, "eps": 0.1, "len": 123, "time": 19473.94, "timesteps": 666639, "cpu_memory": 9.61, "cpu_percent": 32.1, "learning_rate": 0.00025, "loss_mean": 0.22, "n_updates": 0}, {"reward": 1120, "eps": 0.1, "len": 238, "time": 19481.02, "timesteps": 666877, "cpu_memory": 9.61, "cpu_percent": 32.1, "learning_rate": 0.00025, "loss_mean": 0.22, "n_updates": 0}, {"reward": 610, "eps": 0.1, "len": 186, "time": 19486.45, "timesteps": 667063, "cpu_memory": 9.62, "cpu_percent": 32.1, "learning_rate": 0.00025, "loss_mean": 0.21, "n_updates": 0}, {"reward": 750, "eps": 0.1, "len": 187, "time": 19492.04, "timesteps": 667250, "cpu_memory": 9.62, "cpu_percent": 32.1, "learning_rate": 0.00025, "loss_mean": 0.23, "n_updates": 0}, {"reward": 1520, "eps": 0.1, "len": 348, "time": 19502.03, "timesteps": 667598, "cpu_memory": 9.62, "cpu_percent": 32.1, "learning_rate": 0.00025, "loss_mean": 0.22, "n_updates": 0}, {"reward": 880, "eps": 0.1, "len": 221, "time": 19508.46, "timesteps": 667819, "cpu_memory": 9.62, "cpu_percent": 32.1, "learning_rate": 0.00025, "loss_mean": 0.23, "n_updates": 0}, {"reward": 850, "eps": 0.1, "len": 244, "time": 19515.54, "timesteps": 668063, "cpu_memory": 9.62, "cpu_percent": 32.1, "learning_rate": 0.00025, "loss_mean": 0.23, "n_updates": 0}, {"reward": 1120, "eps": 0.1, "len": 273, "time": 19523.51, "timesteps": 668336, "cpu_memory": 9.63, "cpu_percent": 32.1, "learning_rate": 0.00025, "loss_mean": 0.21, "n_updates": 0}, {"reward": 980, "eps": 0.1, "len": 263, "time": 19531.19, "timesteps": 668599, "cpu_memory": 9.63, "cpu_percent": 32.1, "learning_rate": 0.00025, "loss_mean": 0.22, "n_updates": 0}, {"reward": 1100, "eps": 0.1, "len": 262, "time": 19538.82, "timesteps": 668861, "cpu_memory": 9.63, "cpu_percent": 32.2, "learning_rate": 0.00025, "loss_mean": 0.22, "n_updates": 0}, {"reward": 1150, "eps": 0.1, "len": 261, "time": 19546.39, "timesteps": 669122, "cpu_memory": 9.63, "cpu_percent": 32.2, "learning_rate": 0.00025, "loss_mean": 0.22, "n_updates": 0}, {"reward": 460, "eps": 0.1, "len": 109, "time": 19549.62, "timesteps": 669231, "cpu_memory": 9.63, "cpu_percent": 32.2, "learning_rate": 0.00025, "loss_mean": 0.22, "n_updates": 0}]