[{"reward": 980, "eps": 0.1, "len": 239, "time": 12884.66, "timesteps": 449873, "cpu_memory": 7.88, "cpu_percent": 26.5, "learning_rate": 0.00025, "loss_mean": 0.33, "n_updates": 0}, {"reward": 380, "eps": 0.1, "len": 124, "time": 12888.82, "timesteps": 449997, "cpu_memory": 7.88, "cpu_percent": 26.5, "learning_rate": 0.00025, "loss_mean": 0.32, "n_updates": 0}, {"reward": 1210, "eps": 0.1, "len": 282, "time": 12898.82, "timesteps": 450279, "cpu_memory": 7.89, "cpu_percent": 26.5, "learning_rate": 0.00025, "loss_mean": 0.33, "n_updates": 0}, {"reward": 390, "eps": 0.1, "len": 113, "time": 12902.57, "timesteps": 450392, "cpu_memory": 7.89, "cpu_percent": 26.5, "learning_rate": 0.00025, "loss_mean": 0.36, "n_updates": 0}, {"reward": 880, "eps": 0.1, "len": 192, "time": 12909.05, "timesteps": 450584, "cpu_memory": 7.89, "cpu_percent": 26.5, "learning_rate": 0.00025, "loss_mean": 0.33, "n_updates": 0}, {"reward": 1230, "eps": 0.1, "len": 316, "time": 12919.32, "timesteps": 450900, "cpu_memory": 7.89, "cpu_percent": 26.5, "learning_rate": 0.00025, "loss_mean": 0.35, "n_updates": 0}, {"reward": 1020, "eps": 0.1, "len": 186, "time": 12925.52, "timesteps": 451086, "cpu_memory": 7.89, "cpu_percent": 26.5, "learning_rate": 0.00025, "loss_mean": 0.33, "n_updates": 0}, {"reward": 1000, "eps": 0.1, "len": 280, "time": 12934.72, "timesteps": 451366, "cpu_memory": 7.89, "cpu_percent": 26.6, "learning_rate": 0.00025, "loss_mean": 0.33, "n_updates": 0}, {"reward": 660, "eps": 0.1, "len": 205, "time": 12941.58, "timesteps": 451571, "cpu_memory": 7.9, "cpu_percent": 26.6, "learning_rate": 0.00025, "loss_mean": 0.32, "n_updates": 0}, {"reward": 960, "eps": 0.1, "len": 237, "time": 12949.37, "timesteps": 451808, "cpu_memory": 7.9, "cpu_percent": 26.6, "learning_rate": 0.00025, "loss_mean": 0.3, "n_updates": 0}, {"reward": 520, "eps": 0.1, "len": 154, "time": 12954.55, "timesteps": 451962, "cpu_memory": 7.9, "cpu_percent": 26.6, "learning_rate": 0.00025, "loss_mean": 0.32, "n_updates": 0}, {"reward": 1070, "eps": 0.1, "len": 279, "time": 12963.7, "timesteps": 452241, "cpu_memory": 7.9, "cpu_percent": 26.6, "learning_rate": 0.00025, "loss_mean": 0.32, "n_updates": 0}, {"reward": 510, "eps": 0.1, "len": 135, "time": 12968.18, "timesteps": 452376, "cpu_memory": 7.9, "cpu_percent": 26.6, "learning_rate": 0.00025, "loss_mean": 0.31, "n_updates": 0}, {"reward": 940, "eps": 0.1, "len": 221, "time": 12975.6, "timesteps": 452597, "cpu_memory": 7.9, "cpu_percent": 26.6, "learning_rate": 0.00025, "loss_mean": 0.33, "n_updates": 0}, {"reward": 830, "eps": 0.1, "len": 192, "time": 12981.89, "timesteps": 452789, "cpu_memory": 7.91, "cpu_percent": 26.6, "learning_rate": 0.00025, "loss_mean": 0.32, "n_updates": 0}, {"reward": 960, "eps": 0.1, "len": 240, "time": 12989.93, "timesteps": 453029, "cpu_memory": 7.91, "cpu_percent": 26.6, "learning_rate": 0.00025, "loss_mean": 0.32, "n_updates": 0}, {"reward": 930, "eps": 0.1, "len": 220, "time": 12997.22, "timesteps": 453249, "cpu_memory": 7.91, "cpu_percent": 26.6, "learning_rate": 0.00025, "loss_mean": 0.33, "n_updates": 0}, {"reward": 1100, "eps": 0.1, "len": 252, "time": 13005.53, "timesteps": 453501, "cpu_memory": 7.91, "cpu_percent": 26.6, "learning_rate": 0.00025, "loss_mean": 0.32, "n_updates": 0}, {"reward": 840, "eps": 0.1, "len": 171, "time": 13011.13, "timesteps": 453672, "cpu_memory": 7.91, "cpu_percent": 26.6, "learning_rate": 0.00025, "loss_mean": 0.3, "n_updates": 0}, {"reward": 890, "eps": 0.1, "len": 221, "time": 13018.49, "timesteps": 453893, "cpu_memory": 7.91, "cpu_percent": 26.6, "learning_rate": 0.00025, "loss_mean": 0.31, "n_updates": 0}, {"reward": 730, "eps": 0.1, "len": 212, "time": 13025.46, "timesteps": 454105, "cpu_memory": 7.92, "cpu_percent": 26.6, "learning_rate": 0.00025, "loss_mean": 0.31, "n_updates": 0}, {"reward": 890, "eps": 0.1, "len": 237, "time": 13033.21, "timesteps": 454342, "cpu_memory": 7.92, "cpu_percent": 26.6, "learning_rate": 0.00025, "loss_mean": 0.31, "n_updates": 0}, {"reward": 940, "eps": 0.1, "len": 221, "time": 13040.61, "timesteps": 454563, "cpu_memory": 7.92, "cpu_percent": 26.6, "learning_rate": 0.00025, "loss_mean": 0.33, "n_updates": 0}, {"reward": 970, "eps": 0.1, "len": 337, "time": 13051.8, "timesteps": 454900, "cpu_memory": 7.92, "cpu_percent": 26.6, "learning_rate": 0.00025, "loss_mean": 0.32, "n_updates": 0}, {"reward": 1090, "eps": 0.1, "len": 253, "time": 13060.16, "timesteps": 455153, "cpu_memory": 7.92, "cpu_percent": 26.7, "learning_rate": 0.00025, "loss_mean": 0.3, "n_updates": 0}, {"reward": 940, "eps": 0.1, "len": 188, "time": 13066.56, "timesteps": 455341, "cpu_memory": 7.93, "cpu_percent": 26.7, "learning_rate": 0.00025, "loss_mean": 0.3, "n_updates": 0}, {"reward": 1300, "eps": 0.1, "len": 300, "time": 13076.55, "timesteps": 455641, "cpu_memory": 7.93, "cpu_percent": 26.7, "learning_rate": 0.00025, "loss_mean": 0.31, "n_updates": 0}, {"reward": 1300, "eps": 0.1, "len": 407, "time": 13089.97, "timesteps": 456048, "cpu_memory": 7.93, "cpu_percent": 26.7, "learning_rate": 0.00025, "loss_mean": 0.3, "n_updates": 0}, {"reward": 550, "eps": 0.1, "len": 164, "time": 13095.44, "timesteps": 456212, "cpu_memory": 7.93, "cpu_percent": 26.6, "learning_rate": 0.00025, "loss_mean": 0.3, "n_updates": 0}, {"reward": 610, "eps": 0.1, "len": 149, "time": 13100.46, "timesteps": 456361, "cpu_memory": 7.93, "cpu_percent": 26.7, "learning_rate": 0.00025, "loss_mean": 0.29, "n_updates": 0}, {"reward": 760, "eps": 0.1, "len": 190, "time": 13106.7, "timesteps": 456551, "cpu_memory": 7.93, "cpu_percent": 26.7, "learning_rate": 0.00025, "loss_mean": 0.29, "n_updates": 0}, {"reward": 770, "eps": 0.1, "len": 212, "time": 13113.7, "timesteps": 456763, "cpu_memory": 7.94, "cpu_percent": 26.7, "learning_rate": 0.00025, "loss_mean": 0.3, "n_updates": 0}, {"reward": 900, "eps": 0.1, "len": 229, "time": 13121.27, "timesteps": 456992, "cpu_memory": 7.94, "cpu_percent": 26.7, "learning_rate": 0.00025, "loss_mean": 0.29, "n_updates": 0}, {"reward": 1050, "eps": 0.1, "len": 247, "time": 13129.52, "timesteps": 457239, "cpu_memory": 7.94, "cpu_percent": 26.7, "learning_rate": 0.00025, "loss_mean": 0.31, "n_updates": 0}, {"reward": 550, "eps": 0.1, "len": 172, "time": 13135.32, "timesteps": 457411, "cpu_memory": 7.94, "cpu_percent": 26.7, "learning_rate": 0.00025, "loss_mean": 0.32, "n_updates": 0}, {"reward": 970, "eps": 0.1, "len": 191, "time": 13141.65, "timesteps": 457602, "cpu_memory": 7.94, "cpu_percent": 26.7, "learning_rate": 0.00025, "loss_mean": 0.29, "n_updates": 0}, {"reward": 980, "eps": 0.1, "len": 263, "time": 13150.42, "timesteps": 457865, "cpu_memory": 7.95, "cpu_percent": 26.7, "learning_rate": 0.00025, "loss_mean": 0.31, "n_updates": 0}, {"reward": 660, "eps": 0.1, "len": 176, "time": 13156.28, "timesteps": 458041, "cpu_memory": 7.95, "cpu_percent": 26.7, "learning_rate": 0.00025, "loss_mean": 0.29, "n_updates": 0}, {"reward": 850, "eps": 0.1, "len": 213, "time": 13163.34, "timesteps": 458254, "cpu_memory": 7.95, "cpu_percent": 26.7, "learning_rate": 0.00025, "loss_mean": 0.31, "n_updates": 0}, {"reward": 790, "eps": 0.1, "len": 209, "time": 13170.16, "timesteps": 458463, "cpu_memory": 7.95, "cpu_percent": 26.8, "learning_rate": 0.00025, "loss_mean": 0.31, "n_updates": 0}, {"reward": 690, "eps": 0.1, "len": 201, "time": 13176.84, "timesteps": 458664, "cpu_memory": 7.95, "cpu_percent": 26.8, "learning_rate": 0.00025, "loss_mean": 0.31, "n_updates": 0}, {"reward": 850, "eps": 0.1, "len": 179, "time": 13182.81, "timesteps": 458843, "cpu_memory": 7.95, "cpu_percent": 26.8, "learning_rate": 0.00025, "loss_mean": 0.33, "n_updates": 0}, {"reward": 500, "eps": 0.1, "len": 106, "time": 13186.36, "timesteps": 458949, "cpu_memory": 7.95, "cpu_percent": 26.8, "learning_rate": 0.00025, "loss_mean": 0.33, "n_updates": 0}, {"reward": 980, "eps": 0.1, "len": 219, "time": 13193.58, "timesteps": 459168, "cpu_memory": 7.96, "cpu_percent": 26.8, "learning_rate": 0.00025, "loss_mean": 0.31, "n_updates": 0}]