[{"reward": 680, "eps": 0.1, "len": 202, "time": 26012.65, "timesteps": 889875, "cpu_memory": 11.31, "cpu_percent": 37.6, "learning_rate": 0.00025, "loss_mean": 0.21, "n_updates": 0}, {"reward": 900, "eps": 0.1, "len": 890126, "time": 26020.62, "timesteps": 890126, "cpu_memory": 11.31, "cpu_percent": 37.6, "learning_rate": 0.00025, "loss_mean": 0.21, "n_updates": 0}, {"reward": 1110, "eps": 0.1, "len": 261, "time": 26028.22, "timesteps": 890387, "cpu_memory": 11.32, "cpu_percent": 37.6, "learning_rate": 0.00025, "loss_mean": 0.2, "n_updates": 0}, {"reward": 780, "eps": 0.1, "len": 212, "time": 26034.35, "timesteps": 890599, "cpu_memory": 11.32, "cpu_percent": 37.6, "learning_rate": 0.00025, "loss_mean": 0.21, "n_updates": 0}, {"reward": 1160, "eps": 0.1, "len": 248, "time": 26041.56, "timesteps": 890847, "cpu_memory": 11.32, "cpu_percent": 37.6, "learning_rate": 0.00025, "loss_mean": 0.2, "n_updates": 0}, {"reward": 1140, "eps": 0.1, "len": 244, "time": 26048.82, "timesteps": 891091, "cpu_memory": 11.32, "cpu_percent": 37.6, "learning_rate": 0.00025, "loss_mean": 0.2, "n_updates": 0}, {"reward": 920, "eps": 0.1, "len": 222, "time": 26055.22, "timesteps": 891313, "cpu_memory": 11.32, "cpu_percent": 37.6, "learning_rate": 0.00025, "loss_mean": 0.19, "n_updates": 0}, {"reward": 960, "eps": 0.1, "len": 282, "time": 26063.39, "timesteps": 891595, "cpu_memory": 11.32, "cpu_percent": 37.6, "learning_rate": 0.00025, "loss_mean": 0.2, "n_updates": 0}, {"reward": 1060, "eps": 0.1, "len": 207, "time": 26069.46, "timesteps": 891802, "cpu_memory": 11.33, "cpu_percent": 37.6, "learning_rate": 0.00025, "loss_mean": 0.19, "n_updates": 0}, {"reward": 940, "eps": 0.1, "len": 213, "time": 26075.59, "timesteps": 892015, "cpu_memory": 11.33, "cpu_percent": 37.6, "learning_rate": 0.00025, "loss_mean": 0.2, "n_updates": 0}, {"reward": 790, "eps": 0.1, "len": 171, "time": 26080.57, "timesteps": 892186, "cpu_memory": 11.33, "cpu_percent": 37.6, "learning_rate": 0.00025, "loss_mean": 0.2, "n_updates": 0}, {"reward": 1280, "eps": 0.1, "len": 272, "time": 26088.39, "timesteps": 892458, "cpu_memory": 11.33, "cpu_percent": 37.7, "learning_rate": 0.00025, "loss_mean": 0.2, "n_updates": 0}, {"reward": 670, "eps": 0.1, "len": 173, "time": 26093.49, "timesteps": 892631, "cpu_memory": 11.33, "cpu_percent": 37.7, "learning_rate": 0.00025, "loss_mean": 0.2, "n_updates": 0}, {"reward": 480, "eps": 0.1, "len": 130, "time": 26097.32, "timesteps": 892761, "cpu_memory": 11.33, "cpu_percent": 37.7, "learning_rate": 0.00025, "loss_mean": 0.21, "n_updates": 0}, {"reward": 980, "eps": 0.1, "len": 258, "time": 26104.87, "timesteps": 893019, "cpu_memory": 11.34, "cpu_percent": 37.7, "learning_rate": 0.00025, "loss_mean": 0.2, "n_updates": 0}, {"reward": 700, "eps": 0.1, "len": 199, "time": 26110.71, "timesteps": 893218, "cpu_memory": 11.34, "cpu_percent": 37.7, "learning_rate": 0.00025, "loss_mean": 0.2, "n_updates": 0}, {"reward": 1310, "eps": 0.1, "len": 305, "time": 26119.52, "timesteps": 893523, "cpu_memory": 11.34, "cpu_percent": 37.7, "learning_rate": 0.00025, "loss_mean": 0.21, "n_updates": 0}, {"reward": 1340, "eps": 0.1, "len": 264, "time": 26127.31, "timesteps": 893787, "cpu_memory": 11.34, "cpu_percent": 37.7, "learning_rate": 0.00025, "loss_mean": 0.2, "n_updates": 0}, {"reward": 680, "eps": 0.1, "len": 167, "time": 26132.24, "timesteps": 893954, "cpu_memory": 11.34, "cpu_percent": 37.7, "learning_rate": 0.00025, "loss_mean": 0.2, "n_updates": 0}, {"reward": 430, "eps": 0.1, "len": 133, "time": 26136.12, "timesteps": 894087, "cpu_memory": 11.34, "cpu_percent": 37.7, "learning_rate": 0.00025, "loss_mean": 0.2, "n_updates": 0}, {"reward": 1140, "eps": 0.1, "len": 303, "time": 26144.92, "timesteps": 894390, "cpu_memory": 11.35, "cpu_percent": 37.7, "learning_rate": 0.00025, "loss_mean": 0.21, "n_updates": 0}, {"reward": 550, "eps": 0.1, "len": 197, "time": 26150.68, "timesteps": 894587, "cpu_memory": 11.35, "cpu_percent": 37.7, "learning_rate": 0.00025, "loss_mean": 0.19, "n_updates": 0}, {"reward": 590, "eps": 0.1, "len": 139, "time": 26154.87, "timesteps": 894726, "cpu_memory": 11.35, "cpu_percent": 37.7, "learning_rate": 0.00025, "loss_mean": 0.19, "n_updates": 0}, {"reward": 1110, "eps": 0.1, "len": 254, "time": 26162.49, "timesteps": 894980, "cpu_memory": 11.35, "cpu_percent": 37.7, "learning_rate": 0.00025, "loss_mean": 0.2, "n_updates": 0}, {"reward": 730, "eps": 0.1, "len": 260, "time": 26170.04, "timesteps": 895240, "cpu_memory": 11.35, "cpu_percent": 37.7, "learning_rate": 0.00025, "loss_mean": 0.2, "n_updates": 0}, {"reward": 790, "eps": 0.1, "len": 176, "time": 26175.3, "timesteps": 895416, "cpu_memory": 11.35, "cpu_percent": 37.7, "learning_rate": 0.00025, "loss_mean": 0.19, "n_updates": 0}, {"reward": 760, "eps": 0.1, "len": 216, "time": 26181.52, "timesteps": 895632, "cpu_memory": 11.36, "cpu_percent": 37.7, "learning_rate": 0.00025, "loss_mean": 0.19, "n_updates": 0}, {"reward": 1530, "eps": 0.1, "len": 300, "time": 26190.29, "timesteps": 895932, "cpu_memory": 11.36, "cpu_percent": 37.7, "learning_rate": 0.00025, "loss_mean": 0.2, "n_updates": 0}, {"reward": 630, "eps": 0.1, "len": 198, "time": 26196.14, "timesteps": 896130, "cpu_memory": 11.36, "cpu_percent": 37.7, "learning_rate": 0.00025, "loss_mean": 0.21, "n_updates": 0}, {"reward": 1570, "eps": 0.1, "len": 295, "time": 26204.79, "timesteps": 896425, "cpu_memory": 11.36, "cpu_percent": 37.7, "learning_rate": 0.00025, "loss_mean": 0.21, "n_updates": 0}, {"reward": 740, "eps": 0.1, "len": 210, "time": 26210.98, "timesteps": 896635, "cpu_memory": 11.36, "cpu_percent": 37.7, "learning_rate": 0.00025, "loss_mean": 0.2, "n_updates": 0}, {"reward": 610, "eps": 0.1, "len": 177, "time": 26216.08, "timesteps": 896812, "cpu_memory": 11.37, "cpu_percent": 37.7, "learning_rate": 0.00025, "loss_mean": 0.21, "n_updates": 0}, {"reward": 1230, "eps": 0.1, "len": 356, "time": 26226.48, "timesteps": 897168, "cpu_memory": 11.37, "cpu_percent": 37.7, "learning_rate": 0.00025, "loss_mean": 0.2, "n_updates": 0}, {"reward": 710, "eps": 0.1, "len": 184, "time": 26231.82, "timesteps": 897352, "cpu_memory": 11.37, "cpu_percent": 37.7, "learning_rate": 0.00025, "loss_mean": 0.2, "n_updates": 0}, {"reward": 980, "eps": 0.1, "len": 269, "time": 26239.71, "timesteps": 897621, "cpu_memory": 11.37, "cpu_percent": 37.7, "learning_rate": 0.00025, "loss_mean": 0.2, "n_updates": 0}, {"reward": 740, "eps": 0.1, "len": 154, "time": 26244.18, "timesteps": 897775, "cpu_memory": 11.37, "cpu_percent": 37.7, "learning_rate": 0.00025, "loss_mean": 0.2, "n_updates": 0}, {"reward": 810, "eps": 0.1, "len": 195, "time": 26249.81, "timesteps": 897970, "cpu_memory": 11.37, "cpu_percent": 37.7, "learning_rate": 0.00025, "loss_mean": 0.2, "n_updates": 0}, {"reward": 1270, "eps": 0.1, "len": 294, "time": 26258.47, "timesteps": 898264, "cpu_memory": 11.38, "cpu_percent": 37.8, "learning_rate": 0.00025, "loss_mean": 0.21, "n_updates": 0}, {"reward": 1180, "eps": 0.1, "len": 288, "time": 26266.8, "timesteps": 898552, "cpu_memory": 11.38, "cpu_percent": 37.8, "learning_rate": 0.00025, "loss_mean": 0.2, "n_updates": 0}, {"reward": 1210, "eps": 0.1, "len": 279, "time": 26274.86, "timesteps": 898831, "cpu_memory": 11.38, "cpu_percent": 37.8, "learning_rate": 0.00025, "loss_mean": 0.2, "n_updates": 0}, {"reward": 740, "eps": 0.1, "len": 220, "time": 26281.23, "timesteps": 899051, "cpu_memory": 11.38, "cpu_percent": 37.8, "learning_rate": 0.00025, "loss_mean": 0.21, "n_updates": 0}]