[{"reward": 610, "eps": 0.1, "len": 139, "time": 22499.68, "timesteps": 769875, "cpu_memory": 10.37, "cpu_percent": 34.6, "learning_rate": 0.00025, "loss_mean": 0.19, "n_updates": 0}, {"reward": 600, "eps": 0.1, "len": 770012, "time": 22504.24, "timesteps": 770012, "cpu_memory": 10.38, "cpu_percent": 34.6, "learning_rate": 0.00025, "loss_mean": 0.19, "n_updates": 0}, {"reward": 510, "eps": 0.1, "len": 172, "time": 22509.18, "timesteps": 770184, "cpu_memory": 10.38, "cpu_percent": 34.6, "learning_rate": 0.00025, "loss_mean": 0.2, "n_updates": 0}, {"reward": 1120, "eps": 0.1, "len": 274, "time": 22517.21, "timesteps": 770458, "cpu_memory": 10.38, "cpu_percent": 34.7, "learning_rate": 0.00025, "loss_mean": 0.2, "n_updates": 0}, {"reward": 350, "eps": 0.1, "len": 136, "time": 22521.12, "timesteps": 770594, "cpu_memory": 10.39, "cpu_percent": 34.7, "learning_rate": 0.00025, "loss_mean": 0.2, "n_updates": 0}, {"reward": 1000, "eps": 0.1, "len": 195, "time": 22526.92, "timesteps": 770789, "cpu_memory": 10.39, "cpu_percent": 34.7, "learning_rate": 0.00025, "loss_mean": 0.2, "n_updates": 0}, {"reward": 970, "eps": 0.1, "len": 229, "time": 22533.58, "timesteps": 771018, "cpu_memory": 10.39, "cpu_percent": 34.7, "learning_rate": 0.00025, "loss_mean": 0.22, "n_updates": 0}, {"reward": 870, "eps": 0.1, "len": 198, "time": 22539.31, "timesteps": 771216, "cpu_memory": 10.39, "cpu_percent": 34.7, "learning_rate": 0.00025, "loss_mean": 0.21, "n_updates": 0}, {"reward": 960, "eps": 0.1, "len": 204, "time": 22545.34, "timesteps": 771420, "cpu_memory": 10.39, "cpu_percent": 34.7, "learning_rate": 0.00025, "loss_mean": 0.2, "n_updates": 0}, {"reward": 1250, "eps": 0.1, "len": 289, "time": 22553.67, "timesteps": 771709, "cpu_memory": 10.39, "cpu_percent": 34.7, "learning_rate": 0.00025, "loss_mean": 0.2, "n_updates": 0}, {"reward": 1020, "eps": 0.1, "len": 231, "time": 22560.64, "timesteps": 771940, "cpu_memory": 10.4, "cpu_percent": 34.7, "learning_rate": 0.00025, "loss_mean": 0.21, "n_updates": 0}, {"reward": 660, "eps": 0.1, "len": 195, "time": 22566.38, "timesteps": 772135, "cpu_memory": 10.4, "cpu_percent": 34.7, "learning_rate": 0.00025, "loss_mean": 0.2, "n_updates": 0}, {"reward": 1020, "eps": 0.1, "len": 263, "time": 22574.06, "timesteps": 772398, "cpu_memory": 10.4, "cpu_percent": 34.7, "learning_rate": 0.00025, "loss_mean": 0.2, "n_updates": 0}, {"reward": 680, "eps": 0.1, "len": 146, "time": 22578.26, "timesteps": 772544, "cpu_memory": 10.4, "cpu_percent": 34.7, "learning_rate": 0.00025, "loss_mean": 0.22, "n_updates": 0}, {"reward": 760, "eps": 0.1, "len": 197, "time": 22584.04, "timesteps": 772741, "cpu_memory": 10.4, "cpu_percent": 34.7, "learning_rate": 0.00025, "loss_mean": 0.2, "n_updates": 0}, {"reward": 1120, "eps": 0.1, "len": 311, "time": 22593.07, "timesteps": 773052, "cpu_memory": 10.41, "cpu_percent": 34.7, "learning_rate": 0.00025, "loss_mean": 0.2, "n_updates": 0}, {"reward": 680, "eps": 0.1, "len": 205, "time": 22599.01, "timesteps": 773257, "cpu_memory": 10.41, "cpu_percent": 34.7, "learning_rate": 0.00025, "loss_mean": 0.2, "n_updates": 0}, {"reward": 600, "eps": 0.1, "len": 215, "time": 22605.32, "timesteps": 773472, "cpu_memory": 10.41, "cpu_percent": 34.7, "learning_rate": 0.00025, "loss_mean": 0.2, "n_updates": 0}, {"reward": 1050, "eps": 0.1, "len": 221, "time": 22611.62, "timesteps": 773693, "cpu_memory": 10.41, "cpu_percent": 34.7, "learning_rate": 0.00025, "loss_mean": 0.21, "n_updates": 0}, {"reward": 1240, "eps": 0.1, "len": 286, "time": 22620.01, "timesteps": 773979, "cpu_memory": 10.41, "cpu_percent": 34.7, "learning_rate": 0.00025, "loss_mean": 0.19, "n_updates": 0}, {"reward": 1050, "eps": 0.1, "len": 295, "time": 22628.62, "timesteps": 774274, "cpu_memory": 10.41, "cpu_percent": 34.7, "learning_rate": 0.00025, "loss_mean": 0.2, "n_updates": 0}, {"reward": 1450, "eps": 0.1, "len": 242, "time": 22635.65, "timesteps": 774516, "cpu_memory": 10.42, "cpu_percent": 34.7, "learning_rate": 0.00025, "loss_mean": 0.2, "n_updates": 0}, {"reward": 910, "eps": 0.1, "len": 213, "time": 22641.91, "timesteps": 774729, "cpu_memory": 10.42, "cpu_percent": 34.7, "learning_rate": 0.00025, "loss_mean": 0.2, "n_updates": 0}, {"reward": 630, "eps": 0.1, "len": 166, "time": 22646.73, "timesteps": 774895, "cpu_memory": 10.42, "cpu_percent": 34.7, "learning_rate": 0.00025, "loss_mean": 0.2, "n_updates": 0}, {"reward": 1550, "eps": 0.1, "len": 304, "time": 22655.58, "timesteps": 775199, "cpu_memory": 10.42, "cpu_percent": 34.7, "learning_rate": 0.00025, "loss_mean": 0.2, "n_updates": 0}, {"reward": 580, "eps": 0.1, "len": 195, "time": 22661.27, "timesteps": 775394, "cpu_memory": 10.42, "cpu_percent": 34.7, "learning_rate": 0.00025, "loss_mean": 0.2, "n_updates": 0}, {"reward": 610, "eps": 0.1, "len": 172, "time": 22666.26, "timesteps": 775566, "cpu_memory": 10.42, "cpu_percent": 34.7, "learning_rate": 0.00025, "loss_mean": 0.2, "n_updates": 0}, {"reward": 1550, "eps": 0.1, "len": 306, "time": 22675.17, "timesteps": 775872, "cpu_memory": 10.43, "cpu_percent": 34.7, "learning_rate": 0.00025, "loss_mean": 0.21, "n_updates": 0}, {"reward": 830, "eps": 0.1, "len": 239, "time": 22682.0, "timesteps": 776111, "cpu_memory": 10.43, "cpu_percent": 34.7, "learning_rate": 0.00025, "loss_mean": 0.2, "n_updates": 0}, {"reward": 660, "eps": 0.1, "len": 169, "time": 22687.07, "timesteps": 776280, "cpu_memory": 10.43, "cpu_percent": 34.7, "learning_rate": 0.00025, "loss_mean": 0.21, "n_updates": 0}, {"reward": 890, "eps": 0.1, "len": 203, "time": 22692.95, "timesteps": 776483, "cpu_memory": 10.43, "cpu_percent": 34.7, "learning_rate": 0.00025, "loss_mean": 0.21, "n_updates": 0}, {"reward": 1520, "eps": 0.1, "len": 373, "time": 22703.79, "timesteps": 776856, "cpu_memory": 10.43, "cpu_percent": 34.8, "learning_rate": 0.00025, "loss_mean": 0.2, "n_updates": 0}, {"reward": 490, "eps": 0.1, "len": 186, "time": 22709.16, "timesteps": 777042, "cpu_memory": 10.44, "cpu_percent": 34.8, "learning_rate": 0.00025, "loss_mean": 0.21, "n_updates": 0}, {"reward": 1220, "eps": 0.1, "len": 232, "time": 22715.95, "timesteps": 777274, "cpu_memory": 10.44, "cpu_percent": 34.8, "learning_rate": 0.00025, "loss_mean": 0.21, "n_updates": 0}, {"reward": 1100, "eps": 0.1, "len": 219, "time": 22722.47, "timesteps": 777493, "cpu_memory": 10.44, "cpu_percent": 34.8, "learning_rate": 0.00025, "loss_mean": 0.2, "n_updates": 0}, {"reward": 580, "eps": 0.1, "len": 197, "time": 22728.14, "timesteps": 777690, "cpu_memory": 10.44, "cpu_percent": 34.8, "learning_rate": 0.00025, "loss_mean": 0.2, "n_updates": 0}, {"reward": 1320, "eps": 0.1, "len": 300, "time": 22736.89, "timesteps": 777990, "cpu_memory": 10.44, "cpu_percent": 34.8, "learning_rate": 0.00025, "loss_mean": 0.2, "n_updates": 0}, {"reward": 930, "eps": 0.1, "len": 226, "time": 22743.4, "timesteps": 778216, "cpu_memory": 10.45, "cpu_percent": 34.8, "learning_rate": 0.00025, "loss_mean": 0.19, "n_updates": 0}, {"reward": 890, "eps": 0.1, "len": 250, "time": 22750.73, "timesteps": 778466, "cpu_memory": 10.45, "cpu_percent": 34.8, "learning_rate": 0.00025, "loss_mean": 0.2, "n_updates": 0}, {"reward": 1180, "eps": 0.1, "len": 265, "time": 22758.34, "timesteps": 778731, "cpu_memory": 10.45, "cpu_percent": 34.8, "learning_rate": 0.00025, "loss_mean": 0.21, "n_updates": 0}, {"reward": 850, "eps": 0.1, "len": 252, "time": 22765.65, "timesteps": 778983, "cpu_memory": 10.45, "cpu_percent": 34.8, "learning_rate": 0.00025, "loss_mean": 0.21, "n_updates": 0}, {"reward": 430, "eps": 0.1, "len": 150, "time": 22769.96, "timesteps": 779133, "cpu_memory": 10.45, "cpu_percent": 34.8, "learning_rate": 0.00025, "loss_mean": 0.2, "n_updates": 0}, {"reward": 950, "eps": 0.1, "len": 262, "time": 22777.66, "timesteps": 779395, "cpu_memory": 10.45, "cpu_percent": 34.8, "learning_rate": 0.00025, "loss_mean": 0.21, "n_updates": 0}, {"reward": 920, "eps": 0.1, "len": 260, "time": 22785.11, "timesteps": 779655, "cpu_memory": 10.46, "cpu_percent": 34.8, "learning_rate": 0.00025, "loss_mean": 0.2, "n_updates": 0}]