[{"reward": 400, "eps": 0.5729, "len": 154, "time": 5124.39, "timesteps": 189881, "cpu_memory": 5.96, "cpu_percent": 20.3, "learning_rate": 0.00025, "loss_mean": 0.32, "n_updates": 0}, {"reward": 750, "eps": 0.5726, "len": 190069, "time": 5130.38, "timesteps": 190069, "cpu_memory": 5.96, "cpu_percent": 20.4, "learning_rate": 0.00025, "loss_mean": 0.31, "n_updates": 0}, {"reward": 680, "eps": 0.5721, "len": 189, "time": 5135.93, "timesteps": 190258, "cpu_memory": 5.96, "cpu_percent": 20.4, "learning_rate": 0.00025, "loss_mean": 0.3, "n_updates": 0}, {"reward": 620, "eps": 0.5717, "len": 187, "time": 5141.15, "timesteps": 190445, "cpu_memory": 5.96, "cpu_percent": 20.4, "learning_rate": 0.00025, "loss_mean": 0.34, "n_updates": 0}, {"reward": 490, "eps": 0.5713, "len": 189, "time": 5146.61, "timesteps": 190634, "cpu_memory": 5.96, "cpu_percent": 20.4, "learning_rate": 0.00025, "loss_mean": 0.32, "n_updates": 0}, {"reward": 560, "eps": 0.5709, "len": 166, "time": 5151.3, "timesteps": 190800, "cpu_memory": 5.97, "cpu_percent": 20.4, "learning_rate": 0.00025, "loss_mean": 0.31, "n_updates": 0}, {"reward": 540, "eps": 0.5705, "len": 153, "time": 5155.58, "timesteps": 190953, "cpu_memory": 5.97, "cpu_percent": 20.4, "learning_rate": 0.00025, "loss_mean": 0.31, "n_updates": 0}, {"reward": 660, "eps": 0.5702, "len": 174, "time": 5160.43, "timesteps": 191127, "cpu_memory": 5.97, "cpu_percent": 20.4, "learning_rate": 0.00025, "loss_mean": 0.3, "n_updates": 0}, {"reward": 320, "eps": 0.5698, "len": 134, "time": 5164.18, "timesteps": 191261, "cpu_memory": 5.97, "cpu_percent": 20.4, "learning_rate": 0.00025, "loss_mean": 0.32, "n_updates": 0}, {"reward": 520, "eps": 0.5695, "len": 182, "time": 5169.35, "timesteps": 191443, "cpu_memory": 5.97, "cpu_percent": 20.4, "learning_rate": 0.00025, "loss_mean": 0.32, "n_updates": 0}, {"reward": 480, "eps": 0.5691, "len": 147, "time": 5173.39, "timesteps": 191590, "cpu_memory": 5.97, "cpu_percent": 20.4, "learning_rate": 0.00025, "loss_mean": 0.3, "n_updates": 0}, {"reward": 650, "eps": 0.5687, "len": 207, "time": 5179.03, "timesteps": 191797, "cpu_memory": 5.97, "cpu_percent": 20.4, "learning_rate": 0.00025, "loss_mean": 0.33, "n_updates": 0}, {"reward": 970, "eps": 0.5681, "len": 272, "time": 5186.53, "timesteps": 192069, "cpu_memory": 5.97, "cpu_percent": 20.4, "learning_rate": 0.00025, "loss_mean": 0.35, "n_updates": 0}, {"reward": 760, "eps": 0.5677, "len": 168, "time": 5191.15, "timesteps": 192237, "cpu_memory": 5.98, "cpu_percent": 20.4, "learning_rate": 0.00025, "loss_mean": 0.34, "n_updates": 0}, {"reward": 560, "eps": 0.5673, "len": 175, "time": 5196.02, "timesteps": 192412, "cpu_memory": 5.98, "cpu_percent": 20.4, "learning_rate": 0.00025, "loss_mean": 0.34, "n_updates": 0}, {"reward": 910, "eps": 0.5668, "len": 218, "time": 5202.1, "timesteps": 192630, "cpu_memory": 5.98, "cpu_percent": 20.4, "learning_rate": 0.00025, "loss_mean": 0.32, "n_updates": 0}, {"reward": 590, "eps": 0.5664, "len": 156, "time": 5206.35, "timesteps": 192786, "cpu_memory": 5.98, "cpu_percent": 20.4, "learning_rate": 0.00025, "loss_mean": 0.33, "n_updates": 0}, {"reward": 640, "eps": 0.566, "len": 228, "time": 5212.53, "timesteps": 193014, "cpu_memory": 5.98, "cpu_percent": 20.4, "learning_rate": 0.00025, "loss_mean": 0.34, "n_updates": 0}, {"reward": 550, "eps": 0.5655, "len": 155, "time": 5216.82, "timesteps": 193169, "cpu_memory": 5.98, "cpu_percent": 20.4, "learning_rate": 0.00025, "loss_mean": 0.32, "n_updates": 0}, {"reward": 880, "eps": 0.565, "len": 328, "time": 5225.78, "timesteps": 193497, "cpu_memory": 5.98, "cpu_percent": 20.4, "learning_rate": 0.00025, "loss_mean": 0.32, "n_updates": 0}, {"reward": 580, "eps": 0.5644, "len": 191, "time": 5231.19, "timesteps": 193688, "cpu_memory": 5.99, "cpu_percent": 20.4, "learning_rate": 0.00025, "loss_mean": 0.32, "n_updates": 0}, {"reward": 960, "eps": 0.5639, "len": 282, "time": 5238.82, "timesteps": 193970, "cpu_memory": 5.99, "cpu_percent": 20.4, "learning_rate": 0.00025, "loss_mean": 0.34, "n_updates": 0}, {"reward": 680, "eps": 0.5634, "len": 175, "time": 5243.66, "timesteps": 194145, "cpu_memory": 5.99, "cpu_percent": 20.4, "learning_rate": 0.00025, "loss_mean": 0.32, "n_updates": 0}, {"reward": 410, "eps": 0.563, "len": 149, "time": 5247.74, "timesteps": 194294, "cpu_memory": 5.99, "cpu_percent": 20.4, "learning_rate": 0.00025, "loss_mean": 0.3, "n_updates": 0}, {"reward": 790, "eps": 0.5626, "len": 210, "time": 5253.52, "timesteps": 194504, "cpu_memory": 5.99, "cpu_percent": 20.4, "learning_rate": 0.00025, "loss_mean": 0.33, "n_updates": 0}, {"reward": 750, "eps": 0.5621, "len": 214, "time": 5259.42, "timesteps": 194718, "cpu_memory": 5.99, "cpu_percent": 20.4, "learning_rate": 0.00025, "loss_mean": 0.32, "n_updates": 0}, {"reward": 590, "eps": 0.5617, "len": 183, "time": 5264.54, "timesteps": 194901, "cpu_memory": 5.99, "cpu_percent": 20.5, "learning_rate": 0.00025, "loss_mean": 0.33, "n_updates": 0}, {"reward": 460, "eps": 0.5612, "len": 197, "time": 5269.91, "timesteps": 195098, "cpu_memory": 5.99, "cpu_percent": 20.5, "learning_rate": 0.00025, "loss_mean": 0.34, "n_updates": 0}, {"reward": 470, "eps": 0.5609, "len": 136, "time": 5273.64, "timesteps": 195234, "cpu_memory": 6.0, "cpu_percent": 20.5, "learning_rate": 0.00025, "loss_mean": 0.34, "n_updates": 0}, {"reward": 470, "eps": 0.5606, "len": 142, "time": 5277.56, "timesteps": 195376, "cpu_memory": 6.0, "cpu_percent": 20.5, "learning_rate": 0.00025, "loss_mean": 0.33, "n_updates": 0}, {"reward": 620, "eps": 0.5602, "len": 171, "time": 5282.33, "timesteps": 195547, "cpu_memory": 6.0, "cpu_percent": 20.5, "learning_rate": 0.00025, "loss_mean": 0.35, "n_updates": 0}, {"reward": 610, "eps": 0.5598, "len": 181, "time": 5287.41, "timesteps": 195728, "cpu_memory": 6.0, "cpu_percent": 20.5, "learning_rate": 0.00025, "loss_mean": 0.33, "n_updates": 0}, {"reward": 690, "eps": 0.5594, "len": 174, "time": 5292.38, "timesteps": 195902, "cpu_memory": 6.0, "cpu_percent": 20.5, "learning_rate": 0.00025, "loss_mean": 0.32, "n_updates": 0}, {"reward": 390, "eps": 0.5591, "len": 123, "time": 5295.86, "timesteps": 196025, "cpu_memory": 6.0, "cpu_percent": 20.5, "learning_rate": 0.00025, "loss_mean": 0.33, "n_updates": 0}, {"reward": 530, "eps": 0.5587, "len": 180, "time": 5300.71, "timesteps": 196205, "cpu_memory": 6.0, "cpu_percent": 20.5, "learning_rate": 0.00025, "loss_mean": 0.33, "n_updates": 0}, {"reward": 330, "eps": 0.5584, "len": 126, "time": 5304.24, "timesteps": 196331, "cpu_memory": 6.0, "cpu_percent": 20.5, "learning_rate": 0.00025, "loss_mean": 0.32, "n_updates": 0}, {"reward": 900, "eps": 0.558, "len": 245, "time": 5311.23, "timesteps": 196576, "cpu_memory": 6.0, "cpu_percent": 20.5, "learning_rate": 0.00025, "loss_mean": 0.3, "n_updates": 0}, {"reward": 430, "eps": 0.5575, "len": 137, "time": 5315.11, "timesteps": 196713, "cpu_memory": 6.01, "cpu_percent": 20.5, "learning_rate": 0.00025, "loss_mean": 0.31, "n_updates": 0}, {"reward": 320, "eps": 0.5573, "len": 121, "time": 5318.6, "timesteps": 196834, "cpu_memory": 6.01, "cpu_percent": 20.5, "learning_rate": 0.00025, "loss_mean": 0.28, "n_updates": 0}, {"reward": 610, "eps": 0.5569, "len": 227, "time": 5325.01, "timesteps": 197061, "cpu_memory": 6.01, "cpu_percent": 20.5, "learning_rate": 0.00025, "loss_mean": 0.28, "n_updates": 0}, {"reward": 630, "eps": 0.5564, "len": 202, "time": 5330.65, "timesteps": 197263, "cpu_memory": 6.01, "cpu_percent": 20.5, "learning_rate": 0.00025, "loss_mean": 0.3, "n_updates": 0}, {"reward": 650, "eps": 0.5559, "len": 186, "time": 5335.91, "timesteps": 197449, "cpu_memory": 6.01, "cpu_percent": 20.5, "learning_rate": 0.00025, "loss_mean": 0.32, "n_updates": 0}, {"reward": 590, "eps": 0.5555, "len": 169, "time": 5340.79, "timesteps": 197618, "cpu_memory": 6.01, "cpu_percent": 20.5, "learning_rate": 0.00025, "loss_mean": 0.33, "n_updates": 0}, {"reward": 750, "eps": 0.5551, "len": 216, "time": 5347.01, "timesteps": 197834, "cpu_memory": 6.01, "cpu_percent": 20.5, "learning_rate": 0.00025, "loss_mean": 0.32, "n_updates": 0}, {"reward": 560, "eps": 0.5547, "len": 175, "time": 5351.99, "timesteps": 198009, "cpu_memory": 6.01, "cpu_percent": 20.5, "learning_rate": 0.00025, "loss_mean": 0.33, "n_updates": 0}, {"reward": 780, "eps": 0.5543, "len": 198, "time": 5357.79, "timesteps": 198207, "cpu_memory": 6.02, "cpu_percent": 20.5, "learning_rate": 0.00025, "loss_mean": 0.33, "n_updates": 0}, {"reward": 330, "eps": 0.5539, "len": 99, "time": 5360.61, "timesteps": 198306, "cpu_memory": 6.02, "cpu_percent": 20.5, "learning_rate": 0.00025, "loss_mean": 0.33, "n_updates": 0}, {"reward": 830, "eps": 0.5536, "len": 217, "time": 5366.87, "timesteps": 198523, "cpu_memory": 6.02, "cpu_percent": 20.5, "learning_rate": 0.00025, "loss_mean": 0.29, "n_updates": 0}, {"reward": 610, "eps": 0.5531, "len": 224, "time": 5373.18, "timesteps": 198747, "cpu_memory": 6.02, "cpu_percent": 20.5, "learning_rate": 0.00025, "loss_mean": 0.31, "n_updates": 0}, {"reward": 690, "eps": 0.5526, "len": 153, "time": 5377.45, "timesteps": 198900, "cpu_memory": 6.02, "cpu_percent": 20.5, "learning_rate": 0.00025, "loss_mean": 0.31, "n_updates": 0}, {"reward": 370, "eps": 0.5523, "len": 188, "time": 5382.72, "timesteps": 199088, "cpu_memory": 6.02, "cpu_percent": 20.5, "learning_rate": 0.00025, "loss_mean": 0.31, "n_updates": 0}, {"reward": 590, "eps": 0.5519, "len": 167, "time": 5387.42, "timesteps": 199255, "cpu_memory": 6.02, "cpu_percent": 20.5, "learning_rate": 0.00025, "loss_mean": 0.34, "n_updates": 0}]