[{"reward": 830, "eps": 0.3481, "len": 195, "time": 7968.21, "timesteps": 289810, "cpu_memory": 6.65, "cpu_percent": 22.6, "learning_rate": 0.00025, "loss_mean": 0.41, "n_updates": 0}, {"reward": 890, "eps": 0.3476, "len": 290070, "time": 7976.29, "timesteps": 290070, "cpu_memory": 6.66, "cpu_percent": 22.6, "learning_rate": 0.00025, "loss_mean": 0.38, "n_updates": 0}, {"reward": 650, "eps": 0.3471, "len": 185, "time": 7981.62, "timesteps": 290255, "cpu_memory": 6.67, "cpu_percent": 22.6, "learning_rate": 0.00025, "loss_mean": 0.38, "n_updates": 0}, {"reward": 500, "eps": 0.3467, "len": 191, "time": 7987.22, "timesteps": 290446, "cpu_memory": 6.67, "cpu_percent": 22.6, "learning_rate": 0.00025, "loss_mean": 0.37, "n_updates": 0}, {"reward": 650, "eps": 0.3463, "len": 181, "time": 7992.76, "timesteps": 290627, "cpu_memory": 6.67, "cpu_percent": 22.6, "learning_rate": 0.00025, "loss_mean": 0.37, "n_updates": 0}, {"reward": 860, "eps": 0.3459, "len": 191, "time": 7998.46, "timesteps": 290818, "cpu_memory": 6.67, "cpu_percent": 22.6, "learning_rate": 0.00025, "loss_mean": 0.38, "n_updates": 0}, {"reward": 480, "eps": 0.3455, "len": 159, "time": 8003.05, "timesteps": 290977, "cpu_memory": 6.67, "cpu_percent": 22.6, "learning_rate": 0.00025, "loss_mean": 0.39, "n_updates": 0}, {"reward": 490, "eps": 0.3451, "len": 149, "time": 8007.47, "timesteps": 291126, "cpu_memory": 6.67, "cpu_percent": 22.6, "learning_rate": 0.00025, "loss_mean": 0.39, "n_updates": 0}, {"reward": 910, "eps": 0.3448, "len": 172, "time": 8012.65, "timesteps": 291298, "cpu_memory": 6.67, "cpu_percent": 22.6, "learning_rate": 0.00025, "loss_mean": 0.37, "n_updates": 0}, {"reward": 770, "eps": 0.3444, "len": 197, "time": 8018.58, "timesteps": 291495, "cpu_memory": 6.67, "cpu_percent": 22.6, "learning_rate": 0.00025, "loss_mean": 0.38, "n_updates": 0}, {"reward": 930, "eps": 0.3438, "len": 268, "time": 8026.58, "timesteps": 291763, "cpu_memory": 6.68, "cpu_percent": 22.7, "learning_rate": 0.00025, "loss_mean": 0.39, "n_updates": 0}, {"reward": 610, "eps": 0.3433, "len": 202, "time": 8032.38, "timesteps": 291965, "cpu_memory": 6.68, "cpu_percent": 22.7, "learning_rate": 0.00025, "loss_mean": 0.41, "n_updates": 0}, {"reward": 550, "eps": 0.3429, "len": 136, "time": 8036.39, "timesteps": 292101, "cpu_memory": 6.68, "cpu_percent": 22.7, "learning_rate": 0.00025, "loss_mean": 0.4, "n_updates": 0}, {"reward": 890, "eps": 0.3425, "len": 272, "time": 8044.33, "timesteps": 292373, "cpu_memory": 6.68, "cpu_percent": 22.7, "learning_rate": 0.00025, "loss_mean": 0.39, "n_updates": 0}, {"reward": 930, "eps": 0.3419, "len": 260, "time": 8052.07, "timesteps": 292633, "cpu_memory": 6.68, "cpu_percent": 22.7, "learning_rate": 0.00025, "loss_mean": 0.37, "n_updates": 0}, {"reward": 880, "eps": 0.3414, "len": 189, "time": 8057.51, "timesteps": 292822, "cpu_memory": 6.68, "cpu_percent": 22.7, "learning_rate": 0.00025, "loss_mean": 0.39, "n_updates": 0}, {"reward": 980, "eps": 0.3408, "len": 280, "time": 8065.65, "timesteps": 293102, "cpu_memory": 6.69, "cpu_percent": 22.7, "learning_rate": 0.00025, "loss_mean": 0.39, "n_updates": 0}, {"reward": 1280, "eps": 0.3402, "len": 272, "time": 8073.66, "timesteps": 293374, "cpu_memory": 6.69, "cpu_percent": 22.7, "learning_rate": 0.00025, "loss_mean": 0.39, "n_updates": 0}, {"reward": 660, "eps": 0.3397, "len": 228, "time": 8080.46, "timesteps": 293602, "cpu_memory": 6.69, "cpu_percent": 22.7, "learning_rate": 0.00025, "loss_mean": 0.37, "n_updates": 0}, {"reward": 490, "eps": 0.3392, "len": 153, "time": 8085.04, "timesteps": 293755, "cpu_memory": 6.69, "cpu_percent": 22.7, "learning_rate": 0.00025, "loss_mean": 0.37, "n_updates": 0}, {"reward": 900, "eps": 0.3388, "len": 252, "time": 8092.35, "timesteps": 294007, "cpu_memory": 6.69, "cpu_percent": 22.7, "learning_rate": 0.00025, "loss_mean": 0.36, "n_updates": 0}, {"reward": 1280, "eps": 0.3382, "len": 284, "time": 8100.46, "timesteps": 294291, "cpu_memory": 6.69, "cpu_percent": 22.7, "learning_rate": 0.00025, "loss_mean": 0.38, "n_updates": 0}, {"reward": 730, "eps": 0.3376, "len": 241, "time": 8107.58, "timesteps": 294532, "cpu_memory": 6.7, "cpu_percent": 22.7, "learning_rate": 0.00025, "loss_mean": 0.36, "n_updates": 0}, {"reward": 660, "eps": 0.3371, "len": 171, "time": 8112.67, "timesteps": 294703, "cpu_memory": 6.7, "cpu_percent": 22.7, "learning_rate": 0.00025, "loss_mean": 0.35, "n_updates": 0}, {"reward": 930, "eps": 0.3366, "len": 241, "time": 8119.79, "timesteps": 294944, "cpu_memory": 6.7, "cpu_percent": 22.8, "learning_rate": 0.00025, "loss_mean": 0.36, "n_updates": 0}, {"reward": 480, "eps": 0.3362, "len": 139, "time": 8123.95, "timesteps": 295083, "cpu_memory": 6.7, "cpu_percent": 22.8, "learning_rate": 0.00025, "loss_mean": 0.37, "n_updates": 0}, {"reward": 960, "eps": 0.3358, "len": 276, "time": 8132.0, "timesteps": 295359, "cpu_memory": 6.7, "cpu_percent": 22.8, "learning_rate": 0.00025, "loss_mean": 0.39, "n_updates": 0}, {"reward": 520, "eps": 0.3353, "len": 167, "time": 8136.87, "timesteps": 295526, "cpu_memory": 6.7, "cpu_percent": 22.8, "learning_rate": 0.00025, "loss_mean": 0.37, "n_updates": 0}, {"reward": 780, "eps": 0.3348, "len": 235, "time": 8143.77, "timesteps": 295761, "cpu_memory": 6.71, "cpu_percent": 22.8, "learning_rate": 0.00025, "loss_mean": 0.35, "n_updates": 0}, {"reward": 550, "eps": 0.3344, "len": 155, "time": 8148.44, "timesteps": 295916, "cpu_memory": 6.71, "cpu_percent": 22.8, "learning_rate": 0.00025, "loss_mean": 0.35, "n_updates": 0}, {"reward": 950, "eps": 0.3339, "len": 262, "time": 8155.96, "timesteps": 296178, "cpu_memory": 6.71, "cpu_percent": 22.7, "learning_rate": 0.00025, "loss_mean": 0.34, "n_updates": 0}, {"reward": 690, "eps": 0.3333, "len": 270, "time": 8163.78, "timesteps": 296448, "cpu_memory": 6.71, "cpu_percent": 22.7, "learning_rate": 0.00025, "loss_mean": 0.35, "n_updates": 0}, {"reward": 1040, "eps": 0.3327, "len": 247, "time": 8171.06, "timesteps": 296695, "cpu_memory": 6.71, "cpu_percent": 22.7, "learning_rate": 0.00025, "loss_mean": 0.33, "n_updates": 0}, {"reward": 700, "eps": 0.3323, "len": 151, "time": 8175.52, "timesteps": 296846, "cpu_memory": 6.71, "cpu_percent": 22.7, "learning_rate": 0.00025, "loss_mean": 0.37, "n_updates": 0}, {"reward": 1030, "eps": 0.3318, "len": 246, "time": 8182.74, "timesteps": 297092, "cpu_memory": 6.71, "cpu_percent": 22.7, "learning_rate": 0.00025, "loss_mean": 0.36, "n_updates": 0}, {"reward": 980, "eps": 0.3313, "len": 237, "time": 8189.67, "timesteps": 297329, "cpu_memory": 6.72, "cpu_percent": 22.8, "learning_rate": 0.00025, "loss_mean": 0.33, "n_updates": 0}, {"reward": 860, "eps": 0.3308, "len": 189, "time": 8195.23, "timesteps": 297518, "cpu_memory": 6.72, "cpu_percent": 22.8, "learning_rate": 0.00025, "loss_mean": 0.32, "n_updates": 0}, {"reward": 1010, "eps": 0.3303, "len": 252, "time": 8202.6, "timesteps": 297770, "cpu_memory": 6.72, "cpu_percent": 22.8, "learning_rate": 0.00025, "loss_mean": 0.34, "n_updates": 0}, {"reward": 460, "eps": 0.3299, "len": 121, "time": 8206.21, "timesteps": 297891, "cpu_memory": 6.72, "cpu_percent": 22.8, "learning_rate": 0.00025, "loss_mean": 0.36, "n_updates": 0}, {"reward": 350, "eps": 0.3296, "len": 130, "time": 8210.21, "timesteps": 298021, "cpu_memory": 6.72, "cpu_percent": 22.8, "learning_rate": 0.00025, "loss_mean": 0.33, "n_updates": 0}, {"reward": 840, "eps": 0.3292, "len": 249, "time": 8217.47, "timesteps": 298270, "cpu_memory": 6.72, "cpu_percent": 22.8, "learning_rate": 0.00025, "loss_mean": 0.33, "n_updates": 0}, {"reward": 540, "eps": 0.3287, "len": 146, "time": 8221.73, "timesteps": 298416, "cpu_memory": 6.72, "cpu_percent": 22.8, "learning_rate": 0.00025, "loss_mean": 0.36, "n_updates": 0}, {"reward": 600, "eps": 0.3283, "len": 191, "time": 8227.29, "timesteps": 298607, "cpu_memory": 6.73, "cpu_percent": 22.8, "learning_rate": 0.00025, "loss_mean": 0.34, "n_updates": 0}, {"reward": 550, "eps": 0.328, "len": 134, "time": 8231.21, "timesteps": 298741, "cpu_memory": 6.73, "cpu_percent": 22.8, "learning_rate": 0.00025, "loss_mean": 0.37, "n_updates": 0}, {"reward": 780, "eps": 0.3276, "len": 206, "time": 8237.31, "timesteps": 298947, "cpu_memory": 6.73, "cpu_percent": 22.8, "learning_rate": 0.00025, "loss_mean": 0.35, "n_updates": 0}, {"reward": 620, "eps": 0.3271, "len": 202, "time": 8243.31, "timesteps": 299149, "cpu_memory": 6.73, "cpu_percent": 22.9, "learning_rate": 0.00025, "loss_mean": 0.33, "n_updates": 0}, {"reward": 850, "eps": 0.3267, "len": 205, "time": 8249.36, "timesteps": 299354, "cpu_memory": 6.73, "cpu_percent": 22.9, "learning_rate": 0.00025, "loss_mean": 0.38, "n_updates": 0}, {"reward": 560, "eps": 0.3263, "len": 173, "time": 8254.51, "timesteps": 299527, "cpu_memory": 6.73, "cpu_percent": 22.9, "learning_rate": 0.00025, "loss_mean": 0.37, "n_updates": 0}]