[{"reward": 770, "eps": 0.1, "len": 191, "time": 20739.49, "timesteps": 709767, "cpu_memory": 9.91, "cpu_percent": 33.0, "learning_rate": 0.00025, "loss_mean": 0.22, "n_updates": 0}, {"reward": 1300, "eps": 0.1, "len": 710012, "time": 20747.35, "timesteps": 710012, "cpu_memory": 9.91, "cpu_percent": 33.0, "learning_rate": 0.00025, "loss_mean": 0.21, "n_updates": 0}, {"reward": 750, "eps": 0.1, "len": 242, "time": 20754.35, "timesteps": 710254, "cpu_memory": 9.91, "cpu_percent": 33.0, "learning_rate": 0.00025, "loss_mean": 0.21, "n_updates": 0}, {"reward": 560, "eps": 0.1, "len": 128, "time": 20758.08, "timesteps": 710382, "cpu_memory": 9.91, "cpu_percent": 33.0, "learning_rate": 0.00025, "loss_mean": 0.21, "n_updates": 0}, {"reward": 1160, "eps": 0.1, "len": 260, "time": 20765.78, "timesteps": 710642, "cpu_memory": 9.91, "cpu_percent": 33.0, "learning_rate": 0.00025, "loss_mean": 0.21, "n_updates": 0}, {"reward": 520, "eps": 0.1, "len": 187, "time": 20771.2, "timesteps": 710829, "cpu_memory": 9.91, "cpu_percent": 33.0, "learning_rate": 0.00025, "loss_mean": 0.21, "n_updates": 0}, {"reward": 610, "eps": 0.1, "len": 185, "time": 20776.81, "timesteps": 711014, "cpu_memory": 9.91, "cpu_percent": 33.1, "learning_rate": 0.00025, "loss_mean": 0.2, "n_updates": 0}, {"reward": 750, "eps": 0.1, "len": 171, "time": 20781.78, "timesteps": 711185, "cpu_memory": 9.92, "cpu_percent": 33.1, "learning_rate": 0.00025, "loss_mean": 0.22, "n_updates": 0}, {"reward": 830, "eps": 0.1, "len": 232, "time": 20788.42, "timesteps": 711417, "cpu_memory": 9.92, "cpu_percent": 33.1, "learning_rate": 0.00025, "loss_mean": 0.21, "n_updates": 0}, {"reward": 1120, "eps": 0.1, "len": 247, "time": 20795.6, "timesteps": 711664, "cpu_memory": 9.92, "cpu_percent": 33.1, "learning_rate": 0.00025, "loss_mean": 0.21, "n_updates": 0}, {"reward": 810, "eps": 0.1, "len": 154, "time": 20800.12, "timesteps": 711818, "cpu_memory": 9.92, "cpu_percent": 33.1, "learning_rate": 0.00025, "loss_mean": 0.2, "n_updates": 0}, {"reward": 630, "eps": 0.1, "len": 194, "time": 20805.95, "timesteps": 712012, "cpu_memory": 9.92, "cpu_percent": 33.1, "learning_rate": 0.00025, "loss_mean": 0.19, "n_updates": 0}, {"reward": 1350, "eps": 0.1, "len": 360, "time": 20816.36, "timesteps": 712372, "cpu_memory": 9.93, "cpu_percent": 33.1, "learning_rate": 0.00025, "loss_mean": 0.21, "n_updates": 0}, {"reward": 1270, "eps": 0.1, "len": 269, "time": 20824.23, "timesteps": 712641, "cpu_memory": 9.93, "cpu_percent": 33.1, "learning_rate": 0.00025, "loss_mean": 0.21, "n_updates": 0}, {"reward": 890, "eps": 0.1, "len": 222, "time": 20830.72, "timesteps": 712863, "cpu_memory": 9.93, "cpu_percent": 33.1, "learning_rate": 0.00025, "loss_mean": 0.21, "n_updates": 0}, {"reward": 570, "eps": 0.1, "len": 162, "time": 20835.68, "timesteps": 713025, "cpu_memory": 9.93, "cpu_percent": 33.1, "learning_rate": 0.00025, "loss_mean": 0.2, "n_updates": 0}, {"reward": 930, "eps": 0.1, "len": 217, "time": 20842.04, "timesteps": 713242, "cpu_memory": 9.93, "cpu_percent": 33.1, "learning_rate": 0.00025, "loss_mean": 0.21, "n_updates": 0}, {"reward": 740, "eps": 0.1, "len": 203, "time": 20847.9, "timesteps": 713445, "cpu_memory": 9.93, "cpu_percent": 33.1, "learning_rate": 0.00025, "loss_mean": 0.21, "n_updates": 0}, {"reward": 1390, "eps": 0.1, "len": 295, "time": 20856.56, "timesteps": 713740, "cpu_memory": 9.94, "cpu_percent": 33.1, "learning_rate": 0.00025, "loss_mean": 0.21, "n_updates": 0}, {"reward": 560, "eps": 0.1, "len": 183, "time": 20861.85, "timesteps": 713923, "cpu_memory": 9.94, "cpu_percent": 33.1, "learning_rate": 0.00025, "loss_mean": 0.21, "n_updates": 0}, {"reward": 1480, "eps": 0.1, "len": 325, "time": 20871.42, "timesteps": 714248, "cpu_memory": 9.94, "cpu_percent": 33.1, "learning_rate": 0.00025, "loss_mean": 0.2, "n_updates": 0}, {"reward": 470, "eps": 0.1, "len": 123, "time": 20875.05, "timesteps": 714371, "cpu_memory": 9.94, "cpu_percent": 33.2, "learning_rate": 0.00025, "loss_mean": 0.2, "n_updates": 0}, {"reward": 1030, "eps": 0.1, "len": 228, "time": 20881.61, "timesteps": 714599, "cpu_memory": 9.94, "cpu_percent": 33.2, "learning_rate": 0.00025, "loss_mean": 0.21, "n_updates": 0}, {"reward": 880, "eps": 0.1, "len": 265, "time": 20889.26, "timesteps": 714864, "cpu_memory": 9.94, "cpu_percent": 33.2, "learning_rate": 0.00025, "loss_mean": 0.21, "n_updates": 0}, {"reward": 450, "eps": 0.1, "len": 151, "time": 20893.6, "timesteps": 715015, "cpu_memory": 9.95, "cpu_percent": 33.2, "learning_rate": 0.00025, "loss_mean": 0.21, "n_updates": 0}, {"reward": 1040, "eps": 0.1, "len": 256, "time": 20901.19, "timesteps": 715271, "cpu_memory": 9.95, "cpu_percent": 33.2, "learning_rate": 0.00025, "loss_mean": 0.21, "n_updates": 0}, {"reward": 1060, "eps": 0.1, "len": 290, "time": 20909.55, "timesteps": 715561, "cpu_memory": 9.95, "cpu_percent": 33.2, "learning_rate": 0.00025, "loss_mean": 0.2, "n_updates": 0}, {"reward": 810, "eps": 0.1, "len": 276, "time": 20917.53, "timesteps": 715837, "cpu_memory": 9.95, "cpu_percent": 33.2, "learning_rate": 0.00025, "loss_mean": 0.21, "n_updates": 0}, {"reward": 920, "eps": 0.1, "len": 239, "time": 20924.48, "timesteps": 716076, "cpu_memory": 9.95, "cpu_percent": 33.2, "learning_rate": 0.00025, "loss_mean": 0.21, "n_updates": 0}, {"reward": 900, "eps": 0.1, "len": 214, "time": 20930.84, "timesteps": 716290, "cpu_memory": 9.96, "cpu_percent": 33.2, "learning_rate": 0.00025, "loss_mean": 0.2, "n_updates": 0}, {"reward": 1140, "eps": 0.1, "len": 261, "time": 20938.57, "timesteps": 716551, "cpu_memory": 9.96, "cpu_percent": 33.2, "learning_rate": 0.00025, "loss_mean": 0.2, "n_updates": 0}, {"reward": 810, "eps": 0.1, "len": 195, "time": 20944.21, "timesteps": 716746, "cpu_memory": 9.96, "cpu_percent": 33.2, "learning_rate": 0.00025, "loss_mean": 0.2, "n_updates": 0}, {"reward": 440, "eps": 0.1, "len": 161, "time": 20948.85, "timesteps": 716907, "cpu_memory": 9.96, "cpu_percent": 33.2, "learning_rate": 0.00025, "loss_mean": 0.2, "n_updates": 0}, {"reward": 760, "eps": 0.1, "len": 222, "time": 20955.27, "timesteps": 717129, "cpu_memory": 9.96, "cpu_percent": 33.2, "learning_rate": 0.00025, "loss_mean": 0.21, "n_updates": 0}, {"reward": 1000, "eps": 0.1, "len": 257, "time": 20962.88, "timesteps": 717386, "cpu_memory": 9.96, "cpu_percent": 33.2, "learning_rate": 0.00025, "loss_mean": 0.2, "n_updates": 0}, {"reward": 1150, "eps": 0.1, "len": 285, "time": 20971.13, "timesteps": 717671, "cpu_memory": 9.97, "cpu_percent": 33.2, "learning_rate": 0.00025, "loss_mean": 0.2, "n_updates": 0}, {"reward": 620, "eps": 0.1, "len": 172, "time": 20976.19, "timesteps": 717843, "cpu_memory": 9.97, "cpu_percent": 33.2, "learning_rate": 0.00025, "loss_mean": 0.21, "n_updates": 0}, {"reward": 1330, "eps": 0.1, "len": 282, "time": 20984.33, "timesteps": 718125, "cpu_memory": 9.97, "cpu_percent": 33.2, "learning_rate": 0.00025, "loss_mean": 0.2, "n_updates": 0}, {"reward": 480, "eps": 0.1, "len": 170, "time": 20989.22, "timesteps": 718295, "cpu_memory": 9.97, "cpu_percent": 33.2, "learning_rate": 0.00025, "loss_mean": 0.2, "n_updates": 0}, {"reward": 800, "eps": 0.1, "len": 242, "time": 20996.47, "timesteps": 718537, "cpu_memory": 9.97, "cpu_percent": 33.2, "learning_rate": 0.00025, "loss_mean": 0.2, "n_updates": 0}, {"reward": 600, "eps": 0.1, "len": 150, "time": 21000.79, "timesteps": 718687, "cpu_memory": 9.97, "cpu_percent": 33.2, "learning_rate": 0.00025, "loss_mean": 0.21, "n_updates": 0}, {"reward": 1560, "eps": 0.1, "len": 360, "time": 21011.19, "timesteps": 719047, "cpu_memory": 9.98, "cpu_percent": 33.2, "learning_rate": 0.00025, "loss_mean": 0.21, "n_updates": 0}, {"reward": 860, "eps": 0.1, "len": 210, "time": 21017.41, "timesteps": 719257, "cpu_memory": 9.98, "cpu_percent": 33.2, "learning_rate": 0.00025, "loss_mean": 0.21, "n_updates": 0}, {"reward": 760, "eps": 0.1, "len": 178, "time": 21022.57, "timesteps": 719435, "cpu_memory": 9.98, "cpu_percent": 33.3, "learning_rate": 0.00025, "loss_mean": 0.19, "n_updates": 0}, {"reward": 1060, "eps": 0.1, "len": 206, "time": 21028.91, "timesteps": 719641, "cpu_memory": 9.98, "cpu_percent": 33.3, "learning_rate": 0.00025, "loss_mean": 0.21, "n_updates": 0}]