[{"reward": 820, "eps": 0.1, "len": 200, "time": 28063.84, "timesteps": 959924, "cpu_memory": 11.86, "cpu_percent": 39.4, "learning_rate": 0.00025, "loss_mean": 0.2, "n_updates": 0}, {"reward": 1030, "eps": 0.1, "len": 960218, "time": 28073.12, "timesteps": 960218, "cpu_memory": 11.86, "cpu_percent": 39.3, "learning_rate": 0.00025, "loss_mean": 0.22, "n_updates": 0}, {"reward": 1500, "eps": 0.1, "len": 294, "time": 28081.77, "timesteps": 960512, "cpu_memory": 11.86, "cpu_percent": 39.3, "learning_rate": 0.00025, "loss_mean": 0.2, "n_updates": 0}, {"reward": 320, "eps": 0.1, "len": 157, "time": 28086.39, "timesteps": 960669, "cpu_memory": 11.86, "cpu_percent": 39.3, "learning_rate": 0.00025, "loss_mean": 0.21, "n_updates": 0}, {"reward": 1290, "eps": 0.1, "len": 261, "time": 28093.95, "timesteps": 960930, "cpu_memory": 11.87, "cpu_percent": 39.3, "learning_rate": 0.00025, "loss_mean": 0.21, "n_updates": 0}, {"reward": 1270, "eps": 0.1, "len": 311, "time": 28103.22, "timesteps": 961241, "cpu_memory": 11.87, "cpu_percent": 39.4, "learning_rate": 0.00025, "loss_mean": 0.21, "n_updates": 0}, {"reward": 660, "eps": 0.1, "len": 179, "time": 28108.44, "timesteps": 961420, "cpu_memory": 11.87, "cpu_percent": 39.4, "learning_rate": 0.00025, "loss_mean": 0.2, "n_updates": 0}, {"reward": 670, "eps": 0.1, "len": 174, "time": 28113.49, "timesteps": 961594, "cpu_memory": 11.87, "cpu_percent": 39.4, "learning_rate": 0.00025, "loss_mean": 0.21, "n_updates": 0}, {"reward": 1160, "eps": 0.1, "len": 245, "time": 28120.63, "timesteps": 961839, "cpu_memory": 11.87, "cpu_percent": 39.4, "learning_rate": 0.00025, "loss_mean": 0.2, "n_updates": 0}, {"reward": 870, "eps": 0.1, "len": 226, "time": 28127.24, "timesteps": 962065, "cpu_memory": 11.87, "cpu_percent": 39.4, "learning_rate": 0.00025, "loss_mean": 0.21, "n_updates": 0}, {"reward": 900, "eps": 0.1, "len": 220, "time": 28133.92, "timesteps": 962285, "cpu_memory": 11.88, "cpu_percent": 39.4, "learning_rate": 0.00025, "loss_mean": 0.22, "n_updates": 0}, {"reward": 1440, "eps": 0.1, "len": 403, "time": 28145.55, "timesteps": 962688, "cpu_memory": 11.88, "cpu_percent": 39.4, "learning_rate": 0.00025, "loss_mean": 0.2, "n_updates": 0}, {"reward": 980, "eps": 0.1, "len": 237, "time": 28152.35, "timesteps": 962925, "cpu_memory": 11.88, "cpu_percent": 39.4, "learning_rate": 0.00025, "loss_mean": 0.2, "n_updates": 0}, {"reward": 550, "eps": 0.1, "len": 164, "time": 28157.2, "timesteps": 963089, "cpu_memory": 11.88, "cpu_percent": 39.4, "learning_rate": 0.00025, "loss_mean": 0.2, "n_updates": 0}, {"reward": 900, "eps": 0.1, "len": 217, "time": 28163.59, "timesteps": 963306, "cpu_memory": 11.88, "cpu_percent": 39.4, "learning_rate": 0.00025, "loss_mean": 0.21, "n_updates": 0}, {"reward": 1040, "eps": 0.1, "len": 272, "time": 28171.66, "timesteps": 963578, "cpu_memory": 11.89, "cpu_percent": 39.5, "learning_rate": 0.00025, "loss_mean": 0.2, "n_updates": 0}, {"reward": 990, "eps": 0.1, "len": 254, "time": 28179.04, "timesteps": 963832, "cpu_memory": 11.89, "cpu_percent": 39.5, "learning_rate": 0.00025, "loss_mean": 0.21, "n_updates": 0}, {"reward": 1070, "eps": 0.1, "len": 227, "time": 28185.59, "timesteps": 964059, "cpu_memory": 11.89, "cpu_percent": 39.5, "learning_rate": 0.00025, "loss_mean": 0.21, "n_updates": 0}, {"reward": 1020, "eps": 0.1, "len": 237, "time": 28192.49, "timesteps": 964296, "cpu_memory": 11.89, "cpu_percent": 39.5, "learning_rate": 0.00025, "loss_mean": 0.2, "n_updates": 0}, {"reward": 1080, "eps": 0.1, "len": 228, "time": 28199.26, "timesteps": 964524, "cpu_memory": 11.89, "cpu_percent": 39.5, "learning_rate": 0.00025, "loss_mean": 0.21, "n_updates": 0}, {"reward": 1080, "eps": 0.1, "len": 291, "time": 28207.79, "timesteps": 964815, "cpu_memory": 11.9, "cpu_percent": 39.5, "learning_rate": 0.00025, "loss_mean": 0.21, "n_updates": 0}, {"reward": 980, "eps": 0.1, "len": 223, "time": 28214.27, "timesteps": 965038, "cpu_memory": 11.9, "cpu_percent": 39.5, "learning_rate": 0.00025, "loss_mean": 0.2, "n_updates": 0}, {"reward": 680, "eps": 0.1, "len": 170, "time": 28219.2, "timesteps": 965208, "cpu_memory": 11.9, "cpu_percent": 39.5, "learning_rate": 0.00025, "loss_mean": 0.21, "n_updates": 0}, {"reward": 1180, "eps": 0.1, "len": 295, "time": 28227.9, "timesteps": 965503, "cpu_memory": 11.9, "cpu_percent": 39.5, "learning_rate": 0.00025, "loss_mean": 0.21, "n_updates": 0}, {"reward": 440, "eps": 0.1, "len": 136, "time": 28231.87, "timesteps": 965639, "cpu_memory": 11.9, "cpu_percent": 39.5, "learning_rate": 0.00025, "loss_mean": 0.21, "n_updates": 0}, {"reward": 490, "eps": 0.1, "len": 136, "time": 28235.92, "timesteps": 965775, "cpu_memory": 11.9, "cpu_percent": 39.5, "learning_rate": 0.00025, "loss_mean": 0.2, "n_updates": 0}, {"reward": 870, "eps": 0.1, "len": 160, "time": 28240.65, "timesteps": 965935, "cpu_memory": 11.9, "cpu_percent": 39.5, "learning_rate": 0.00025, "loss_mean": 0.21, "n_updates": 0}, {"reward": 1520, "eps": 0.1, "len": 310, "time": 28249.54, "timesteps": 966245, "cpu_memory": 11.91, "cpu_percent": 39.5, "learning_rate": 0.00025, "loss_mean": 0.2, "n_updates": 0}, {"reward": 590, "eps": 0.1, "len": 167, "time": 28254.48, "timesteps": 966412, "cpu_memory": 11.91, "cpu_percent": 39.5, "learning_rate": 0.00025, "loss_mean": 0.21, "n_updates": 0}, {"reward": 770, "eps": 0.1, "len": 170, "time": 28259.52, "timesteps": 966582, "cpu_memory": 11.91, "cpu_percent": 39.5, "learning_rate": 0.00025, "loss_mean": 0.21, "n_updates": 0}, {"reward": 1120, "eps": 0.1, "len": 229, "time": 28266.33, "timesteps": 966811, "cpu_memory": 11.91, "cpu_percent": 39.5, "learning_rate": 0.00025, "loss_mean": 0.21, "n_updates": 0}, {"reward": 560, "eps": 0.1, "len": 139, "time": 28270.45, "timesteps": 966950, "cpu_memory": 11.91, "cpu_percent": 39.5, "learning_rate": 0.00025, "loss_mean": 0.22, "n_updates": 0}, {"reward": 820, "eps": 0.1, "len": 223, "time": 28276.94, "timesteps": 967173, "cpu_memory": 11.91, "cpu_percent": 39.5, "learning_rate": 0.00025, "loss_mean": 0.2, "n_updates": 0}, {"reward": 770, "eps": 0.1, "len": 149, "time": 28281.3, "timesteps": 967322, "cpu_memory": 11.92, "cpu_percent": 39.5, "learning_rate": 0.00025, "loss_mean": 0.2, "n_updates": 0}, {"reward": 660, "eps": 0.1, "len": 195, "time": 28287.16, "timesteps": 967517, "cpu_memory": 11.92, "cpu_percent": 39.5, "learning_rate": 0.00025, "loss_mean": 0.21, "n_updates": 0}, {"reward": 1030, "eps": 0.1, "len": 250, "time": 28294.57, "timesteps": 967767, "cpu_memory": 11.92, "cpu_percent": 39.5, "learning_rate": 0.00025, "loss_mean": 0.21, "n_updates": 0}, {"reward": 550, "eps": 0.1, "len": 150, "time": 28298.97, "timesteps": 967917, "cpu_memory": 11.92, "cpu_percent": 39.5, "learning_rate": 0.00025, "loss_mean": 0.21, "n_updates": 0}, {"reward": 610, "eps": 0.1, "len": 156, "time": 28303.54, "timesteps": 968073, "cpu_memory": 11.92, "cpu_percent": 39.5, "learning_rate": 0.00025, "loss_mean": 0.2, "n_updates": 0}, {"reward": 880, "eps": 0.1, "len": 213, "time": 28309.74, "timesteps": 968286, "cpu_memory": 11.92, "cpu_percent": 39.5, "learning_rate": 0.00025, "loss_mean": 0.2, "n_updates": 0}, {"reward": 910, "eps": 0.1, "len": 239, "time": 28316.7, "timesteps": 968525, "cpu_memory": 11.93, "cpu_percent": 39.5, "learning_rate": 0.00025, "loss_mean": 0.2, "n_updates": 0}, {"reward": 990, "eps": 0.1, "len": 250, "time": 28324.24, "timesteps": 968775, "cpu_memory": 11.93, "cpu_percent": 39.5, "learning_rate": 0.00025, "loss_mean": 0.2, "n_updates": 0}, {"reward": 780, "eps": 0.1, "len": 198, "time": 28330.04, "timesteps": 968973, "cpu_memory": 11.93, "cpu_percent": 39.5, "learning_rate": 0.00025, "loss_mean": 0.21, "n_updates": 0}, {"reward": 780, "eps": 0.1, "len": 175, "time": 28335.16, "timesteps": 969148, "cpu_memory": 11.93, "cpu_percent": 39.6, "learning_rate": 0.00025, "loss_mean": 0.21, "n_updates": 0}, {"reward": 780, "eps": 0.1, "len": 188, "time": 28340.68, "timesteps": 969336, "cpu_memory": 11.93, "cpu_percent": 39.6, "learning_rate": 0.00025, "loss_mean": 0.22, "n_updates": 0}, {"reward": 760, "eps": 0.1, "len": 170, "time": 28345.73, "timesteps": 969506, "cpu_memory": 11.93, "cpu_percent": 39.6, "learning_rate": 0.00025, "loss_mean": 0.21, "n_updates": 0}]