[{"reward": 380, "eps": 0.7535, "len": 151, "time": 2913.08, "timesteps": 109630, "cpu_memory": 5.43, "cpu_percent": 18.7, "learning_rate": 0.00025, "loss_mean": 0.34, "n_updates": 0}, {"reward": 570, "eps": 0.7531, "len": 178, "time": 2917.94, "timesteps": 109808, "cpu_memory": 5.43, "cpu_percent": 18.7, "learning_rate": 0.00025, "loss_mean": 0.3, "n_updates": 0}, {"reward": 500, "eps": 0.7527, "len": 196, "time": 2923.9, "timesteps": 110004, "cpu_memory": 5.43, "cpu_percent": 18.7, "learning_rate": 0.00025, "loss_mean": 0.34, "n_updates": 0}, {"reward": 720, "eps": 0.7522, "len": 231, "time": 2930.18, "timesteps": 110235, "cpu_memory": 5.43, "cpu_percent": 18.7, "learning_rate": 0.00025, "loss_mean": 0.39, "n_updates": 0}, {"reward": 930, "eps": 0.7516, "len": 296, "time": 2938.28, "timesteps": 110531, "cpu_memory": 5.44, "cpu_percent": 18.7, "learning_rate": 0.00025, "loss_mean": 0.32, "n_updates": 0}, {"reward": 320, "eps": 0.7511, "len": 154, "time": 2942.54, "timesteps": 110685, "cpu_memory": 5.44, "cpu_percent": 18.7, "learning_rate": 0.00025, "loss_mean": 0.25, "n_updates": 0}, {"reward": 470, "eps": 0.7508, "len": 136, "time": 2946.21, "timesteps": 110821, "cpu_memory": 5.44, "cpu_percent": 18.7, "learning_rate": 0.00025, "loss_mean": 0.31, "n_updates": 0}, {"reward": 430, "eps": 0.7505, "len": 154, "time": 2950.4, "timesteps": 110975, "cpu_memory": 5.44, "cpu_percent": 18.7, "learning_rate": 0.00025, "loss_mean": 0.3, "n_updates": 0}, {"reward": 610, "eps": 0.7501, "len": 186, "time": 2955.32, "timesteps": 111161, "cpu_memory": 5.44, "cpu_percent": 18.7, "learning_rate": 0.00025, "loss_mean": 0.29, "n_updates": 0}, {"reward": 370, "eps": 0.7497, "len": 134, "time": 2959.05, "timesteps": 111295, "cpu_memory": 5.44, "cpu_percent": 18.7, "learning_rate": 0.00025, "loss_mean": 0.42, "n_updates": 0}, {"reward": 560, "eps": 0.7494, "len": 198, "time": 2964.43, "timesteps": 111493, "cpu_memory": 5.44, "cpu_percent": 18.7, "learning_rate": 0.00025, "loss_mean": 0.42, "n_updates": 0}, {"reward": 590, "eps": 0.7489, "len": 180, "time": 2969.24, "timesteps": 111673, "cpu_memory": 5.44, "cpu_percent": 18.7, "learning_rate": 0.00025, "loss_mean": 0.55, "n_updates": 0}, {"reward": 430, "eps": 0.7486, "len": 138, "time": 2973.19, "timesteps": 111811, "cpu_memory": 5.44, "cpu_percent": 18.7, "learning_rate": 0.00025, "loss_mean": 0.58, "n_updates": 0}, {"reward": 330, "eps": 0.7482, "len": 155, "time": 2977.41, "timesteps": 111966, "cpu_memory": 5.44, "cpu_percent": 18.7, "learning_rate": 0.00025, "loss_mean": 0.3, "n_updates": 0}, {"reward": 760, "eps": 0.7478, "len": 242, "time": 2983.87, "timesteps": 112208, "cpu_memory": 5.45, "cpu_percent": 18.7, "learning_rate": 0.00025, "loss_mean": 0.56, "n_updates": 0}, {"reward": 370, "eps": 0.7474, "len": 146, "time": 2987.85, "timesteps": 112354, "cpu_memory": 5.45, "cpu_percent": 18.7, "learning_rate": 0.00025, "loss_mean": 0.29, "n_updates": 0}, {"reward": 310, "eps": 0.7471, "len": 124, "time": 2991.25, "timesteps": 112478, "cpu_memory": 5.45, "cpu_percent": 18.7, "learning_rate": 0.00025, "loss_mean": 0.29, "n_updates": 0}, {"reward": 430, "eps": 0.7467, "len": 176, "time": 2996.03, "timesteps": 112654, "cpu_memory": 5.45, "cpu_percent": 18.7, "learning_rate": 0.00025, "loss_mean": 0.4, "n_updates": 0}, {"reward": 490, "eps": 0.7464, "len": 156, "time": 3000.25, "timesteps": 112810, "cpu_memory": 5.45, "cpu_percent": 18.7, "learning_rate": 0.00025, "loss_mean": 0.36, "n_updates": 0}, {"reward": 390, "eps": 0.746, "len": 177, "time": 3005.26, "timesteps": 112987, "cpu_memory": 5.45, "cpu_percent": 18.7, "learning_rate": 0.00025, "loss_mean": 0.29, "n_updates": 0}, {"reward": 340, "eps": 0.7456, "len": 152, "time": 3009.29, "timesteps": 113139, "cpu_memory": 5.45, "cpu_percent": 18.7, "learning_rate": 0.00025, "loss_mean": 0.24, "n_updates": 0}, {"reward": 450, "eps": 0.7453, "len": 137, "time": 3012.91, "timesteps": 113276, "cpu_memory": 5.45, "cpu_percent": 18.7, "learning_rate": 0.00025, "loss_mean": 0.26, "n_updates": 0}, {"reward": 410, "eps": 0.7449, "len": 160, "time": 3017.32, "timesteps": 113436, "cpu_memory": 5.45, "cpu_percent": 18.7, "learning_rate": 0.00025, "loss_mean": 0.25, "n_updates": 0}, {"reward": 590, "eps": 0.7445, "len": 198, "time": 3022.74, "timesteps": 113634, "cpu_memory": 5.46, "cpu_percent": 18.7, "learning_rate": 0.00025, "loss_mean": 0.26, "n_updates": 0}, {"reward": 520, "eps": 0.744, "len": 244, "time": 3029.25, "timesteps": 113878, "cpu_memory": 5.46, "cpu_percent": 18.7, "learning_rate": 0.00025, "loss_mean": 0.31, "n_updates": 0}, {"reward": 700, "eps": 0.7435, "len": 226, "time": 3035.51, "timesteps": 114104, "cpu_memory": 5.46, "cpu_percent": 18.8, "learning_rate": 0.00025, "loss_mean": 0.3, "n_updates": 0}, {"reward": 530, "eps": 0.7431, "len": 153, "time": 3039.62, "timesteps": 114257, "cpu_memory": 5.46, "cpu_percent": 18.8, "learning_rate": 0.00025, "loss_mean": 0.35, "n_updates": 0}, {"reward": 330, "eps": 0.7428, "len": 145, "time": 3043.48, "timesteps": 114402, "cpu_memory": 5.46, "cpu_percent": 18.8, "learning_rate": 0.00025, "loss_mean": 0.41, "n_updates": 0}, {"reward": 850, "eps": 0.7423, "len": 236, "time": 3049.93, "timesteps": 114638, "cpu_memory": 5.46, "cpu_percent": 18.8, "learning_rate": 0.00025, "loss_mean": 0.33, "n_updates": 0}, {"reward": 860, "eps": 0.7417, "len": 296, "time": 3057.88, "timesteps": 114934, "cpu_memory": 5.46, "cpu_percent": 18.8, "learning_rate": 0.00025, "loss_mean": 0.3, "n_updates": 0}, {"reward": 530, "eps": 0.7412, "len": 191, "time": 3063.12, "timesteps": 115125, "cpu_memory": 5.46, "cpu_percent": 18.8, "learning_rate": 0.00025, "loss_mean": 0.3, "n_updates": 0}, {"reward": 590, "eps": 0.7407, "len": 210, "time": 3068.86, "timesteps": 115335, "cpu_memory": 5.47, "cpu_percent": 18.8, "learning_rate": 0.00025, "loss_mean": 0.35, "n_updates": 0}, {"reward": 830, "eps": 0.7402, "len": 233, "time": 3075.07, "timesteps": 115568, "cpu_memory": 5.47, "cpu_percent": 18.8, "learning_rate": 0.00025, "loss_mean": 0.44, "n_updates": 0}, {"reward": 580, "eps": 0.7397, "len": 275, "time": 3082.42, "timesteps": 115843, "cpu_memory": 5.47, "cpu_percent": 18.8, "learning_rate": 0.00025, "loss_mean": 0.4, "n_updates": 0}, {"reward": 500, "eps": 0.7392, "len": 141, "time": 3086.2, "timesteps": 115984, "cpu_memory": 5.47, "cpu_percent": 18.8, "learning_rate": 0.00025, "loss_mean": 0.41, "n_updates": 0}, {"reward": 880, "eps": 0.7388, "len": 237, "time": 3092.57, "timesteps": 116221, "cpu_memory": 5.47, "cpu_percent": 18.8, "learning_rate": 0.00025, "loss_mean": 0.52, "n_updates": 0}, {"reward": 360, "eps": 0.7384, "len": 119, "time": 3095.88, "timesteps": 116340, "cpu_memory": 5.47, "cpu_percent": 18.8, "learning_rate": 0.00025, "loss_mean": 0.43, "n_updates": 0}, {"reward": 680, "eps": 0.738, "len": 241, "time": 3102.48, "timesteps": 116581, "cpu_memory": 5.47, "cpu_percent": 18.8, "learning_rate": 0.00025, "loss_mean": 0.4, "n_updates": 0}, {"reward": 410, "eps": 0.7375, "len": 139, "time": 3106.21, "timesteps": 116720, "cpu_memory": 5.48, "cpu_percent": 18.8, "learning_rate": 0.00025, "loss_mean": 0.29, "n_updates": 0}, {"reward": 420, "eps": 0.7372, "len": 135, "time": 3109.84, "timesteps": 116855, "cpu_memory": 5.48, "cpu_percent": 18.8, "learning_rate": 0.00025, "loss_mean": 0.25, "n_updates": 0}, {"reward": 370, "eps": 0.7369, "len": 130, "time": 3113.33, "timesteps": 116985, "cpu_memory": 5.48, "cpu_percent": 18.8, "learning_rate": 0.00025, "loss_mean": 0.28, "n_updates": 0}, {"reward": 300, "eps": 0.7367, "len": 101, "time": 3116.05, "timesteps": 117086, "cpu_memory": 5.48, "cpu_percent": 18.8, "learning_rate": 0.00025, "loss_mean": 0.3, "n_updates": 0}, {"reward": 350, "eps": 0.7364, "len": 141, "time": 3119.78, "timesteps": 117227, "cpu_memory": 5.48, "cpu_percent": 18.8, "learning_rate": 0.00025, "loss_mean": 0.32, "n_updates": 0}, {"reward": 670, "eps": 0.736, "len": 203, "time": 3125.25, "timesteps": 117430, "cpu_memory": 5.48, "cpu_percent": 18.8, "learning_rate": 0.00025, "loss_mean": 0.29, "n_updates": 0}, {"reward": 290, "eps": 0.7356, "len": 133, "time": 3128.97, "timesteps": 117563, "cpu_memory": 5.48, "cpu_percent": 18.8, "learning_rate": 0.00025, "loss_mean": 0.26, "n_updates": 0}, {"reward": 660, "eps": 0.7352, "len": 250, "time": 3135.67, "timesteps": 117813, "cpu_memory": 5.48, "cpu_percent": 18.8, "learning_rate": 0.00025, "loss_mean": 0.31, "n_updates": 0}, {"reward": 490, "eps": 0.7348, "len": 140, "time": 3139.45, "timesteps": 117953, "cpu_memory": 5.48, "cpu_percent": 18.8, "learning_rate": 0.00025, "loss_mean": 0.29, "n_updates": 0}, {"reward": 400, "eps": 0.7344, "len": 155, "time": 3143.8, "timesteps": 118108, "cpu_memory": 5.48, "cpu_percent": 18.8, "learning_rate": 0.00025, "loss_mean": 0.31, "n_updates": 0}, {"reward": 390, "eps": 0.7341, "len": 150, "time": 3147.91, "timesteps": 118258, "cpu_memory": 5.49, "cpu_percent": 18.8, "learning_rate": 0.00025, "loss_mean": 0.26, "n_updates": 0}, {"reward": 490, "eps": 0.7337, "len": 163, "time": 3152.29, "timesteps": 118421, "cpu_memory": 5.49, "cpu_percent": 18.8, "learning_rate": 0.00025, "loss_mean": 0.25, "n_updates": 0}, {"reward": 690, "eps": 0.7334, "len": 164, "time": 3156.72, "timesteps": 118585, "cpu_memory": 5.49, "cpu_percent": 18.9, "learning_rate": 0.00025, "loss_mean": 0.26, "n_updates": 0}, {"reward": 440, "eps": 0.733, "len": 150, "time": 3160.86, "timesteps": 118735, "cpu_memory": 5.49, "cpu_percent": 18.9, "learning_rate": 0.00025, "loss_mean": 0.25, "n_updates": 0}, {"reward": 720, "eps": 0.7325, "len": 337, "time": 3169.77, "timesteps": 119072, "cpu_memory": 5.49, "cpu_percent": 18.9, "learning_rate": 0.00025, "loss_mean": 0.5, "n_updates": 0}, {"reward": 410, "eps": 0.7319, "len": 153, "time": 3173.91, "timesteps": 119225, "cpu_memory": 5.49, "cpu_percent": 18.9, "learning_rate": 0.00025, "loss_mean": 0.32, "n_updates": 0}, {"reward": 340, "eps": 0.7316, "len": 141, "time": 3177.7, "timesteps": 119366, "cpu_memory": 5.49, "cpu_percent": 18.9, "learning_rate": 0.00025, "loss_mean": 0.31, "n_updates": 0}, {"reward": 430, "eps": 0.7313, "len": 125, "time": 3181.15, "timesteps": 119491, "cpu_memory": 5.49, "cpu_percent": 18.9, "learning_rate": 0.00025, "loss_mean": 0.28, "n_updates": 0}]