[{"reward": 570, "eps": 0.1, "len": 142, "time": 28349.87, "timesteps": 969648, "cpu_memory": 11.93, "cpu_percent": 39.6, "learning_rate": 0.00025, "loss_mean": 0.21, "n_updates": 0}, {"reward": 770, "eps": 0.1, "len": 223, "time": 28356.44, "timesteps": 969871, "cpu_memory": 11.94, "cpu_percent": 39.6, "learning_rate": 0.00025, "loss_mean": 0.22, "n_updates": 0}, {"reward": 1660, "eps": 0.1, "len": 313, "time": 28366.09, "timesteps": 970184, "cpu_memory": 11.93, "cpu_percent": 39.5, "learning_rate": 0.00025, "loss_mean": 0.2, "n_updates": 0}, {"reward": 670, "eps": 0.1, "len": 208, "time": 28372.21, "timesteps": 970392, "cpu_memory": 11.93, "cpu_percent": 39.5, "learning_rate": 0.00025, "loss_mean": 0.2, "n_updates": 0}, {"reward": 1110, "eps": 0.1, "len": 280, "time": 28380.51, "timesteps": 970672, "cpu_memory": 11.94, "cpu_percent": 39.5, "learning_rate": 0.00025, "loss_mean": 0.21, "n_updates": 0}, {"reward": 1270, "eps": 0.1, "len": 244, "time": 28387.76, "timesteps": 970916, "cpu_memory": 11.94, "cpu_percent": 39.6, "learning_rate": 0.00025, "loss_mean": 0.2, "n_updates": 0}, {"reward": 640, "eps": 0.1, "len": 155, "time": 28392.26, "timesteps": 971071, "cpu_memory": 11.94, "cpu_percent": 39.6, "learning_rate": 0.00025, "loss_mean": 0.19, "n_updates": 0}, {"reward": 1110, "eps": 0.1, "len": 291, "time": 28400.81, "timesteps": 971362, "cpu_memory": 11.94, "cpu_percent": 39.6, "learning_rate": 0.00025, "loss_mean": 0.21, "n_updates": 0}, {"reward": 470, "eps": 0.1, "len": 140, "time": 28404.99, "timesteps": 971502, "cpu_memory": 11.94, "cpu_percent": 39.6, "learning_rate": 0.00025, "loss_mean": 0.22, "n_updates": 0}, {"reward": 830, "eps": 0.1, "len": 177, "time": 28410.22, "timesteps": 971679, "cpu_memory": 11.94, "cpu_percent": 39.6, "learning_rate": 0.00025, "loss_mean": 0.22, "n_updates": 0}, {"reward": 800, "eps": 0.1, "len": 203, "time": 28416.26, "timesteps": 971882, "cpu_memory": 11.95, "cpu_percent": 39.5, "learning_rate": 0.00025, "loss_mean": 0.2, "n_updates": 0}, {"reward": 1270, "eps": 0.1, "len": 279, "time": 28424.44, "timesteps": 972161, "cpu_memory": 11.95, "cpu_percent": 39.5, "learning_rate": 0.00025, "loss_mean": 0.2, "n_updates": 0}, {"reward": 1000, "eps": 0.1, "len": 226, "time": 28430.94, "timesteps": 972387, "cpu_memory": 11.95, "cpu_percent": 39.5, "learning_rate": 0.00025, "loss_mean": 0.2, "n_updates": 0}, {"reward": 880, "eps": 0.1, "len": 241, "time": 28437.95, "timesteps": 972628, "cpu_memory": 11.95, "cpu_percent": 39.5, "learning_rate": 0.00025, "loss_mean": 0.2, "n_updates": 0}, {"reward": 810, "eps": 0.1, "len": 176, "time": 28443.2, "timesteps": 972804, "cpu_memory": 11.95, "cpu_percent": 39.5, "learning_rate": 0.00025, "loss_mean": 0.2, "n_updates": 0}, {"reward": 630, "eps": 0.1, "len": 175, "time": 28448.4, "timesteps": 972979, "cpu_memory": 11.95, "cpu_percent": 39.5, "learning_rate": 0.00025, "loss_mean": 0.2, "n_updates": 0}, {"reward": 740, "eps": 0.1, "len": 155, "time": 28452.91, "timesteps": 973134, "cpu_memory": 11.96, "cpu_percent": 39.6, "learning_rate": 0.00025, "loss_mean": 0.21, "n_updates": 0}, {"reward": 840, "eps": 0.1, "len": 201, "time": 28458.78, "timesteps": 973335, "cpu_memory": 11.96, "cpu_percent": 39.6, "learning_rate": 0.00025, "loss_mean": 0.21, "n_updates": 0}, {"reward": 940, "eps": 0.1, "len": 203, "time": 28464.71, "timesteps": 973538, "cpu_memory": 11.96, "cpu_percent": 39.6, "learning_rate": 0.00025, "loss_mean": 0.2, "n_updates": 0}, {"reward": 740, "eps": 0.1, "len": 224, "time": 28471.28, "timesteps": 973762, "cpu_memory": 11.96, "cpu_percent": 39.6, "learning_rate": 0.00025, "loss_mean": 0.21, "n_updates": 0}, {"reward": 1370, "eps": 0.1, "len": 313, "time": 28480.59, "timesteps": 974075, "cpu_memory": 11.96, "cpu_percent": 39.6, "learning_rate": 0.00025, "loss_mean": 0.21, "n_updates": 0}, {"reward": 370, "eps": 0.1, "len": 102, "time": 28483.57, "timesteps": 974177, "cpu_memory": 11.96, "cpu_percent": 39.6, "learning_rate": 0.00025, "loss_mean": 0.22, "n_updates": 0}, {"reward": 650, "eps": 0.1, "len": 168, "time": 28488.51, "timesteps": 974345, "cpu_memory": 11.96, "cpu_percent": 39.6, "learning_rate": 0.00025, "loss_mean": 0.21, "n_updates": 0}, {"reward": 1370, "eps": 0.1, "len": 249, "time": 28495.76, "timesteps": 974594, "cpu_memory": 11.97, "cpu_percent": 39.7, "learning_rate": 0.00025, "loss_mean": 0.21, "n_updates": 0}, {"reward": 1090, "eps": 0.1, "len": 278, "time": 28503.8, "timesteps": 974872, "cpu_memory": 11.97, "cpu_percent": 39.7, "learning_rate": 0.00025, "loss_mean": 0.21, "n_updates": 0}, {"reward": 800, "eps": 0.1, "len": 172, "time": 28508.88, "timesteps": 975044, "cpu_memory": 11.97, "cpu_percent": 39.7, "learning_rate": 0.00025, "loss_mean": 0.22, "n_updates": 0}, {"reward": 1200, "eps": 0.1, "len": 285, "time": 28517.23, "timesteps": 975329, "cpu_memory": 11.97, "cpu_percent": 39.7, "learning_rate": 0.00025, "loss_mean": 0.22, "n_updates": 0}, {"reward": 790, "eps": 0.1, "len": 187, "time": 28522.67, "timesteps": 975516, "cpu_memory": 11.97, "cpu_percent": 39.7, "learning_rate": 0.00025, "loss_mean": 0.21, "n_updates": 0}, {"reward": 990, "eps": 0.1, "len": 223, "time": 28529.14, "timesteps": 975739, "cpu_memory": 11.98, "cpu_percent": 39.7, "learning_rate": 0.00025, "loss_mean": 0.21, "n_updates": 0}, {"reward": 1110, "eps": 0.1, "len": 232, "time": 28535.96, "timesteps": 975971, "cpu_memory": 11.98, "cpu_percent": 39.7, "learning_rate": 0.00025, "loss_mean": 0.2, "n_updates": 0}, {"reward": 670, "eps": 0.1, "len": 170, "time": 28541.07, "timesteps": 976141, "cpu_memory": 11.98, "cpu_percent": 39.7, "learning_rate": 0.00025, "loss_mean": 0.21, "n_updates": 0}, {"reward": 1080, "eps": 0.1, "len": 243, "time": 28548.2, "timesteps": 976384, "cpu_memory": 11.98, "cpu_percent": 39.7, "learning_rate": 0.00025, "loss_mean": 0.2, "n_updates": 0}, {"reward": 850, "eps": 0.1, "len": 191, "time": 28553.72, "timesteps": 976575, "cpu_memory": 11.98, "cpu_percent": 39.7, "learning_rate": 0.00025, "loss_mean": 0.2, "n_updates": 0}, {"reward": 560, "eps": 0.1, "len": 141, "time": 28557.82, "timesteps": 976716, "cpu_memory": 11.98, "cpu_percent": 39.7, "learning_rate": 0.00025, "loss_mean": 0.21, "n_updates": 0}, {"reward": 1020, "eps": 0.1, "len": 271, "time": 28565.89, "timesteps": 976987, "cpu_memory": 11.99, "cpu_percent": 39.7, "learning_rate": 0.00025, "loss_mean": 0.21, "n_updates": 0}, {"reward": 880, "eps": 0.1, "len": 192, "time": 28571.46, "timesteps": 977179, "cpu_memory": 11.99, "cpu_percent": 39.7, "learning_rate": 0.00025, "loss_mean": 0.22, "n_updates": 0}, {"reward": 1010, "eps": 0.1, "len": 221, "time": 28578.02, "timesteps": 977400, "cpu_memory": 11.99, "cpu_percent": 39.7, "learning_rate": 0.00025, "loss_mean": 0.2, "n_updates": 0}, {"reward": 1210, "eps": 0.1, "len": 260, "time": 28585.65, "timesteps": 977660, "cpu_memory": 11.99, "cpu_percent": 39.7, "learning_rate": 0.00025, "loss_mean": 0.21, "n_updates": 0}, {"reward": 1100, "eps": 0.1, "len": 245, "time": 28592.88, "timesteps": 977905, "cpu_memory": 11.99, "cpu_percent": 39.7, "learning_rate": 0.00025, "loss_mean": 0.21, "n_updates": 0}, {"reward": 1130, "eps": 0.1, "len": 225, "time": 28599.48, "timesteps": 978130, "cpu_memory": 11.99, "cpu_percent": 39.7, "learning_rate": 0.00025, "loss_mean": 0.21, "n_updates": 0}, {"reward": 940, "eps": 0.1, "len": 195, "time": 28605.31, "timesteps": 978325, "cpu_memory": 12.0, "cpu_percent": 39.8, "learning_rate": 0.00025, "loss_mean": 0.2, "n_updates": 0}, {"reward": 900, "eps": 0.1, "len": 228, "time": 28612.01, "timesteps": 978553, "cpu_memory": 12.0, "cpu_percent": 39.8, "learning_rate": 0.00025, "loss_mean": 0.21, "n_updates": 0}, {"reward": 1010, "eps": 0.1, "len": 216, "time": 28618.26, "timesteps": 978769, "cpu_memory": 12.0, "cpu_percent": 39.8, "learning_rate": 0.00025, "loss_mean": 0.21, "n_updates": 0}, {"reward": 450, "eps": 0.1, "len": 147, "time": 28622.58, "timesteps": 978916, "cpu_memory": 12.0, "cpu_percent": 39.8, "learning_rate": 0.00025, "loss_mean": 0.21, "n_updates": 0}, {"reward": 990, "eps": 0.1, "len": 206, "time": 28628.73, "timesteps": 979122, "cpu_memory": 12.0, "cpu_percent": 39.8, "learning_rate": 0.00025, "loss_mean": 0.22, "n_updates": 0}, {"reward": 1020, "eps": 0.1, "len": 232, "time": 28635.56, "timesteps": 979354, "cpu_memory": 12.0, "cpu_percent": 39.8, "learning_rate": 0.00025, "loss_mean": 0.21, "n_updates": 0}, {"reward": 500, "eps": 0.1, "len": 166, "time": 28640.4, "timesteps": 979520, "cpu_memory": 12.0, "cpu_percent": 39.8, "learning_rate": 0.00025, "loss_mean": 0.21, "n_updates": 0}, {"reward": 660, "eps": 0.1, "len": 163, "time": 28645.22, "timesteps": 979683, "cpu_memory": 12.01, "cpu_percent": 39.9, "learning_rate": 0.00025, "loss_mean": 0.22, "n_updates": 0}]